_BACKGROUND,0.0,1.0,2.0,3.0,4.0
A1CF,ADNP2,AHCTF1,AKR1A1,CTBP1,HDAC2
ABL1,C19orf25,CDC5L,ARG1,FOXN2,MDM2
ACAA1,CREB3,CERS3,CERS5,HBP1,ZNF821
ACO1,CREBL2,CNOT4,CYB5R1,IL21,MAX
ADARB1,CREBZF,DAZAP1,ELK3,NR5A2,HMBOX1
ADNP,DMRTC2,EHF,ETS2,POU2F3,SMAD2
ADNP2,DPRX,KDM2A,FOXO4,RAN,ACO1
AEBP2,EBF2,MBTPS2,FUBP1,SMAD3,NELFA
AGAP2,ENO1,NKX3-1,GTF2F1,TAF7,THAP12
AGMAT,EP300,RORC,IRX6,TBX22,SCX
AHCTF1,EZR,SFT2D1,MECP2,THRA,ZFP3
AHR,FEZF1,SMARCA1,MXD4,ZBTB2,ZNF681
AIRE,GMEB2,TAL2,NONO,ZNF766,BPTF
AKR1A1,HIC2,ZBTB45,NR1H2,ZNF79,KLF13
ALX3,IRF1,ZMAT4,PATZ1,YEATS4,ZNF195
ALX4,KLF3,ZNF12,POLE3,POLI,ZNF570
ANXA1,MAPK1,ZNF131,POLR2A,ZNF14,ZNF585B
ANXA11,MLXIPL,ZNF157,REL,ZNF175,ZNF714
APEX1,NFE2L1,ZNF304,SPR,ZNF543,WRNIP1
APEX2,PHF2,ZNF383,VDR,ZNF594,NCOR2
AR,PLAG1,ZNF454,ZBTB24,ZNF611,ZBTB11
ARG1,PRDM4,ZNF558,ZNF107,CENPB,ZNF281
ARG2,TBL1XR1,ZNF682,ZNF112,PPP2R3B,ZNF665
ARGFX,TCF24,ZNF692,ZNF236,SALL1,ZNF227
ARID3A,TP73,ZNF786,ZNF253,ZNF248,ZSCAN4
ARID3B,ZFP2,CLK1,ZNF394,ZNF30,DMRT2
ARID3C,ZFP62,DDX20,ZNF568,ZNF479,ZNF337
ARID5A,ZFP64,TFCP2L1,ZNF628,CREBZF,ACAA1
ARID5B,ZFP82,WRNIP1,ZNF771,HNRNPC,GMEB2
ARNT,ZKSCAN3,ZBTB1,ZNF91,KDM4D,KDM4B
ARNT2,ZKSCAN8,ZNF560,ZSCAN29,SOX15,KIF22
ARNTL,ZNF10,ZNF791,BCL6,TIMM44,NRL
ARNTL2,ZNF254,THRA,HES5,UTP18,TFAP2D
ARX,ZNF280D,ZFP82,HES6,ZNF317,ZBTB40
ASAP3,ZNF32,ZNF10,NFE2L2,ZNF425,ZNF214
ASCC1,ZNF367,ATF7,STAT1,ZNF582,ZNF546
ASCL1,ZNF415,KDM5A,ZKSCAN1,ZNF821,ZNF808
ASCL2,ZNF491,MXI1,ZNF444,CNOT3,ZBTB2
ASH2L,ZNF689,SMAD2,ZNF471,ENO1,ZNF711
ASPSCR1,ZNF789,SOHLH2,ZNF567,JUND,NRF1
ATF1,ZNF90,UBE2K,ZNF606,MXI1,FIZ1
ATF2,BRF1,LUZP1,ZNF823,POLD2,ZNF484
ATF3,NFKB1,PRDM15,HDAC2,ZBTB12,BRCA1
ATF4,NRF1,RAB18,HNRNPA0,ZNF431,FUBP1
ATF5,OVOL1,ZNF135,ZNF155,ZNF555,SOX21
ATF6,ZNF226,ZNF519,ZNF251,IRF3,ZBTB45
ATF6B,ZNF354B,ZNF586,ZNF507,MAX,ZNF100
ATF7,ZNF394,ZNF595,ZNF561,MXD4,ZNF527
ATOH7,ZNF430,ZNF787,KLF7,ZFY,ZNF639
ATOH8,ZNF44,ATF2,MAX,CPSF4,
Astro,ZNF48,DNMT1,NFKB1,CREB3,
BACH1,ZNF607,HESX1,UBE2K,KDM4C,
BACH2,ARNTL2,HNF4G,ZFP30,OTUD4,
BAD,DUXA,MNT,CNOT4,ZNF232,
BANP,STUB1,NKX2-2,ILF2,ZNF414,
BARX2,UTP18,PAX5,IRF1,ZNF589,
BATF,ZNF329,PHF21A,MXI1,YOD1,
BATF3,ZNF43,R3HDM2,CRTC2,ZNF561,
BAX,ZNF444,ZNF267,PHF2,ZNF823,
BBX,ZNF471,ZNF611,RFX3,DMRTA2,
BCL11A,HLTF,RFXAP,SMAD5,DMRTC2,
BCL11B,HOXD1,ZNF200,SP4,ING4,
BCL3,KDM2A,ZNF429,THRA,METTL14,
BCL6,RORB,ZNF44,ZNF224,SALL4,
BCL6B,SIN3A,ZNF583,ZNF33A,TCF24,
BCLAF1,SP1,ZNF720,ZNF432,ZNF408,
BDP1,TRIM28,CPSF4,ZNF549,ZNF432,
BHLHA15,ZNF266,GTF2I,CLOCK,ZIC5,
BHLHE22,ZNF790,HMGB1,MBD2,ZNF197,
BHLHE40,ZNF823,PAX3,NCOR1,ZSCAN20,
BHLHE41,NR0B1,PDCD11,NR1D1,ZNF770,
BNC1,POU6F2,SMAD5,POU3F2,ZNF808,
BNC2,PRDX5,TAF7,RFC3,ZNF92,
BOLL,ZNF429,ZBTB34,ZBTB41,STAT1,
BPTF,KDM4C,ZBTB41,ZNF280D,ZNF426,
BRCA1,KLF15,ZFP62,ZNF430,ZXDB,
BRF1,MAX,ZNF207,KLF13,E2F5,
BRF2,MEF2D,STAT2,MXD3,SKOR1,
BSX,NFE2L2,ZNF623,THAP12,STAT5B,
C19orf25,PIK3C3,ZNF671,ZNF319,TERF2,
CANX,ZBTB2,OTUD4,ZNF486,AHCTF1,
CARF,ZNF239,TRIM69,BBX,NCOR2,
CBFB,ZNF418,ZNF317,SREBF2,ONECUT2,
CBX7,ZNF454,ZNF492,ZNF254,PRKAA1,
CCDC169-SOHLH2,ZNF501,DUX4,ZNF362,TP53,
CCDC25,ZNF578,E2F5,ZNF79,ZSCAN18,
CCNT2,ZNF674,ETV2,HBP1,CHD2,
CD59,ZNF678,GAR1,RPS4X,ZNF107,
CDC5L,CERS4,KDM2B,SP7,ZNF780B,
CDX1,DNMT3A,POU3F1,ZFP62,GATA1,
CEBPA,MRPS25,PPARA,ZNF726,HLTF,
CEBPB,MYPOP,PUM3,ZSCAN4,HNRNPA0,
CEBPD,PRKAA2,SCRT1,CENPB,R3HDM2,
CEBPG,RFXAP,TAF1A,CHD2,TBL1XR1,
CEBPZ,SMAD2,TBP,KDM2A,TCEAL6,
CELF5,SRP9,UBTF,MZF1,ZFP1,
CENPB,STAT3,ZNF124,SOX12,ZFP14,
CERS2,TCEAL2,ZNF253,STAT3,ZNF208,
CERS3,ZBTB4,ZNF525,ZFP14,ZNF382,
CERS4,ZBTB49,ZNF578,ZNF141,ZNF782,
CERS5,ZNF138,ZNF749,ZNF32,ZNF835,
CERS6,ZNF333,ZNF777,ZNF436,ZSCAN16,
CFL2,ZNF358,ZNF778,ZNF624,ZSCAN4,
CHD1,ZNF654,ZNF823,KDM5D,CERS4,
CHD2,ZNF787,FOXO1,MEF2C,POU2F1,
CHURC1,MIEF1,ZBTB11,NF1,ZNF41,
CIC,MTF1,ZNF256,RAB18,ZNF716,
CKMT1B,RAB18,ZNF527,RARB,CDX1,
CLK1,ZNF143,ZNF589,SPATS2,ELK3,
CLOCK,ZNF175,CREBL2,STAT2,HOXD1,
CNOT3,ZNF502,ELF2,TCEAL6,POLE3,
CNOT4,ZNF568,FOXO3,UBB,TPI1,
CNOT6,ZNF569,HMG20B,YBX1,VPS72,
CPEB1,ZNF597,MBD2,ZFP2,ZNF12,
CPSF4,ZNF784,UTP18,ZFP37,ZNF226,
CPTP,FOXO3,ZIC4,ZNF101,ZNF287,
CREB1,POU3F2,ZNF99,ZNF148,ZNF451,
CREB3,ZNF16,MECP2,ZNF250,ZNF711,
CREB3L1,ZNF845,NCOR1,ZNF584,ZNF720,
CREB3L2,ATF6B,PLAGL2,ZNF611,ZNF771,
CREB3L4,FANK1,ZNF493,ZNF75D,BATF,
CREB5,PPARD,ZNF721,ZSCAN1,FOXD2,
CREBL2,SSRP1,FOXP4,ZSCAN12,GIT2,
CREBZF,ZBTB41,NMRAL1,ACAA1,HIVEP2,
CREM,ZNF132,PRKAA1,CDC5L,HNF1A,
CRTC2,ZNF195,RB1,GABPA,LMX1B,
CRX,ZNF398,ZBTB14,ID2,RLF,
CSTF2,ZNF529,ZNF510,TGIF1,SMAD5,
CTBP1,ZNF611,ZNF639,ZNF441,TBX10,
CTCF,ZZZ3,ZNF782,ZNF555,TCF7L1,
CTCFL,BCL6,ZNF853,ZNF572,ZBTB18,
CTNNB1,HMX1,DTL,ATF6B,ZNF322,
CUX1,HOMEZ,NFAT5,CHURC1,ZNF445,
CUX2,POLR3G,ZNF672,EWSR1,ZNF529,
CXXC1,TSN,IKZF4,ZNF134,ZNF639,
CYB5R1,ZNF207,IRF1,GRHL3,ZNF75D,
DAB2,ZXDB,SRBD1,GTF2B,ZNF814,
DAZAP1,CENPB,ZFP14,SOCS4,ZNF83,
DBP,IRX2,ZFP57,TCF15,ZNF845,
DBX2,KLF17,ZNF227,ZNF175,FOXJ3,
DDIT3,MEIS3,ZNF251,ZNF334,RNF114,
DDX20,NAGS,ZNF322,CERS4,VAX2,
DDX4,PDCD11,ZNF542P,ZNF782,ZBTB22,
DDX43,PKNOX1,ZNF805,FBXL19,ZNF517,
DEAF1,SMC3,ZSCAN29,POLI,ZNF669,
DGCR8,ZFP69,ASPSCR1,PRDM15,DAZAP1,
DHX36,ZNF260,ATOH8,R3HDM2,GLI4,
DIS3,ZNF335,CIC,ZNF30,GTF3C5,
DLX1,ZNF362,CPEB1,ZNF425,LARP1,
DLX2,ZNF397,DNMT3A,ZNF76,SUCLG1,
DLX4,ZNF449,EN2,ZSCAN26,ZFP90,
DLX5,ZNF492,FUBP1,ATF7,ZNF112,
DLX6,ZNF562,GRHPR,FOXJ3,ZNF430,
DMAP1,ZNF792,HES2,IRF3,ZNF501,
DMBX1,ZNF891,IRX4,MXD1,ZNF580,
DMC1,ATF2,KDM5D,NFE2L1,ZNF684,
DMRT1,GATA1,MTF1,NFIC,ZNF91,
DMRT2,HSF4,NF1,RBM7,ZSCAN10,
DMRT3,NR5A2,POU2F1,CLK1,BPTF,
DMRTA1,ZNF350,RBM3,HINFP,HMBOX1,
DMRTA2,ZNF486,TBX1,MRPS25,MXD3,
DMRTC2,ZNF530,ZNF28,NMI,ONECUT1,
DNAJC21,ZSCAN22,ZNF337,NR0B1,ZNF394,
DNMT1,CARF,ZNF408,NRF1,EHF,
DNMT3A,ONECUT2,ZNF479,ZBTB42,FIGLA,
DNTTIP1,ZSCAN20,ZNF501,ZNF284,ZNF491,
DPF1,ZSCAN23,ZNF541,ZNF778,ZNF648,
DPRX,AKR1A1,ZNF555,ADNP,ZNF732,
DR1,BPTF,ZNF557,CFL2,,
DRGX,NFATC2,ZNF630,EHF,,
DTL,PUM3,ZNF654,FOXB1,,
DUS3L,ZKSCAN1,ZNF66,PIK3C3,,
DUSP26,GTF2A1,ZNF77,SCMH1,,
DUX4,HINFP,ZNF785,SMARCA1,,
DUXA,HMGB1,ZNF91,ZNF202,,
E2F1,MBTPS2,ZNF98,ZNF3,,
E2F2,NFYB,ATOH7,ZNF415,,
E2F3,PURA,BCLAF1,ZNF529,,
E2F4,CHD2,CNOT6,ZNF582,,
E2F5,EHF,PIK3C3,ZNF671,,
E2F6,KDM2B,TEAD3,ELF5,,
E2F7,NFAT5,ZBTB44,FOXD4,,
E2F8,ONECUT3,ZNF284,JUND,,
E4F1,POLR2A,ZNF316,MEF2D,,
EBF1,ZFP1,ZNF681,NRL,,
EBF2,ZNF786,EWSR1,PAX3,,
EBF3,ARNT,FOXD4L5,RBPJL,,
EBF4,GMEB1,HEY2,TCF12,,
ECSIT,GRHL2,LHX4,TEF,,
EDN1,HES6,NUCB1,TPI1,,
EGR1,SOX10,PITX1,TRPS1,,
EGR2,TCF7,RBBP9,XRCC1,,
EGR3,ZNF101,SIX5,ZBTB17,,
EGR4,ZNF490,ZNF257,ZCCHC17,,
EHF,ZNF589,ZNF33A,ZNF117,,
ELF1,ZNF613,ZNF410,ZNF35,,
ELF2,ZNF853,ZNF43,ZNF586,,
ELF3,SLC18A1,ZNF524,ZNF594,,
ELF4,SNAPC4,ZNF658B,ZNF675,,
ELF5,TAL1,ZNF717,ZSCAN22,,
ELK1,TBX20,ZNF746,CIC,,
ELK3,THRA,ASCL2,MAP4K2,,
ELK4,ZFY,BRF2,PRDX5,,
EMX1,ZNF461,DMAP1,RFX6,,
EMX2,ZNF540,EGR3,SFPQ,,
EN2,ZNF573,EMX1,ZNF266,,
ENO1,BHLHE22,FOXD4,ZNF282,,
EN_L2_3_IT,CUX2,FOXD4L6,ZNF445,,
EN_L3_5_IT_1,CXXC1,GADD45A,ZNF692,,
EN_L3_5_IT_2,DLX4,HIC1,ZNF699,,
EN_L3_5_IT_3,GIT2,HNF1B,ABL1,,
EN_L5_6_NP,GZF1,HOXC4,BANP,,
EN_L5_ET,INSM2,IL24,CPSF4,,
EN_L6B,MEF2C,LARP1,CREBZF,,
EN_L6_CT,MYCN,MIEF1,CSTF2,,
EN_L6_IT_1,NUP133,MSC,FOXD4L5,,
EN_L6_IT_2,OTX1,MXD3,GLIS2,,
EOMES,PHF21A,NELFA,METTL3,,
EP300,RAB14,NELFB,MTA3,,
EPAS1,RORC,ONECUT2,MYBL2,,
ERG,SALL2,POLE3,NOTO,,
ESR1,SMAD1,PPP2R3B,PRDM9,,
ESR2,THAP12,PRDM6,RUNX3,,
ESRRA,TMEM33,SIX3,RXRA,,
ESRRB,ZMAT2,TPI1,SF3B1,,
ESRRG,ZNF100,ZFP1,TFAP2C,,
ETS1,ZNF224,ZFP28,UQCRB,,
ETS2,ZNF234,ZFP90,ZBTB1,,
ETV1,ZNF256,ZNF107,ZBTB43,,
ETV2,ZNF483,ZNF140,ZFY,,
ETV3,ZNF580,ZNF182,ZKSCAN7,,
ETV4,ZNF679,ZNF224,ZNF219,,
ETV5,ZNF705G,ZNF232,ZNF226,,
ETV6,ACAA1,ZNF24,ZNF234,,
ETV7,ASCC1,ZNF35,ZNF354A,,
EWSR1,FOXJ3,ZNF358,ZNF41,,
EZH2,GRHL1,ZNF397,ZNF454,,
EZR,GTF2F1,ZNF470,ZNF615,,
Endo,KDM5A,ZNF491,ZNF768,,
FAAP24,NKX2-2,ZNF502,ZNF775,,
FANK1,NNT,ZNF567,ZXDB,,
FBXL19,NR3C1,ZNF594,ADNP2,,
FEZ1,PATZ1,ZNF667,BDP1,,
FEZF1,PRDM14,ZNF846,HSF4,,
FEZF2,SMUG1,ZSCAN5A,LSM6,,
FHL2,SP7,GLIS1,NXPH3,,
FIGLA,TWIST2,NANOG,PRDM11,,
FIZ1,YY1,NRF1,RFX2,,
FLI1,ZNF182,RXRB,SMAD1,,
FOS,ZNF219,SMC3,SNAPC5,,
FOSB,ZNF317,ZBTB48,TRMO,,
FOSL1,ZNF438,ZFP64,ZNF735,,
FOSL2,ZNF440,ZNF230,ATF4,,
FOXA3,ZNF513,ZNF275,GTF2IRD1,,
FOXB1,ZNF615,ZNF433,IL21,,
FOXC1,ZNF740,ZNF561,LMX1B,,
FOXC2,CCDC25,ARID5B,OVOL3,,
FOXD1,CEBPZ,ASAP3,PBX2,,
FOXD2,CERS2,CREB3L4,POLE4,,
FOXD4,E2F4,DMRT2,PURA,,
FOXD4L1,ECSIT,HLTF,SALL2,,
FOXD4L3,MXD1,HMBOX1,SSRP1,,
FOXD4L5,NHLH2,HSPA1L,TBX10,,
FOXD4L6,THOC2,ILF2,ZFP1,,
FOXF1,ZNF280B,LBX2,ZNF180,,
FOXF2,ZNF345,NFE2,ZNF274,,
FOXH1,ZNF35,NFE2L3,ZNF845,,
FOXJ1,ZNF521,RHOXF2,ZNF93,,
FOXJ2,ZNF526,SOX8,ZSCAN21,,
FOXJ3,ZNF527,SP7,ZSCAN31,,
FOXK1,ZNF74,THAP1,BACH2,,
FOXK2,ZNF85,THAP11,FAAP24,,
FOXL1,ARGFX,ZNF100,MBD1,,
FOXL2,ATOH7,ZNF101,MEIS1,,
FOXM1,CREB3L4,ZNF141,PGAM2,,
FOXN2,EBF4,ZNF404,SCX,,
FOXN3,FAAP24,ZNF486,STAU2,,
FOXN4,FIZ1,ZNF761,XPA,,
FOXO1,FOXB1,ZSCAN30,ZNF331,,
FOXO3,FOXP1,ANXA11,ZNF382,,
FOXO4,GBX1,ATF5,ZNF639,,
FOXO6,GTF2I,GRHL2,ZNF674,,
FOXP1,GTF3A,IRX6,ZNF70,,
FOXP2,HMGB3,KDM4D,ZSCAN9,,
FOXP3,INSM1,MGA,BNC1,,
FOXP4,KDM4D,NKX6-3,NKX6-2,,
FOXQ1,MEX3C,SMAD4,RBM3,,
FOXR1,NKX2-8,SMARCA5,TFAP2D,,
FOXS1,NR1I3,SP4,TLX2,,
FUBP1,OTUD4,TCFL5,ZFP28,,
GABPA,OVOL3,TFAP2E,ZFP42,,
GABPB1,PPP1R10,ZNF155,ZFP90,,
GADD45A,RARG,ZNF687,ZNF208,,
GAR1,RFXANK,ZNF784,ZNF25,,
GATA1,RPS6KA5,FOXK1,ZNF429,,
GATA2,SALL1,HLCS,ZNF45,,
GATA3,SIX1,METTL14,,,
GATA4,SIX4,NOC2L,,,
GATA6,SMAD9,SSRP1,,,
GBX1,SOX15,TAF1L,,,
GCM1,TBX1,ZNF2,,,
GCM2,TPPP,ZNF32,,,
GFI1,VSX2,ZNF335,,,
GFI1B,ZNF230,ZNF341,,,
GIT2,ZNF236,,,,
GLI1,ZNF263,,,,
GLI2,ZNF267,,,,
GLI3,ZNF275,,,,
GLI4,ZNF319,,,,
GLIS1,ZNF382,,,,
GLIS2,ZNF407,,,,
GLIS3,ZNF426,,,,
GLYCTK,ZNF587,,,,
GMEB1,ZNF592,,,,
GMEB2,ZNF665,,,,
GRHL1,ZNF676,,,,
GRHL2,ZNF682,,,,
GRHL3,ZNF718,,,,
GRHPR,ZNF776,,,,
GTF2A1,CIC,,,,
GTF2A2,DMRTA2,,,,
GTF2B,NR1H2,,,,
GTF2F1,RBM8A,,,,
GTF2I,RPS4X,,,,
GTF2IRD1,SMARCA1,,,,
GTF3A,SOX8,,,,
GTF3C2,SP110,,,,
GTF3C5,SSBP3,,,,
GTPBP6,TFCP2,,,,
GZF1,UBXN1,,,,
HBP1,VPS72,,,,
HCFC1,ZNF484,,,,
HCFC2,ZNF668,,,,
HCLS1,ZNF730,,,,
HDAC1,ZNF837,,,,
HDAC2,CERS5,,,,
HDX,CNOT3,,,,
HES1,CPSF4,,,,
HES2,EMX2,,,,
HES4,HHEX,,,,
HES5,HLF,,,,
HES6,KLF8,,,,
HES7,POU1F1,,,,
HESX1,PRDM15,,,,
HEY1,STAT5B,,,,
HEY2,VEZF1,,,,
HEYL,ZBTB18,,,,
HHAT,ZIC5,,,,
HHEX,ZKSCAN7,,,,
HIC1,ZNF30,,,,
HIC2,ZNF354C,,,,
HIF1A,ZNF595,,,,
HIF3A,ZNF717,,,,
HINFP,ZNF77,,,,
HIVEP1,ZNF79,,,,
HIVEP2,ZNF821,,,,
HIVEP3,ZNF83,,,,
HLCS,ATF6,,,,
HLF,ATF7,,,,
HLTF,BARX2,,,,
HLX,BBX,,,,
HMBOX1,HOXC4,,,,
HMG20A,ILF2,,,,
HMG20B,LTF,,,,
HMGA1,SMARCC1,,,,
HMGA2,SPIB,,,,
HMGB1,ZNF519,,,,
HMGB2,ZNF675,,,,
HMGB3,DGCR8,,,,
HMGB4,KDM4B,,,,
HMX1,MBD1,,,,
HNF1A,PGAM2,,,,
HNF1B,POU2F1,,,,
HNF4A,PRDM9,,,,
HNF4G,SIRT6,,,,
HNRNPA0,U2AF1,,,,
HNRNPC,ZNF235,,,,
HNRNPH3,ZNF331,,,,
HOMEZ,ZNF433,,,,
HOXB3,ZNF436,,,,
HOXC4,ZNF510,,,,
HOXD1,ZNF622,,,,
HOXD3,,,,,
HP1BP3,,,,,
HSF1,,,,,
HSF2,,,,,
HSF4,,,,,
HSF5,,,,,
HSFY2,,,,,
HSPA1L,,,,,
HSPA5,,,,,
ID1,,,,,
ID2,,,,,
ID4,,,,,
IKZF1,,,,,
IKZF2,,,,,
IKZF3,,,,,
IKZF4,,,,,
IKZF5,,,,,
IL21,,,,,
IL24,,,,,
ILF2,,,,,
ING3,,,,,
ING4,,,,,
INSM1,,,,,
INSM2,,,,,
IN_ADARB2,,,,,
IN_LAMP5_LHX6,,,,,
IN_LAMP5_RELN,,,,,
IN_PVALB,,,,,
IN_PVALB_CHC,,,,,
IN_SST,,,,,
IN_VIP,,,,,
IRF1,,,,,
IRF2,,,,,
IRF3,,,,,
IRF4,,,,,
IRF5,,,,,
IRF6,,,,,
IRF7,,,,,
IRF8,,,,,
IRF9,,,,,
IRX2,,,,,
IRX4,,,,,
IRX6,,,,,
ISL2,,,,,
Immune,,,,,
JAZF1,,,,,
JDP2,,,,,
JUN,,,,,
JUNB,,,,,
JUND,,,,,
KCNIP1,,,,,
KDM2A,,,,,
KDM2B,,,,,
KDM4B,,,,,
KDM4C,,,,,
KDM4D,,,,,
KDM5A,,,,,
KDM5D,,,,,
KDM7A,,,,,
KIF22,,,,,
KLF10,,,,,
KLF11,,,,,
KLF12,,,,,
KLF13,,,,,
KLF15,,,,,
KLF16,,,,,
KLF17,,,,,
KLF2,,,,,
KLF3,,,,,
KLF4,,,,,
KLF5,,,,,
KLF6,,,,,
KLF7,,,,,
KLF8,,,,,
KLF9,,,,,
KLRG1,,,,,
KMT2A,,,,,
LARP1,,,,,
LARP4,,,,,
LAS1L,,,,,
LBX2,,,,,
LCORL,,,,,
LEF1,,,,,
LHX1,,,,,
LHX2,,,,,
LHX4,,,,,
LHX6,,,,,
LIN28A,,,,,
LMO2,,,,,
LMX1A,,,,,
LMX1B,,,,,
LRRFIP1,,,,,
LSM6,,,,,
LTF,,,,,
LUZP1,,,,,
LUZP2,,,,,
LYL1,,,,,
MAF,,,,,
MAFB,,,,,
MAFF,,,,,
MAFG,,,,,
MAFK,,,,,
MAP4K2,,,,,
MAPK1,,,,,
MAX,,,,,
MAZ,,,,,
MBD1,,,,,
MBD2,,,,,
MBNL2,,,,,
MBTPS2,,,,,
MCTP2,,,,,
MDM2,,,,,
MECOM,,,,,
MECP2,,,,,
MEF2A,,,,,
MEF2C,,,,,
MEF2D,,,,,
MEIS1,,,,,
MEIS2,,,,,
MEIS3,,,,,
MEOX1,,,,,
MEOX2,,,,,
MESP1,,,,,
MESP2,,,,,
METTL14,,,,,
METTL3,,,,,
MEX3C,,,,,
MGA,,,,,
MIEF1,,,,,
MIOS,,,,,
MITF,,,,,
MIXL1,,,,,
MKX,,,,,
MLX,,,,,
MLXIP,,,,,
MLXIPL,,,,,
MNT,,,,,
MNX1,,,,,
MORN1,,,,,
MRPL2,,,,,
MRPS25,,,,,
MSC,,,,,
MSI2,,,,,
MSRA,,,,,
MSRB3,,,,,
MSX1,,,,,
MSX2,,,,,
MTA3,,,,,
MTERF1,,,,,
MTF1,,,,,
MTHFD1,,,,,
MXD1,,,,,
MXD3,,,,,
MXD4,,,,,
MXI1,,,,,
MYB,,,,,
MYBL1,,,,,
MYBL2,,,,,
MYC,,,,,
MYCL,,,,,
MYCN,,,,,
MYEF2,,,,,
MYLK,,,,,
MYNN,,,,,
MYOG,,,,,
MYPOP,,,,,
MZF1,,,,,
Micro,,,,,
NAGS,,,,,
NANOG,,,,,
NANOGP8,,,,,
NCBP2,,,,,
NCOR1,,,,,
NCOR2,,,,,
NELFA,,,,,
NELFB,,,,,
NEUROD2,,,,,
NF1,,,,,
NFAT5,,,,,
NFATC1,,,,,
NFATC2,,,,,
NFATC3,,,,,
NFATC4,,,,,
NFE2,,,,,
NFE2L1,,,,,
NFE2L2,,,,,
NFE2L3,,,,,
NFE4,,,,,
NFIA,,,,,
NFIB,,,,,
NFIC,,,,,
NFIL3,,,,,
NFIX,,,,,
NFKB1,,,,,
NFKB2,,,,,
NFYA,,,,,
NFYB,,,,,
NFYC,,,,,
NHLH1,,,,,
NHLH2,,,,,
NKX1-2,,,,,
NKX2-2,,,,,
NKX2-8,,,,,
NKX3-1,,,,,
NKX6-1,,,,,
NKX6-2,,,,,
NKX6-3,,,,,
NMI,,,,,
NMRAL1,,,,,
NNT,,,,,
NOBOX,,,,,
NOC2L,,,,,
NONO,,,,,
NOTO,,,,,
NPAS2,,,,,
NPAS4,,,,,
NPDC1,,,,,
NR0B1,,,,,
NR1D1,,,,,
NR1D2,,,,,
NR1H2,,,,,
NR1H3,,,,,
NR1H4,,,,,
NR1I2,,,,,
NR1I3,,,,,
NR2C1,,,,,
NR2C2,,,,,
NR2E1,,,,,
NR2E3,,,,,
NR2F1,,,,,
NR2F2,,,,,
NR2F6,,,,,
NR3C1,,,,,
NR3C2,,,,,
NR4A1,,,,,
NR4A2,,,,,
NR4A3,,,,,
NR5A1,,,,,
NR5A2,,,,,
NR6A1,,,,,
NRF1,,,,,
NRL,,,,,
NUCB1,,,,,
NUP107,,,,,
NUP133,,,,,
NXPH3,,,,,
OLIG1,,,,,
OLIG2,,,,,
ONECUT1,,,,,
ONECUT2,,,,,
ONECUT3,,,,,
OPC,,,,,
OSR1,,,,,
OTP,,,,,
OTUD4,,,,,
OTX1,,,,,
OVOL1,,,,,
OVOL2,,,,,
OVOL3,,,,,
Oligo,,,,,
PARP1,,,,,
PATZ1,,,,,
PAX2,,,,,
PAX3,,,,,
PAX5,,,,,
PAX6,,,,,
PAX7,,,,,
PAX8,,,,,
PAXIP1,,,,,
PBX1,,,,,
PBX2,,,,,
PBX3,,,,,
PBX4,,,,,
PC,,,,,
PDCD11,,,,,
PDLIM5,,,,,
PGAM2,,,,,
PGR,,,,,
PHF2,,,,,
PHF21A,,,,,
PHF8,,,,,
PHLDA2,,,,,
PHTF1,,,,,
PIK3C3,,,,,
PITX1,,,,,
PITX3,,,,,
PKM,,,,,
PKNOX1,,,,,
PKNOX2,,,,,
PLAG1,,,,,
PLAGL1,,,,,
PLAGL2,,,,,
PLG,,,,,
PML,,,,,
POLD2,,,,,
POLE3,,,,,
POLE4,,,,,
POLI,,,,,
POLR2A,,,,,
POLR3A,,,,,
POLR3G,,,,,
POU1F1,,,,,
POU2AF1,,,,,
POU2F1,,,,,
POU2F2,,,,,
POU2F3,,,,,
POU3F1,,,,,
POU3F2,,,,,
POU3F4,,,,,
POU4F1,,,,,
POU5F1,,,,,
POU6F1,,,,,
POU6F2,,,,,
PPARA,,,,,
PPARD,,,,,
PPARG,,,,,
PPARGC1A,,,,,
PPP1R10,,,,,
PPP2R3B,,,,,
PPP5C,,,,,
PRDM1,,,,,
PRDM10,,,,,
PRDM11,,,,,
PRDM14,,,,,
PRDM15,,,,,
PRDM16,,,,,
PRDM4,,,,,
PRDM5,,,,,
PRDM6,,,,,
PRDM7,,,,,
PRDM9,,,,,
PRDX5,,,,,
PRKAA1,,,,,
PRKAA2,,,,,
PRNP,,,,,
PROP1,,,,,
PROX1,,,,,
PRRX1,,,,,
PRRX2,,,,,
PSMD12,,,,,
PTCD1,,,,,
PTF1A,,,,,
PUM3,,,,,
PURA,,,,,
PVM,,,,,
R3HDM2,,,,,
RAB14,,,,,
RAB18,,,,,
RAB7A,,,,,
RAD21,,,,,
RAN,,,,,
RARA,,,,,
RARB,,,,,
RARG,,,,,
RAX2,,,,,
RB1,,,,,
RBBP5,,,,,
RBBP9,,,,,
RBFOX2,,,,,
RBM17,,,,,
RBM22,,,,,
RBM3,,,,,
RBM42,,,,,
RBM7,,,,,
RBM8A,,,,,
RBMS1,,,,,
RBPJ,,,,,
RBPJL,,,,,
RCOR1,,,,,
REL,,,,,
RELA,,,,,
RELB,,,,,
REST,,,,,
RFC3,,,,,
RFX1,,,,,
RFX2,,,,,
RFX3,,,,,
RFX4,,,,,
RFX5,,,,,
RFX6,,,,,
RFX7,,,,,
RFX8,,,,,
RFXANK,,,,,
RFXAP,,,,,
RHOXF1,,,,,
RHOXF2,,,,,
RIOK2,,,,,
RLF,,,,,
RNF114,,,,,
RORA,,,,,
RORB,,,,,
RORC,,,,,
RPL6,,,,,
RPP25,,,,,
RPS4X,,,,,
RPS6KA5,,,,,
RREB1,,,,,
RUNX1,,,,,
RUNX2,,,,,
RUNX3,,,,,
RUVBL1,,,,,
RXRA,,,,,
RXRB,,,,,
RXRG,,,,,
SALL1,,,,,
SALL2,,,,,
SALL3,,,,,
SALL4,,,,,
SATB1,,,,,
SCAND2P,,,,,
SCMH1,,,,,
SCRT1,,,,,
SCX,,,,,
SETBP1,,,,,
SETDB1,,,,,
SF1,,,,,
SF3B1,,,,,
SFPQ,,,,,
SFT2D1,,,,,
SHOX,,,,,
SIM1,,,,,
SIM2,,,,,
SIN3A,,,,,
SIRT6,,,,,
SIX1,,,,,
SIX3,,,,,
SIX4,,,,,
SIX5,,,,,
SKOR1,,,,,
SKOR2,,,,,
SLC18A1,,,,,
SMAD1,,,,,
SMAD2,,,,,
SMAD3,,,,,
SMAD4,,,,,
SMAD5,,,,,
SMAD6,,,,,
SMAD7,,,,,
SMAD9,,,,,
SMAP2,,,,,
SMARCA1,,,,,
SMARCA5,,,,,
SMARCC1,,,,,
SMC,,,,,
SMC3,,,,,
SMUG1,,,,,
SNAI1,,,,,
SNAI2,,,,,
SNAI3,,,,,
SNAPC4,,,,,
SNAPC5,,,,,
SND1,,,,,
SNRNP70,,,,,
SNRPB2,,,,,
SOCS4,,,,,
SOHLH2,,,,,
SOX10,,,,,
SOX11,,,,,
SOX12,,,,,
SOX13,,,,,
SOX15,,,,,
SOX17,,,,,
SOX18,,,,,
SOX21,,,,,
SOX3,,,,,
SOX30,,,,,
SOX4,,,,,
SOX5,,,,,
SOX6,,,,,
SOX7,,,,,
SOX8,,,,,
SOX9,,,,,
SP1,,,,,
SP100,,,,,
SP110,,,,,
SP2,,,,,
SP3,,,,,
SP4,,,,,
SP5,,,,,
SP6,,,,,
SP7,,,,,
SP8,,,,,
SP9,,,,,
SPAG7,,,,,
SPATS2,,,,,
SPDEF,,,,,
SPI1,,,,,
SPIB,,,,,
SPIC,,,,,
SPR,,,,,
SRBD1,,,,,
SREBF1,,,,,
SREBF2,,,,,
SRF,,,,,
SRP9,,,,,
SRRM3,,,,,
SSBP3,,,,,
SSRP1,,,,,
STAT1,,,,,
STAT2,,,,,
STAT3,,,,,
STAT4,,,,,
STAT5A,,,,,
STAT5B,,,,,
STAT6,,,,,
STAU2,,,,,
STUB1,,,,,
SUCLG1,,,,,
TAF1,,,,,
TAF1A,,,,,
TAF1L,,,,,
TAF7,,,,,
TAGLN2,,,,,
TAL1,,,,,
TAL2,,,,,
TBL1XR1,,,,,
TBP,,,,,
TBPL1,,,,,
TBPL2,,,,,
TBR1,,,,,
TBX1,,,,,
TBX10,,,,,
TBX15,,,,,
TBX18,,,,,
TBX19,,,,,
TBX2,,,,,
TBX20,,,,,
TBX21,,,,,
TBX22,,,,,
TBX3,,,,,
TBX5,,,,,
TBX6,,,,,
TCEAL2,,,,,
TCEAL6,,,,,
TCF12,,,,,
TCF15,,,,,
TCF23,,,,,
TCF24,,,,,
TCF3,,,,,
TCF4,,,,,
TCF7,,,,,
TCF7L1,,,,,
TCF7L2,,,,,
TCFL5,,,,,
TEAD1,,,,,
TEAD2,,,,,
TEAD3,,,,,
TEAD4,,,,,
TEF,,,,,
TERF1,,,,,
TERF2,,,,,
TET1,,,,,
TFAM,,,,,
TFAP2A,,,,,
TFAP2C,,,,,
TFAP2D,,,,,
TFAP2E,,,,,
TFAP4,,,,,
TFCP2,,,,,
TFCP2L1,,,,,
TFDP1,,,,,
TFDP2,,,,,
TFE3,,,,,
TFEB,,,,,
TFEC,,,,,
TGIF1,,,,,
THAP1,,,,,
THAP11,,,,,
THAP12,,,,,
THOC2,,,,,
THRA,,,,,
THRB,,,,,
TIA1,,,,,
TIMELESS,,,,,
TIMM44,,,,,
TIMM8A,,,,,
TLX2,,,,,
TMEM33,,,,,
TOB2,,,,,
TP53,,,,,
TP63,,,,,
TP73,,,,,
TPI1,,,,,
TPPP,,,,,
TRAF4,,,,,
TRIM21,,,,,
TRIM28,,,,,
TRIM69,,,,,
TRIP10,,,,,
TRMO,,,,,
TRMT1,,,,,
TRPS1,,,,,
TSN,,,,,
TULP1,,,,,
TWIST1,,,,,
TWIST2,,,,,
U2AF1,,,,,
UBB,,,,,
UBE2K,,,,,
UBP1,,,,,
UBTF,,,,,
UBXN1,,,,,
UQCRB,,,,,
USF1,,,,,
USF2,,,,,
USP39,,,,,
UTP18,,,,,
VAMP3,,,,,
VAX1,,,,,
VAX2,,,,,
VDR,,,,,
VENTX,,,,,
VEZF1,,,,,
VLMC,,,,,
VPS72,,,,,
VSX1,,,,,
VSX2,,,,,
WRNIP1,,,,,
WT1,,,,,
XBP1,,,,,
XPA,,,,,
XRCC1,,,,,
YBX1,,,,,
YEATS4,,,,,
YOD1,,,,,
YY1,,,,,
ZBTB1,,,,,
ZBTB11,,,,,
ZBTB12,,,,,
ZBTB14,,,,,
ZBTB16,,,,,
ZBTB17,,,,,
ZBTB18,,,,,
ZBTB2,,,,,
ZBTB20,,,,,
ZBTB22,,,,,
ZBTB24,,,,,
ZBTB25,,,,,
ZBTB26,,,,,
ZBTB33,,,,,
ZBTB34,,,,,
ZBTB37,,,,,
ZBTB39,,,,,
ZBTB4,,,,,
ZBTB40,,,,,
ZBTB41,,,,,
ZBTB42,,,,,
ZBTB43,,,,,
ZBTB44,,,,,
ZBTB45,,,,,
ZBTB46,,,,,
ZBTB47,,,,,
ZBTB48,,,,,
ZBTB49,,,,,
ZBTB5,,,,,
ZBTB6,,,,,
ZBTB7A,,,,,
ZBTB7B,,,,,
ZBTB7C,,,,,
ZC3H7A,,,,,
ZCCHC14,,,,,
ZCCHC17,,,,,
ZDHHC15,,,,,
ZDHHC24,,,,,
ZEB1,,,,,
ZEB2,,,,,
ZFHX2,,,,,
ZFHX3,,,,,
ZFP1,,,,,
ZFP14,,,,,
ZFP2,,,,,
ZFP28,,,,,
ZFP3,,,,,
ZFP30,,,,,
ZFP37,,,,,
ZFP42,,,,,
ZFP57,,,,,
ZFP62,,,,,
ZFP64,,,,,
ZFP69,,,,,
ZFP69B,,,,,
ZFP82,,,,,
ZFP90,,,,,
ZFP92,,,,,
ZFPM1,,,,,
ZFX,,,,,
ZFY,,,,,
ZHX3,,,,,
ZIC1,,,,,
ZIC2,,,,,
ZIC3,,,,,
ZIC4,,,,,
ZIC5,,,,,
ZIK1,,,,,
ZIM2,,,,,
ZIM3,,,,,
ZKSCAN1,,,,,
ZKSCAN3,,,,,
ZKSCAN4,,,,,
ZKSCAN7,,,,,
ZKSCAN8,,,,,
ZMAT2,,,,,
ZMAT4,,,,,
ZNF10,,,,,
ZNF100,,,,,
ZNF101,,,,,
ZNF107,,,,,
ZNF112,,,,,
ZNF114,,,,,
ZNF117,,,,,
ZNF12,,,,,
ZNF121,,,,,
ZNF124,,,,,
ZNF131,,,,,
ZNF132,,,,,
ZNF133,,,,,
ZNF134,,,,,
ZNF135,,,,,
ZNF136,,,,,
ZNF138,,,,,
ZNF14,,,,,
ZNF140,,,,,
ZNF141,,,,,
ZNF143,,,,,
ZNF146,,,,,
ZNF148,,,,,
ZNF155,,,,,
ZNF157,,,,,
ZNF16,,,,,
ZNF160,,,,,
ZNF165,,,,,
ZNF169,,,,,
ZNF175,,,,,
ZNF180,,,,,
ZNF182,,,,,
ZNF184,,,,,
ZNF189,,,,,
ZNF19,,,,,
ZNF195,,,,,
ZNF197,,,,,
ZNF2,,,,,
ZNF20,,,,,
ZNF200,,,,,
ZNF202,,,,,
ZNF205,,,,,
ZNF207,,,,,
ZNF208,,,,,
ZNF211,,,,,
ZNF212,,,,,
ZNF214,,,,,
ZNF215,,,,,
ZNF217,,,,,
ZNF219,,,,,
ZNF22,,,,,
ZNF224,,,,,
ZNF225,,,,,
ZNF226,,,,,
ZNF227,,,,,
ZNF230,,,,,
ZNF232,,,,,
ZNF233,,,,,
ZNF234,,,,,
ZNF235,,,,,
ZNF236,,,,,
ZNF239,,,,,
ZNF24,,,,,
ZNF248,,,,,
ZNF25,,,,,
ZNF250,,,,,
ZNF251,,,,,
ZNF253,,,,,
ZNF254,,,,,
ZNF256,,,,,
ZNF257,,,,,
ZNF26,,,,,
ZNF260,,,,,
ZNF263,,,,,
ZNF264,,,,,
ZNF266,,,,,
ZNF267,,,,,
ZNF273,,,,,
ZNF274,,,,,
ZNF275,,,,,
ZNF276,,,,,
ZNF28,,,,,
ZNF280A,,,,,
ZNF280B,,,,,
ZNF280D,,,,,
ZNF281,,,,,
ZNF282,,,,,
ZNF283,,,,,
ZNF284,,,,,
ZNF286B,,,,,
ZNF287,,,,,
ZNF296,,,,,
ZNF3,,,,,
ZNF30,,,,,
ZNF304,,,,,
ZNF311,,,,,
ZNF316,,,,,
ZNF317,,,,,
ZNF319,,,,,
ZNF32,,,,,
ZNF320,,,,,
ZNF322,,,,,
ZNF324,,,,,
ZNF324B,,,,,
ZNF326,,,,,
ZNF329,,,,,
ZNF331,,,,,
ZNF333,,,,,
ZNF334,,,,,
ZNF335,,,,,
ZNF337,,,,,
ZNF33A,,,,,
ZNF33B,,,,,
ZNF341,,,,,
ZNF343,,,,,
ZNF345,,,,,
ZNF35,,,,,
ZNF350,,,,,
ZNF354A,,,,,
ZNF354B,,,,,
ZNF354C,,,,,
ZNF358,,,,,
ZNF362,,,,,
ZNF366,,,,,
ZNF367,,,,,
ZNF382,,,,,
ZNF383,,,,,
ZNF384,,,,,
ZNF385A,,,,,
ZNF391,,,,,
ZNF394,,,,,
ZNF396,,,,,
ZNF397,,,,,
ZNF398,,,,,
ZNF404,,,,,
ZNF407,,,,,
ZNF408,,,,,
ZNF41,,,,,
ZNF410,,,,,
ZNF414,,,,,
ZNF415,,,,,
ZNF416,,,,,
ZNF418,,,,,
ZNF420,,,,,
ZNF423,,,,,
ZNF425,,,,,
ZNF426,,,,,
ZNF429,,,,,
ZNF43,,,,,
ZNF430,,,,,
ZNF431,,,,,
ZNF432,,,,,
ZNF433,,,,,
ZNF436,,,,,
ZNF438,,,,,
ZNF44,,,,,
ZNF440,,,,,
ZNF441,,,,,
ZNF442,,,,,
ZNF444,,,,,
ZNF445,,,,,
ZNF449,,,,,
ZNF45,,,,,
ZNF451,,,,,
ZNF454,,,,,
ZNF460,,,,,
ZNF461,,,,,
ZNF467,,,,,
ZNF470,,,,,
ZNF471,,,,,
ZNF479,,,,,
ZNF48,,,,,
ZNF480,,,,,
ZNF483,,,,,
ZNF484,,,,,
ZNF485,,,,,
ZNF486,,,,,
ZNF490,,,,,
ZNF491,,,,,
ZNF492,,,,,
ZNF493,,,,,
ZNF500,,,,,
ZNF501,,,,,
ZNF502,,,,,
ZNF507,,,,,
ZNF510,,,,,
ZNF513,,,,,
ZNF516,,,,,
ZNF517,,,,,
ZNF519,,,,,
ZNF521,,,,,
ZNF524,,,,,
ZNF525,,,,,
ZNF526,,,,,
ZNF527,,,,,
ZNF528,,,,,
ZNF529,,,,,
ZNF530,,,,,
ZNF532,,,,,
ZNF534,,,,,
ZNF536,,,,,
ZNF540,,,,,
ZNF541,,,,,
ZNF542P,,,,,
ZNF543,,,,,
ZNF546,,,,,
ZNF549,,,,,
ZNF552,,,,,
ZNF554,,,,,
ZNF555,,,,,
ZNF556,,,,,
ZNF557,,,,,
ZNF558,,,,,
ZNF560,,,,,
ZNF561,,,,,
ZNF562,,,,,
ZNF563,,,,,
ZNF565,,,,,
ZNF567,,,,,
ZNF568,,,,,
ZNF569,,,,,
ZNF57,,,,,
ZNF570,,,,,
ZNF572,,,,,
ZNF573,,,,,
ZNF574,,,,,
ZNF575,,,,,
ZNF577,,,,,
ZNF578,,,,,
ZNF579,,,,,
ZNF580,,,,,
ZNF582,,,,,
ZNF583,,,,,
ZNF584,,,,,
ZNF585B,,,,,
ZNF586,,,,,
ZNF587,,,,,
ZNF589,,,,,
ZNF592,,,,,
ZNF594,,,,,
ZNF595,,,,,
ZNF596,,,,,
ZNF597,,,,,
ZNF599,,,,,
ZNF600,,,,,
ZNF606,,,,,
ZNF607,,,,,
ZNF611,,,,,
ZNF613,,,,,
ZNF615,,,,,
ZNF616,,,,,
ZNF620,,,,,
ZNF622,,,,,
ZNF623,,,,,
ZNF624,,,,,
ZNF627,,,,,
ZNF628,,,,,
ZNF629,,,,,
ZNF630,,,,,
ZNF639,,,,,
ZNF641,,,,,
ZNF646,,,,,
ZNF648,,,,,
ZNF649,,,,,
ZNF652,,,,,
ZNF654,,,,,
ZNF658,,,,,
ZNF658B,,,,,
ZNF66,,,,,
ZNF664,,,,,
ZNF665,,,,,
ZNF667,,,,,
ZNF668,,,,,
ZNF669,,,,,
ZNF671,,,,,
ZNF672,,,,,
ZNF674,,,,,
ZNF675,,,,,
ZNF676,,,,,
ZNF677,,,,,
ZNF678,,,,,
ZNF679,,,,,
ZNF680,,,,,
ZNF681,,,,,
ZNF682,,,,,
ZNF683,,,,,
ZNF684,,,,,
ZNF687,,,,,
ZNF688,,,,,
ZNF689,,,,,
ZNF69,,,,,
ZNF691,,,,,
ZNF692,,,,,
ZNF696,,,,,
ZNF697,,,,,
ZNF699,,,,,
ZNF70,,,,,
ZNF701,,,,,
ZNF704,,,,,
ZNF705G,,,,,
ZNF706,,,,,
ZNF707,,,,,
ZNF708,,,,,
ZNF710,,,,,
ZNF711,,,,,
ZNF714,,,,,
ZNF716,,,,,
ZNF717,,,,,
ZNF718,,,,,
ZNF720,,,,,
ZNF721,,,,,
ZNF726,,,,,
ZNF729,,,,,
ZNF730,,,,,
ZNF732,,,,,
ZNF735,,,,,
ZNF74,,,,,
ZNF740,,,,,
ZNF746,,,,,
ZNF749,,,,,
ZNF75A,,,,,
ZNF75D,,,,,
ZNF76,,,,,
ZNF761,,,,,
ZNF764,,,,,
ZNF765,,,,,
ZNF766,,,,,
ZNF768,,,,,
ZNF77,,,,,
ZNF770,,,,,
ZNF771,,,,,
ZNF773,,,,,
ZNF774,,,,,
ZNF775,,,,,
ZNF776,,,,,
ZNF777,,,,,
ZNF778,,,,,
ZNF780B,,,,,
ZNF782,,,,,
ZNF784,,,,,
ZNF785,,,,,
ZNF786,,,,,
ZNF787,,,,,
ZNF789,,,,,
ZNF79,,,,,
ZNF790,,,,,
ZNF791,,,,,
ZNF792,,,,,
ZNF793,,,,,
ZNF800,,,,,
ZNF805,,,,,
ZNF808,,,,,
ZNF81,,,,,
ZNF813,,,,,
ZNF814,,,,,
ZNF821,,,,,
ZNF823,,,,,
ZNF826P,,,,,
ZNF829,,,,,
ZNF83,,,,,
ZNF831,,,,,
ZNF835,,,,,
ZNF837,,,,,
ZNF84,,,,,
ZNF845,,,,,
ZNF846,,,,,
ZNF85,,,,,
ZNF853,,,,,
ZNF860,,,,,
ZNF879,,,,,
ZNF880,,,,,
ZNF883,,,,,
ZNF891,,,,,
ZNF90,,,,,
ZNF91,,,,,
ZNF92,,,,,
ZNF93,,,,,
ZNF98,,,,,
ZNF99,,,,,
ZRSR2,,,,,
ZSCAN1,,,,,
ZSCAN10,,,,,
ZSCAN12,,,,,
ZSCAN16,,,,,
ZSCAN18,,,,,
ZSCAN2,,,,,
ZSCAN20,,,,,
ZSCAN21,,,,,
ZSCAN22,,,,,
ZSCAN23,,,,,
ZSCAN25,,,,,
ZSCAN26,,,,,
ZSCAN29,,,,,
ZSCAN30,,,,,
ZSCAN31,,,,,
ZSCAN4,,,,,
ZSCAN5A,,,,,
ZSCAN9,,,,,
ZSWIM1,,,,,
ZXDA,,,,,
ZXDB,,,,,
ZXDC,,,,,
ZZZ3,,,,,
PTP4A3,,,,,
ACSL5,,,,,
CFLAR,,,,,
MOB3B,,,,,
RGCC,,,,,
CHRNA7,,,,,
GCNT2,,,,,
BMPER,,,,,
IQGAP2,,,,,
ITPRIP,,,,,
NLGN4Y,,,,,
SULF1,,,,,
TNS2,,,,,
ABCA10,,,,,
ABCA6,,,,,
ABCA9,,,,,
ABCB1,,,,,
ABLIM1,,,,,
ACAN,,,,,
ACSS3,,,,,
ACTA2,,,,,
ACVR1,,,,,
ADAM12,,,,,
ADAMTS1,,,,,
ADAMTS17,,,,,
ADAMTS3,,,,,
ADAMTS6,,,,,
ADAMTS9-AS2,,,,,
ADGRF5,,,,,
ADGRL2,,,,,
AFAP1L2,,,,,
AHDC1,,,,,
AKAP12,,,,,
ALDH1A2,,,,,
AMOTL1,,,,,
ANGPT1,,,,,
ANK1,,,,,
ANKS1A,,,,,
ANTXR2,,,,,
ARHGAP10,,,,,
ARHGAP18,,,,,
ARHGAP26,,,,,
ARHGAP28,,,,,
ARHGAP29,,,,,
ARHGDIB,,,,,
ARHGEF28,,,,,
ARRDC3-AS1,,,,,
ASIC2,,,,,
ATP10A,,,,,
ATP1B3,,,,,
ATP7B,,,,,
ATP8B4,,,,,
ATRNL1,,,,,
BBOX1-AS1,,,,,
BICC1,,,,,
BMP5,,,,,
BTBD11,,,,,
C1QTNF1,,,,,
C2CD2,,,,,
C7,,,,,
C8orf34-AS1,,,,,
CALD1,,,,,
CALN1,,,,,
CARMN,,,,,
CBFA2T2,,,,,
CBLB,,,,,
CCDC141,,,,,
CCNG2,,,,,
CD36,,,,,
CD44,,,,,
CDH12,,,,,
CDH13,,,,,
CDH7,,,,,
CDH8,,,,,
CDH9,,,,,
CELF4,,,,,
CEMIP,,,,,
CGNL1,,,,,
CHD7,,,,,
CHRM2,,,,,
CHRM3-AS2,,,,,
CHST15,,,,,
CHSY1,,,,,
CLEC1A,,,,,
CLIC5,,,,,
CLMP,,,,,
CNR1,,,,,
CNTN3,,,,,
CNTN4,,,,,
CNTN5,,,,,
CNTN6,,,,,
CNTNAP3,,,,,
CNTNAP5,,,,,
COL12A1,,,,,
COL13A1,,,,,
COL14A1,,,,,
COL15A1,,,,,
COL4A1,,,,,
COL4A2,,,,,
COL6A3,,,,,
COL8A1,,,,,
CPXM2,,,,,
CRIM1,,,,,
CRISPLD1,,,,,
CRLF1,,,,,
CRYBG3,,,,,
CTTNBP2NL,,,,,
CYSLTR2,,,,,
CYYR1-AS1,,,,,
DACH1,,,,,
DACH2,,,,,
DGKH,,,,,
DLEU7,,,,,
DLGAP1,,,,,
DLGAP1-AS5,,,,,
DLGAP2,,,,,
DNAJA4,,,,,
DOCK5,,,,,
DOK6,,,,,
DPP10-AS1,,,,,
DPP10-AS3,,,,,
DRAM1,,,,,
EHD4,,,,,
ELAVL2,,,,,
EMILIN2,,,,,
EML4,,,,,
EPHA3,,,,,
EPHA6,,,,,
EPHA7,,,,,
EPHB1,,,,,
EYS,,,,,
FAM110B,,,,,
FAM149A,,,,,
FBLN5,,,,,
FGF10,,,,,
FGF13,,,,,
FIGN,,,,,
FILIP1,,,,,
FILIP1L,,,,,
FKBP5,,,,,
FLJ46284,,,,,
FLNA,,,,,
FLRT2,,,,,
FLT1,,,,,
FMN1,,,,,
FMO2,,,,,
FN1,,,,,
FRAS1,,,,,
FREM1,,,,,
FRMD6,,,,,
FRZB,,,,,
GABRA2,,,,,
GABRG3,,,,,
GABRG3-AS1,,,,,
GAD1,,,,,
GALNT14,,,,,
GALNT18,,,,,
GALNTL6,,,,,
GAS2L3,,,,,
GHR,,,,,
GNAL,,,,,
GNG4,,,,,
GOT1,,,,,
GPC6,,,,,
GPR149,,,,,
GPR85,,,,,
GRAP2,,,,,
GRB10,,,,,
GRB2,,,,,
GREM2,,,,,
GRIA1,,,,,
GRIK2,,,,,
GRIP1,,,,,
GRK5,,,,,
GRM3,,,,,
GRM8,,,,,
GULP1,,,,,
HCN1,,,,,
HECA,,,,,
HERC2P2,,,,,
HERC2P9,,,,,
HMCN1,,,,,
HMGCS1,,,,,
HNRNPLL,,,,,
HOMER1,,,,,
HS6ST2,,,,,
HS6ST3,,,,,
HSPD1,,,,,
HSPH1,,,,,
HTR4,,,,,
HUNK,,,,,
IGFBP5,,,,,
INPP4B,,,,,
IQCH,,,,,
ITGA11,,,,,
ITGA4,,,,,
ITGA5,,,,,
ITGBL1,,,,,
ITIH5,,,,,
JAG1,,,,,
KANK2,,,,,
KAT2B,,,,,
KAZN,,,,,
KCNC2,,,,,
KCND2,,,,,
KCNH5,,,,,
KCNH7,,,,,
KCNK2,,,,,
KCNMB2,,,,,
KCNQ3,,,,,
KCNS3,,,,,
KCNT2,,,,,
KCTD8,,,,,
KHDRBS2,,,,,
KIAA1217,,,,,
KIF26B,,,,,
KITLG,,,,,
LAMB1,,,,,
LAMC1,,,,,
LBH,,,,,
LDB1,,,,,
LDB2,,,,,
LDLRAD4,,,,,
LEPR,,,,,
LGI1,,,,,
LINC00326,,,,,
LINC00504,,,,,
LINC00924,,,,,
LINC01090,,,,,
LINC01135,,,,,
LINC01197,,,,,
LINC01322,,,,,
LINC01376,,,,,
LINC01500,,,,,
LINC01619,,,,,
LMCD1,,,,,
LRCH1,,,,,
LRFN5,,,,,
LRRC4C,,,,,
LRRN1,,,,,
LRRTM4,,,,,
LTBP1,,,,,
LTBP2,,,,,
LURAP1L,,,,,
LYPD6,,,,,
MAMDC2,,,,,
MAP7D3,,,,,
MCC,,,,,
MCL1,,,,,
MCTP1,,,,,
MEPE,,,,,
MFHAS1,,,,,
MGAT4A,,,,,
MGAT4C,,,,,
MIR34AHG,,,,,
MIR4435-2HG,,,,,
MIR4500HG,,,,,
MIR924HG,,,,,
MKNK1,,,,,
MLLT10,,,,,
MME,,,,,
MMP16,,,,,
MN1,,,,,
MOXD1,,,,,
MPPED2,,,,,
MTF2,,,,,
MYBPC1,,,,,
MYH11,,,,,
MYL9,,,,,
MYO16,,,,,
MYO1B,,,,,
MYO5B,,,,,
MYRFL,,,,,
MYRIP,,,,,
NAP1L1,,,,,
NCALD,,,,,
NCK2,,,,,
NCOA3,,,,,
NDNF,,,,,
NDST3,,,,,
NDST4,,,,,
NDUFA4L2,,,,,
NEAT1,,,,,
NETO1,,,,,
NETO2,,,,,
NGF,,,,,
NHS,,,,,
NPLOC4,,,,,
NPNT,,,,,
NR2F2-AS1,,,,,
NRG1,,,,,
NRP2,,,,,
NTN4,,,,,
NWD2,,,,,
NXPH2,,,,,
OLFM3,,,,,
OMD,,,,,
P3H2,,,,,
PAM,,,,,
PAPPA,,,,,
PARP8,,,,,
PAWR,,,,,
PCED1B-AS1,,,,,
PCSK2,,,,,
PDE10A,,,,,
PDK1,,,,,
PDZRN3,,,,,
PHACTR2,,,,,
PHLDB2,,,,,
PKIB,,,,,
PKN2-AS1,,,,,
PLA2R1,,,,,
PLCB4,,,,,
PLCH1,,,,,
PLCXD3,,,,,
PLXDC2,,,,,
PLXNA4,,,,,
PODN,,,,,
PPP1R1C,,,,,
PRELID2,,,,,
PRELP,,,,,
PREX1,,,,,
PRKAG2,,,,,
PRKG1,,,,,
PRR16,,,,,
PRSS23,,,,,
PRTG,,,,,
PTCHD4,,,,,
PTPRB,,,,,
PTPRG,,,,,
PURG,,,,,
PXDNL,,,,,
RAB27A,,,,,
RAB7B,,,,,
RAPGEF1,,,,,
RBFOX3,,,,,
RBM20,,,,,
RCBTB2,,,,,
RCSD1,,,,,
RFTN2,,,,,
RGS6,,,,,
RIMKLB,,,,,
RND3,,,,,
RNF144B,,,,,
ROBO2,,,,,
RPGR,,,,,
RSPO2,,,,,
RUNDC3B,,,,,
SAMD12-AS1,,,,,
SAMD5,,,,,
SATB1-AS1,,,,,
SCN9A,,,,,
SDC2,,,,,
SDCBP,,,,,
SDK1,,,,,
SDK2,,,,,
SEMA6D,,,,,
SEZ6L,,,,,
SGPP2,,,,,
SH3GL2,,,,,
SHISA9,,,,,
SHROOM2,,,,,
SLC16A10,,,,,
SLC35F3,,,,,
SLC38A1,,,,,
SLC39A10,,,,,
SLC44A5,,,,,
SLC4A4,,,,,
SLC4A7,,,,,
SLC6A20,,,,,
SLC6A6,,,,,
SLC7A1,,,,,
SLC7A14,,,,,
SLIT2,,,,,
SMCO4,,,,,
SMG1P3,,,,,
SNAP25-AS1,,,,,
SNCAIP,,,,,
SNED1,,,,,
SNTG1,,,,,
SORBS1,,,,,
SORBS2,,,,,
SPHK1,,,,,
SPRY4,,,,,
SRGAP2B,,,,,
ST6GALNAC5,,,,,
ST8SIA4,,,,,
STXBP5-AS1,,,,,
SULF2,,,,,
SVIL,,,,,
SYNE2,,,,,
SYNPO2,,,,,
SYNPR,,,,,
SYNPR-AS1,,,,,
TBC1D4,,,,,
TC2N,,,,,
TCERG1L,,,,,
TENM1,,,,,
TENM2,,,,,
TENM3,,,,,
TENM4,,,,,
TFRC,,,,,
TGFBR3,,,,,
TGM2,,,,,
THEMIS,,,,,
THSD4,,,,,
TMEM196,,,,,
TMEM87B,,,,,
TMTC1,,,,,
TNFRSF19,,,,,
TNFSF13B,,,,,
TNR,,,,,
TPM1,,,,,
TRHDE,,,,,
TRPC4,,,,,
TTN,,,,,
TTTY14,,,,,
UAP1,,,,,
UBASH3B,,,,,
UNC5D,,,,,
VCL,,,,,
VIPR2,,,,,
VIT,,,,,
VWC2,,,,,
VWC2L,,,,,
WIPF1,,,,,
XKR4,,,,,
YWHAZ,,,,,
ZBBX,,,,,
ZBTB10,,,,,
ZBTB21,,,,,
ZCCHC24,,,,,
ZNF385B,,,,,
ZNF385D,,,,,
ZNF487,,,,,
ZNF496,,,,,
ZNF618,,,,,
ZNF804A,,,,,
ZNF804B,,,,,
ZPBP,,,,,
SCARA3,,,,,
PCK2,,,,,
PDGFB,,,,,
ADRA1B,,,,,
CA10,,,,,
CCBE1,,,,,
CCDC102B,,,,,
CCDC68,,,,,
CDH6,,,,,
DIRC3,,,,,
EFNA5,,,,,
EGFEM1P,,,,,
GRM1,,,,,
IL1R1,,,,,
KCNJ16,,,,,
LINC00484,,,,,
LINC01117,,,,,
MBNL1-AS1,,,,,
MID1,,,,,
SH2B3,,,,,
THSD7B,,,,,
TMEM163,,,,,
HTR2C,,,,,
MYO1C,,,,,
AFF4,,,,,
ATP8B1,,,,,
CNOT8,,,,,
CYCS,,,,,
MAP3K14,,,,,
NOD1,,,,,
PDE9A,,,,,
PHF20,,,,,
PPP1CB,,,,,
SPATA1,,,,,
BARD1,,,,,
KIT,,,,,
PHEX,,,,,
ARRDC4,,,,,
BEST3,,,,,
LIMD1,,,,,
LINC01476,,,,,
SPSB4,,,,,
ADGRG5,,,,,
AKNA,,,,,
CCDC69,,,,,
CD4,,,,,
CD84,,,,,
COL8A2,,,,,
EDA2R,,,,,
F11R,,,,,
FGR,,,,,
FMO5,,,,,
FSTL5,,,,,
LPAR5,,,,,
LRIG3,,,,,
PDPN,,,,,
PLBD1,,,,,
PON3,,,,,
RGS10,,,,,
RHOH,,,,,
RPL19,,,,,
SIGLEC9,,,,,
TMEM119,,,,,
TONSL,,,,,
TYROBP,,,,,
VAV1,,,,,
VSIG4,,,,,
ABO,,,,,
ACADL,,,,,
ADAMTS12,,,,,
ADAMTSL1,,,,,
ADGRD1,,,,,
AKR1C2,,,,,
AMOTL2,,,,,
APLN,,,,,
APOL3,,,,,
ARHGAP9,,,,,
ASPN,,,,,
BGN,,,,,
CCL2,,,,,
CCL5,,,,,
CD58,,,,,
CDH5,,,,,
CFH,,,,,
COBLL1,,,,,
COL1A2,,,,,
COL3A1,,,,,
COL4A4,,,,,
COL6A2,,,,,
CPED1,,,,,
CSF1,,,,,
DCDC2C,,,,,
DCN,,,,,
DDX60,,,,,
DHRS3,,,,,
DSP,,,,,
ECM2,,,,,
EDNRA,,,,,
ERRFI1,,,,,
FAM160A1,,,,,
FAM20A,,,,,
FBLN1,,,,,
FHL5,,,,,
FLVCR2,,,,,
GADD45G,,,,,
GPX3,,,,,
GRIN3A,,,,,
HCK,,,,,
HLA-F,,,,,
IFIT2,,,,,
INSC,,,,,
ITM2A,,,,,
KCTD9,,,,,
KREMEN1,,,,,
LAMA4,,,,,
LCAT,,,,,
LGALS3,,,,,
LINC00607,,,,,
LINC00923,,,,,
LINC01182,,,,,
LPAR4,,,,,
LUCAT1,,,,,
MBNL3,,,,,
MCAM,,,,,
MGAT1,,,,,
NKD1,,,,,
NOTCH3,,,,,
OTOGL,,,,,
PCDH18,,,,,
PDGFRA,,,,,
PDLIM1,,,,,
PEAR1,,,,,
PKP2,,,,,
PLEKHG4B,,,,,
PLET1,,,,,
PLXND1,,,,,
PRLR,,,,,
PRR5,,,,,
RBMS2,,,,,
RGS16,,,,,
ROR2,,,,,
SAMSN1,,,,,
SAV1,,,,,
SLC16A12,,,,,
SLC22A3,,,,,
SLC2A3,,,,,
SLC6A13,,,,,
SMOC2,,,,,
SPACA5,,,,,
SRPX2,,,,,
STAC,,,,,
SYTL4,,,,,
TMBIM1,,,,,
TMEM220,,,,,
TMEM45A,,,,,
TMEM71,,,,,
TPM2,,,,,
TPTEP1,,,,,
TRABD2B,,,,,
TUBA1A,,,,,
VCAM1,,,,,
VEGFA,,,,,
WDR86,,,,,
XYLT1,,,,,
ZFP91-CNTF,,,,,
ZNRF2,,,,,
ADAMTSL3,,,,,
BMP6,,,,,
C12orf75,,,,,
C1QTNF7,,,,,
CAV2,,,,,
CCDC150,,,,,
CDK2AP1,,,,,
COL23A1,,,,,
COL5A2,,,,,
CRISPLD2,,,,,
CXCL12,,,,,
CYP1B1,,,,,
DRAIC,,,,,
DUSP5,,,,,
EGFLAM,,,,,
ELN,,,,,
EPSTI1,,,,,
GABRE,,,,,
GGT5,,,,,
HTR7,,,,,
IGFBP2,,,,,
LDLRAP1,,,,,
LIMS2,,,,,
LINC01060,,,,,
LINC01482,,,,,
MDFIC,,,,,
MYOCD,,,,,
NABP1,,,,,
NHSL2,,,,,
NID1,,,,,
NOTCH1,,,,,
PALMD,,,,,
PCP4,,,,,
PROCR,,,,,
PTH1R,,,,,
RBPMS2,,,,,
SCARA5,,,,,
SEMA3D,,,,,
SLC2A9,,,,,
SP140L,,,,,
SRPX,,,,,
TEX41,,,,,
THBS1,,,,,
TINAGL1,,,,,
TSPAN18,,,,,
TSPAN8,,,,,
VIM,,,,,
WNT5B,,,,,
ALDH1A1,,,,,
DENND2C,,,,,
AIF1,,,,,
ARHGAP27,,,,,
BTK,,,,,
DCDC2,,,,,
DIAPH2,,,,,
EXPH5,,,,,
FGL1,,,,,
HSPB8,,,,,
IGSF21,,,,,
NRP1,,,,,
FGD3,,,,,
ATP2A3,,,,,
MGAM,,,,,
ABCA1,,,,,
ABI3BP,,,,,
ADAMTS9,,,,,
AQP1,,,,,
ARHGEF38,,,,,
B3GAT2,,,,,
BAG3,,,,,
BEND7,,,,,
BRINP3,,,,,
C10orf90,,,,,
C1RL,,,,,
C5AR1,,,,,
CALCRL,,,,,
CFAP47,,,,,
CHL1-AS1,,,,,
CLYBL,,,,,
CYP4F12,,,,,
CYP4F3,,,,,
DPYSL3,,,,,
FAM189A2,,,,,
FRMPD3,,,,,
GALNT15,,,,,
GEM,,,,,
GFRA1,,,,,
GJA1,,,,,
GK,,,,,
GYG2,,,,,
IGFN1,,,,,
KLHL13,,,,,
LINC00378,,,,,
LINC00836,,,,,
LINC00907,,,,,
LINC01088,,,,,
LINC01094,,,,,
LINC01301,,,,,
LINC01550,,,,,
MASP1,,,,,
MSI1,,,,,
MYOM1,,,,,
NFIA-AS2,,,,,
NRIP3,,,,,
OLFML2A,,,,,
PDGFC,,,,,
PLOD2,,,,,
PPP1R17,,,,,
PYGM,,,,,
RASL12,,,,,
RGS5,,,,,
SEMA3A,,,,,
SERPINI2,,,,,
SLC14A1,,,,,
SLCO5A1,,,,,
SPARC,,,,,
TAC1,,,,,
TES,,,,,
TNC,,,,,
VWA3B,,,,,
WDR49,,,,,
GPC5-AS1,,,,,
DOCK11,,,,,
LRP10,,,,,
MAML3,,,,,
SV2C,,,,,
CRH,,,,,
LEKR1,,,,,
LINC01605,,,,,
RELN,,,,,
TAC3,,,,,
ZFP36,,,,,
ABCC4,,,,,
ABR,,,,,
ACSF2,,,,,
ADAM28,,,,,
ADAMTSL2,,,,,
ADCY7,,,,,
ADGRE2,,,,,
ADGRE5,,,,,
ADGRG1,,,,,
ADPGK,,,,,
AGTRAP,,,,,
AHCYL1,,,,,
AIDA,,,,,
AKAP13,,,,,
ALOX5,,,,,
ALOX5AP,,,,,
ALPK3,,,,,
AMOT,,,,,
AMZ1,,,,,
ANKRD22,,,,,
ANKRD55,,,,,
ANP32AP1,,,,,
ANXA2,,,,,
AOAH,,,,,
APAF1,,,,,
APBB1IP,,,,,
APMAP,,,,,
APOBEC2,,,,,
APOC1,,,,,
ARHGAP15,,,,,
ARHGAP22,,,,,
ARHGAP25,,,,,
ARHGAP26-AS1,,,,,
ARHGAP30,,,,,
ARHGAP31,,,,,
ARHGAP31-AS1,,,,,
ARHGAP6,,,,,
ARHGEF10L,,,,,
ARHGEF40,,,,,
ARHGEF6,,,,,
ARRB2,,,,,
ARSJ,,,,,
ATG16L2,,,,,
AXL,,,,,
B2M,,,,,
B3GNT5,,,,,
B4GALT1,,,,,
BACE2,,,,,
BCL2A1,,,,,
BDNF,,,,,
BLNK,,,,,
BMP2,,,,,
BROX,,,,,
C12orf42,,,,,
C1QA,,,,,
C1QB,,,,,
C1QC,,,,,
C1orf195,,,,,
C1orf54,,,,,
C1orf56,,,,,
C20orf197,,,,,
C3,,,,,
C3AR1,,,,,
C4orf19,,,,,
C4orf45,,,,,
C5AR2,,,,,
CA14,,,,,
CABP4,,,,,
CALB2,,,,,
CAP1,,,,,
CAPG,,,,,
CARD11,,,,,
CARD14,,,,,
CARD9,,,,,
CASP1,,,,,
CASP10,,,,,
CASP4,,,,,
CASP8,,,,,
CASS4,,,,,
CBLN2,,,,,
CCDC26,,,,,
CCDC88B,,,,,
CCL3,,,,,
CCND1,,,,,
CCR1,,,,,
CD14,,,,,
CD163,,,,,
CD163L1,,,,,
CD226,,,,,
CD300A,,,,,
CD33,,,,,
CD37,,,,,
CD40,,,,,
CD53,,,,,
CD69,,,,,
CD74,,,,,
CD83,,,,,
CD86,,,,,
CD93,,,,,
CDC14A,,,,,
CDCP1,,,,,
CDH23,,,,,
CDK18,,,,,
CDKN1A,,,,,
CDKN2B,,,,,
CDKN2B-AS1,,,,,
CEACAM21,,,,,
CHI3L1,,,,,
CIITA,,,,,
CLCN5,,,,,
CLEC7A,,,,,
CLIC1,,,,,
CMAHP,,,,,
CMKLR1,,,,,
CMTM3,,,,,
CMTM6,,,,,
COL25A1,,,,,
COLGALT1,,,,,
COQ2,,,,,
COTL1,,,,,
CP,,,,,
CSF1R,,,,,
CSF3R,,,,,
CSGALNACT1,,,,,
CTSB,,,,,
CTSS,,,,,
CTSZ,,,,,
CX3CR1,,,,,
CXCR4,,,,,
CYSLTR1,,,,,
CYTH4,,,,,
CYTIP,,,,,
DAGLB,,,,,
DAP,,,,,
DAPP1,,,,,
DDAH2,,,,,
DDB2,,,,,
DDIT4,,,,,
DDX21,,,,,
DDX60L,,,,,
DEF6,,,,,
DENND1C,,,,,
DENND3,,,,,
DHRS9,,,,,
DIAPH2-AS1,,,,,
DISC1,,,,,
DISP1,,,,,
DLEU1,,,,,
DOCK2,,,,,
DOCK8,,,,,
DOK1,,,,,
DOK3,,,,,
DPEP2,,,,,
DTX3L,,,,,
DUSP1,,,,,
DUSP22,,,,,
DUSP6,,,,,
EBI3,,,,,
ECT2,,,,,
EDA,,,,,
EDNRB-AS1,,,,,
EFCAB13,,,,,
EHBP1L1,,,,,
EMB,,,,,
ENG,,,,,
ENPP1,,,,,
EPHA1-AS1,,,,,
EPOR,,,,,
EPS8,,,,,
ERN1,,,,,
EVI2B,,,,,
F13A1,,,,,
FAM111A,,,,,
FAM118A,,,,,
FAM177B,,,,,
FAM78A,,,,,
FAM89A,,,,,
FCER1G,,,,,
FCGBP,,,,,
FCGR1A,,,,,
FCGR1CP,,,,,
FCGR2A,,,,,
FCGR3A,,,,,
FERMT3,,,,,
FES,,,,,
FGD2,,,,,
FGF20,,,,,
FGL2,,,,,
FHOD1,,,,,
FMNL1,,,,,
FMNL3,,,,,
FMO3,,,,,
FMO6P,,,,,
FPR1,,,,,
FRRS1,,,,,
FSHR,,,,,
FXYD5,,,,,
FYCO1,,,,,
GAB3,,,,,
GAL3ST4,,,,,
GALM,,,,,
GAS6-AS1,,,,,
GATAD2A,,,,,
GCH1,,,,,
GIMAP2,,,,,
GIMAP4,,,,,
GIMAP8,,,,,
GLRA1,,,,,
GLUL,,,,,
GMFG,,,,,
GNA15,,,,,
GNB4,,,,,
GPAT3,,,,,
GPER1,,,,,
GPR160,,,,,
GPR183,,,,,
GPR34,,,,,
GPRIN3,,,,,
GPSM3,,,,,
GRAMD1A,,,,,
GSDMD,,,,,
HAMP,,,,,
HAVCR2,,,,,
HBB,,,,,
HCP5,,,,,
HDDC2,,,,,
HEG1,,,,,
HFE,,,,,
HGF,,,,,
HK2,,,,,
HLA-B,,,,,
HLA-DMB,,,,,
HLA-DPB1,,,,,
HLA-DQA1,,,,,
HLA-DRA,,,,,
HLA-DRB1,,,,,
HLA-DRB5,,,,,
HLA-E,,,,,
HMOX1,,,,,
HNMT,,,,,
HPGDS,,,,,
HS3ST2,,,,,
HS3ST4,,,,,
HSPBAP1,,,,,
IER3,,,,,
IER5,,,,,
IFI44L,,,,,
IFNGR1,,,,,
IFNLR1,,,,,
IFRD1,,,,,
IGSF6,,,,,
IKBKE,,,,,
IL15,,,,,
IL16,,,,,
IL18,,,,,
IL1B,,,,,
IL1RAP,,,,,
IL6R,,,,,
IL6ST,,,,,
INPPL1,,,,,
IRAK3,,,,,
IRAK4,,,,,
ITGAL,,,,,
ITGAM,,,,,
ITGAX,,,,,
ITGB2,,,,,
ITGB5,,,,,
JAK3,,,,,
KCNE1,,,,,
KCNE3,,,,,
KCNJ5,,,,,
KCNK13,,,,,
KCNK6,,,,,
KCNMB1,,,,,
KCNQ1,,,,,
KCTD12,,,,,
KCTD4,,,,,
KIAA0040,,,,,
KLHL6,,,,,
KLHL6-AS1,,,,,
KYNU,,,,,
LAPTM5,,,,,
LATS2,,,,,
LCP1,,,,,
LCP2,,,,,
LGALS9,,,,,
LHFPL2,,,,,
LILRB1,,,,,
LILRB3,,,,,
LILRB4,,,,,
LIMK2,,,,,
LINC00278,,,,,
LINC00467,,,,,
LINC00540,,,,,
LINC00578,,,,,
LINC00865,,,,,
LINC01091,,,,,
LINC01141,,,,,
LINC01146,,,,,
LINC01189,,,,,
LINC01266,,,,,
LINC01356,,,,,
LINC01358,,,,,
LINC01422,,,,,
LIPC,,,,,
LIPG,,,,,
LLGL2,,,,,
LMO1,,,,,
LPAR6,,,,,
LPL,,,,,
LRAT,,,,,
LRP2,,,,,
LRRK1,,,,,
LST1,,,,,
LTBR,,,,,
LTC4S,,,,,
LY86,,,,,
LY96,,,,,
LYN,,,,,
LYVE1,,,,,
MAN2B1,,,,,
MAP3K1,,,,,
MAP3K7CL,,,,,
MAP3K8,,,,,
MAP4K1,,,,,
MAPKAPK2,,,,,
MAPKAPK3,,,,,
MCM3,,,,,
MEI4,,,,,
MFNG,,,,,
MGST2,,,,,
MIDN,,,,,
MILR1,,,,,
MIR3142HG,,,,,
MIR31HG,,,,,
MIR503HG,,,,,
MIS18BP1,,,,,
MLC1,,,,,
MLKL,,,,,
MMRN1,,,,,
MMRN2,,,,,
MNDA,,,,,
MOCOS,,,,,
MPZL1,,,,,
MR1,,,,,
MRC1,,,,,
MRC2,,,,,
MSN,,,,,
MSR1,,,,,
MTHFD1L,,,,,
MX1,,,,,
MX2,,,,,
MYH16,,,,,
MYL12B,,,,,
MYO1F,,,,,
MYOF,,,,,
NAPSB,,,,,
NCAN,,,,,
NCF2,,,,,
NCF4,,,,,
NCKAP1L,,,,,
NCOA2,,,,,
NEDD9,,,,,
NEK6,,,,,
NET1,,,,,
NFAM1,,,,,
NFKBID,,,,,
NGFR,,,,,
NID2,,,,,
NINJ1,,,,,
NIPAL1,,,,,
NLRC5,,,,,
NLRP1,,,,,
NLRP3,,,,,
NOTCH2,,,,,
NSMCE1,,,,,
NT5DC1,,,,,
OAS1,,,,,
OAS2,,,,,
OAS3,,,,,
OLFML2B,,,,,
OLFML3,,,,,
OLR1,,,,,
OPRM1,,,,,
OSBPL11,,,,,
OTUD1,,,,,
P2RY12,,,,,
P2RY13,,,,,
P2RY6,,,,,
P4HA1,,,,,
P4HB,,,,,
PALD1,,,,,
PAPOLG,,,,,
PAQR5,,,,,
PARP14,,,,,
PARP15,,,,,
PARP9,,,,,
PARVB,,,,,
PARVG,,,,,
PATL2,,,,,
PAXIP1-AS2,,,,,
PCED1B,,,,,
PCSK5,,,,,
PDCD1LG2,,,,,
PECAM1,,,,,
PELI1,,,,,
PFKFB3,,,,,
PFN1,,,,,
PGM5,,,,,
PID1,,,,,
PIEZO1,,,,,
PIK3AP1,,,,,
PIK3CD,,,,,
PIK3CG,,,,,
PIK3IP1,,,,,
PIK3R5,,,,,
PIK3R6,,,,,
PILRA,,,,,
PIM1,,,,,
PIP5K1B,,,,,
PLA2G15,,,,,
PLA2G4A,,,,,
PLA2G7,,,,,
PLAC8,,,,,
PLAT,,,,,
PLB1,,,,,
PLCB2,,,,,
PLCG2,,,,,
PLD4,,,,,
PLEK,,,,,
PLEKHO1,,,,,
PLSCR1,,,,,
PLTP,,,,,
PMEPA1,,,,,
PNRC1,,,,,
POF1B,,,,,
PPFIBP2,,,,,
PPP1R18,,,,,
PPP1R3B,,,,,
PRAM1,,,,,
PRICKLE3,,,,,
PRKCD,,,,,
PRKCH,,,,,
PRKG2,,,,,
PROS1,,,,,
PRRG4,,,,,
PSMA1,,,,,
PSMB8,,,,,
PSTPIP2,,,,,
PTAFR,,,,,
PTER,,,,,
PTGS1,,,,,
PTPN14,,,,,
PTPN6,,,,,
PTPRC,,,,,
PTPRO,,,,,
PXDC1,,,,,
PXN,,,,,
RAB20,,,,,
RAB32,,,,,
RAB34,,,,,
RASAL3,,,,,
RASSF3,,,,,
RBM47,,,,,
RCC2,,,,,
RDH10,,,,,
RELL1,,,,,
RFC2,,,,,
RFWD3,,,,,
RGS1,,,,,
RGS12,,,,,
RGS18,,,,,
RGS19,,,,,
RGS2,,,,,
RHBDF2,,,,,
RHOG,,,,,
RILPL2,,,,,
RIN3,,,,,
RIPK2,,,,,
RMDN2-AS1,,,,,
RMST,,,,,
RNASEH2B-AS1,,,,,
RNASET2,,,,,
RNF135,,,,,
ROBO3,,,,,
RPL35,,,,,
RPL8,,,,,
RPS12,,,,,
RPS20,,,,,
RPS21,,,,,
RPS3A,,,,,
RPS6KA1,,,,,
RTTN,,,,,
RYR1,,,,,
S100A10,,,,,
SAMD11,,,,,
SAMHD1,,,,,
SAP30L-AS1,,,,,
SASH3,,,,,
SATB2,,,,,
SBNO2,,,,,
SCARF1,,,,,
SCHLAP1,,,,,
SCIN,,,,,
SEC14L1,,,,,
SEC24D,,,,,
SELPLG,,,,,
SEMA4C,,,,,
SERPINB9P1,,,,,
SERPINE1,,,,,
SH2D4A,,,,,
SH3TC1,,,,,
SIGIRR,,,,,
SIGLEC1,,,,,
SIGLEC10,,,,,
SIGLEC8,,,,,
SIPA1,,,,,
SIRPB2,,,,,
SLA,,,,,
SLC12A4,,,,,
SLC13A5,,,,,
SLC15A2,,,,,
SLC15A3,,,,,
SLC16A3,,,,,
SLC1A5,,,,,
SLC25A19,,,,,
SLC25A37,,,,,
SLC29A3,,,,,
SLC2A5,,,,,
SLC37A2,,,,,
SLC38A4,,,,,
SLC40A1,,,,,
SLC5A9,,,,,
SLC7A7,,,,,
SLC9A9,,,,,
SLCO2B1,,,,,
SMIM3,,,,,
SNX18,,,,,
SOAT1,,,,,
SOCS6,,,,,
SORL1,,,,,
SP140,,,,,
SPHKAP,,,,,
SPNS3,,,,,
SPTLC3,,,,,
SRD5A3-AS1,,,,,
SRGAP2,,,,,
SRGN,,,,,
ST6GAL1,,,,,
STAB1,,,,,
STEAP1B,,,,,
STEAP3,,,,,
STK32B,,,,,
SUSD6,,,,,
SYK,,,,,
SYT6,,,,,
SYTL3,,,,,
TAGAP,,,,,
TBC1D14,,,,,
TBC1D16,,,,,
TBXAS1,,,,,
TG,,,,,
TGFB1,,,,,
TGFBI,,,,,
TGFBR1,,,,,
TGFBR2,,,,,
THEMIS2,,,,,
TIFA,,,,,
TIGD4,,,,,
TIMD4,,,,,
TK1,,,,,
TLE3,,,,,
TLN1,,,,,
TLR10,,,,,
TLR3,,,,,
TLR5,,,,,
TLR7,,,,,
TMC8,,,,,
TMEM106A,,,,,
TMEM154,,,,,
TMEM156,,,,,
TMEM176B,,,,,
TMEM182,,,,,
TMEM255B,,,,,
TMEM51,,,,,
TMIGD3,,,,,
TMLHE-AS1,,,,,
TMSB10,,,,,
TMSB4X,,,,,
TNFAIP2,,,,,
TNFAIP8,,,,,
TNFRSF11A,,,,,
TNFRSF13C,,,,,
TNFRSF1A,,,,,
TNFRSF1B,,,,,
TNFSF10,,,,,
TNS3,,,,,
TP53INP1,,,,,
TRAF1,,,,,
TRAF3IP3,,,,,
TREM2,,,,,
TRIB1,,,,,
TRIB2,,,,,
TRIM22,,,,,
TRIM5,,,,,
TRIOBP,,,,,
TRPM1,,,,,
TSPAN14,,,,,
TTC23,,,,,
TTC6,,,,,
TTC7A,,,,,
TTLL4,,,,,
TXK,,,,,
UBA7,,,,,
UBC,,,,,
UCP2,,,,,
UHRF1,,,,,
UNC93B1,,,,,
VASH1,,,,,
VASP,,,,,
VIP,,,,,
WAS,,,,,
WDFY4,,,,,
WNT2B,,,,,
WNT5A,,,,,
XACT,,,,,
XXYLT1-AS2,,,,,
YBX3,,,,,
ZC3HAV1,,,,,
ZFAND6,,,,,
ZFP36L1,,,,,
ZFP36L2,,,,,
ZFPM2-AS1,,,,,
ZNF142,,,,,
ZNF644,,,,,
ZNF702P,,,,,
ZNF827,,,,,
IGFBP4,,,,,
LINC01239,,,,,
STK32A,,,,,
ACVRL1,,,,,
ASIC4,,,,,
BCAN,,,,,
CHST11,,,,,
CNN3,,,,,
FNDC3B,,,,,
GADD45B,,,,,
GLRX,,,,,
GPCPD1,,,,,
GPNMB,,,,,
INHBA,,,,,
LAP3,,,,,
LHFPL3-AS1,,,,,
MEGF11,,,,,
MYT1,,,,,
NEDD4,,,,,
NOS1,,,,,
NTN1,,,,,
NTNG1,,,,,
PCOLCE2,,,,,
PERP,,,,,
PIPOX,,,,,
PLEKHG1,,,,,
PLEKHH2,,,,,
PLEKHM1P1,,,,,
PYGL,,,,,
RDH10-AS1,,,,,
RNF122,,,,,
SERPINH1,,,,,
SOCS3,,,,,
TANC1,,,,,
TMEM255A,,,,,
TRIM56,,,,,
UBL5,,,,,
VCAN,,,,,
ACKR1,,,,,
CARTPT,,,,,
CXXC5,,,,,
ELL2,,,,,
ELOVL5,,,,,
EYA4,,,,,
G0S2,,,,,
GPR65,,,,,
HAS2,,,,,
HSD11B1,,,,,
HSPA1A,,,,,
LCOR,,,,,
PDE6B,,,,,
PPFIBP1,,,,,
RYBP,,,,,
SORBS3,,,,,
STK40,,,,,
TP53TG5,,,,,
AHCY,,,,,
BMF,,,,,
BTG1,,,,,
CASC15,,,,,
CCDC80,,,,,
CDKN1B,,,,,
CHRM5,,,,,
DAPK2,,,,,
GJC1,,,,,
GNA14-AS1,,,,,
HELB,,,,,
HERC2P3,,,,,
HMGXB3,,,,,
IL15RA,,,,,
IQCH-AS1,,,,,
ITGA6,,,,,
KCNQ1OT1,,,,,
LIMS1,,,,,
LIN28B,,,,,
LINC00862,,,,,
LRTM1,,,,,
MMP14,,,,,
MVP,,,,,
MYL6,,,,,
NFKBIZ,,,,,
OGN,,,,,
PELI2,,,,,
PLXDC1,,,,,
POT1-AS1,,,,,
PTPRM,,,,,
RBP7,,,,,
RNF182,,,,,
RPLP1,,,,,
SERPINB1,,,,,
SGK2,,,,,
SLC38A2,,,,,
SULT1C2,,,,,
C8orf34,,,,,
DAB1,,,,,
GNG12,,,,,
HULC,,,,,
KCNMB2-AS1,,,,,
LFNG,,,,,
LINC00507,,,,,
NWD1,,,,,
ROBO1,,,,,
SLC6A1,,,,,
THSD7A,,,,,
TIMP3,,,,,
ADARB2,,,,,
ADGRG2,,,,,
AQP4-AS1,,,,,
BCL2,,,,,
CADPS2,,,,,
CASC17,,,,,
CCDC160,,,,,
CCDC88C,,,,,
CCND3,,,,,
CENPP,,,,,
CPNE8,,,,,
DDAH1,,,,,
DIDO1,,,,,
DOCK6,,,,,
DTNA,,,,,
FAP,,,,,
FSTL4,,,,,
GNA13,,,,,
HRH1,,,,,
IL33,,,,,
ITK,,,,,
KBTBD12,,,,,
KCNE4,,,,,
LGMN,,,,,
LINC01331,,,,,
MRPL1,,,,,
NFX1,,,,,
OPLAH,,,,,
P4HA3,,,,,
PDHX,,,,,
PDIA4,,,,,
PHF12,,,,,
PIR,,,,,
RNF19A,,,,,
S100A13,,,,,
SFXN5,,,,,
SLC30A1,,,,,
TM6SF1,,,,,
TMEM164,,,,,
TOX,,,,,
UGP2,,,,,
YWHAE,,,,,
ZDHHC5,,,,,
ACACB,,,,,
ADCY8,,,,,
ADD3-AS1,,,,,
AGBL1,,,,,
ALK,,,,,
ANXA3,,,,,
ARMC3,,,,,
ASTN2-AS1,,,,,
BCHE,,,,,
CABLES1,,,,,
CACNG4,,,,,
CXCL14,,,,,
CYYR1,,,,,
DGKG,,,,,
DIO2-AS1,,,,,
DKK2,,,,,
DLX6-AS1,,,,,
EMP2,,,,,
FAM107A,,,,,
FBN2,,,,,
FLT3,,,,,
FSTL1,,,,,
GAD2,,,,,
GLRA2,,,,,
GPRC5C,,,,,
GRIK1,,,,,
GRIK3,,,,,
HCRTR2,,,,,
HPSE2,,,,,
IDI2-AS1,,,,,
IGF1,,,,,
IGFBP3,,,,,
ITGA8,,,,,
LAMC3,,,,,
LENG9,,,,,
LINC00290,,,,,
LINC00298,,,,,
LINC01151,,,,,
LMNA,,,,,
LRRC3B,,,,,
LYPD6B,,,,,
MAOB,,,,,
METAP1D,,,,,
NMU,,,,,
NXPH1,,,,,
NYAP2,,,,,
PALLD,,,,,
PDE3A,,,,,
PENK,,,,,
POSTN,,,,,
PPP1R1B,,,,,
PPP1R3C,,,,,
PROM1,,,,,
PTGFR,,,,,
RAB3C,,,,,
RASGEF1B,,,,,
RASSF1,,,,,
RBMS3,,,,,
RBMS3-AS3,,,,,
RERG,,,,,
ROR1,,,,,
SAMD3,,,,,
SGCZ,,,,,
SHISA6,,,,,
SLC1A1,,,,,
SLC24A3,,,,,
SLC25A33,,,,,
SLC27A6,,,,,
SLC35F4,,,,,
SLC6A1-AS1,,,,,
SLC7A2,,,,,
SLC9A2,,,,,
SST,,,,,
SYT2,,,,,
TACR1,,,,,
TAF6,,,,,
TGFB2,,,,,
TIE1,,,,,
TOX2,,,,,
TOX3,,,,,
TRIB3,,,,,
TRPC6,,,,,
TTC29,,,,,
TUBB2B,,,,,
WIF1,,,,,
WLS,,,,,
ADAMTS15,,,,,
AHNAK,,,,,
BOC,,,,,
COL9A3,,,,,
EGFR,,,,,
EYA1,,,,,
FGFR1,,,,,
GJB6,,,,,
HSPB1,,,,,
IGFBP7,,,,,
LPAR3,,,,,
NTNG2,,,,,
PTN,,,,,
MIATNB,,,,,
ABTB2,,,,,
APOL6,,,,,
ATP10B,,,,,
BMP7,,,,,
C1QL1,,,,,
CACNG5,,,,,
CMTM8,,,,,
COL11A1,,,,,
COL20A1,,,,,
COL9A1,,,,,
CSPG4,,,,,
EPB41L4A,,,,,
FABP7,,,,,
FERMT1,,,,,
GALR1,,,,,
GSG1L,,,,,
KLHL1,,,,,
LHFPL3,,,,,
LRRK2,,,,,
MALRD1,,,,,
MIR3681HG,,,,,
MROH9,,,,,
NEU4,,,,,
PCDH15,,,,,
PDZRN4,,,,,
PHLDA1,,,,,
PLPP4,,,,,
RAB3IP,,,,,
RASD1,,,,,
S100A16,,,,,
SEMA3E,,,,,
SEMA5A,,,,,
SERPINE2,,,,,
SMOC1,,,,,
SPC25,,,,,
TLE1,,,,,
WSCD1,,,,,
ZBTB20-AS3,,,,,
ADGRE4P,,,,,
ARRDC2,,,,,
CLEC17A,,,,,
ELOVL1,,,,,
GIMAP7,,,,,
GNLY,,,,,
HLX-AS1,,,,,
LINC00861,,,,,
LINC01375,,,,,
LINC01483,,,,,
NEB,,,,,
PLEKHG2,,,,,
RP2,,,,,
SH3BP2,,,,,
SLC8A1,,,,,
ALDH3B1,,,,,
BST2,,,,,
C1R,,,,,
C5orf64,,,,,
CD63,,,,,
CSRNP1,,,,,
DSC2,,,,,
DUSP10,,,,,
FAM53B-AS1,,,,,
GSN-AS1,,,,,
HLA-A,,,,,
HS3ST3B1,,,,,
ICAM1,,,,,
IL12RB2,,,,,
ITGA1,,,,,
KCNJ8,,,,,
LMNTD1,,,,,
LRRC1,,,,,
LZTS1-AS1,,,,,
MIR17HG,,,,,
MOB3A,,,,,
NES,,,,,
OSMR,,,,,
PAIP2B,,,,,
PDLIM3,,,,,
PHKA1,,,,,
PTPN22,,,,,
SCML4,,,,,
SELL,,,,,
SEMA4A,,,,,
SKAP1,,,,,
SLC8B1,,,,,
SPATA12,,,,,
STOX1,,,,,
TARID,,,,,
TMEM171,,,,,
TNFRSF10A,,,,,
TPRG1,,,,,
TYRP1,,,,,
UACA,,,,,
USP12-AS1,,,,,
ZNF783,,,,,
A2MP1,,,,,
ALPL,,,,,
ANGPT2,,,,,
ANO6,,,,,
C2orf76,,,,,
CARD8,,,,,
CAV1,,,,,
CEP85,,,,,
CLIC2,,,,,
CLU,,,,,
COL10A1,,,,,
COL9A2,,,,,
CPO,,,,,
CPOX,,,,,
CYP1B1-AS1,,,,,
EFNA1,,,,,
EMCN,,,,,
FCGRT,,,,,
FRK,,,,,
FZD6,,,,,
GNG12-AS1,,,,,
GTF2H3,,,,,
HDAC3,,,,,
JAM2,,,,,
KANK4,,,,,
KAT7,,,,,
KCNJ2,,,,,
LACC1,,,,,
LRRC8D,,,,,
MAN1A1,,,,,
MFSD4B,,,,,
NCOA7-AS1,,,,,
NFXL1,,,,,
NOX4,,,,,
PDE7B,,,,,
PDS5A,,,,,
PDZD2,,,,,
PI4K2B,,,,,
PKIA-AS1,,,,,
PLK3,,,,,
PTCSC3,,,,,
RAB2A,,,,,
RGS3,,,,,
RNF138,,,,,
RNF152,,,,,
RPL23,,,,,
RPS23,,,,,
RUFY3,,,,,
SEMA3C,,,,,
SHE,,,,,
SKA2,,,,,
SLC26A5,,,,,
SLC6A11,,,,,
SLFN12L,,,,,
STX17-AS1,,,,,
STXBP6,,,,,
TACC1,,,,,
TACR3,,,,,
TCF4-AS1,,,,,
TFPI,,,,,
TIPARP,,,,,
TNFRSF11B,,,,,
TXLNGY,,,,,
ZGRF1,,,,,
ZNF518A,,,,,
ZNF736,,,,,
ABCA2,,,,,
ACKR3,,,,,
ACSL1,,,,,
ADA,,,,,
ADAM33,,,,,
ADAMTS9-AS1,,,,,
ADGRG6,,,,,
ADIRF,,,,,
ADM,,,,,
AEBP1,,,,,
ALPK1,,,,,
APLNR,,,,,
ARRDC3,,,,,
ATP11C,,,,,
BAALC-AS1,,,,,
BAMBI,,,,,
BCAS2,,,,,
BTG2,,,,,
C22orf34,,,,,
CA2,,,,,
CA3,,,,,
CALCB,,,,,
CALCR,,,,,
CALR,,,,,
CAPN13,,,,,
CARNS1,,,,,
CCDC152,,,,,
CCDC190,,,,,
CD9,,,,,
CDH1,,,,,
CDKN1C,,,,,
CFLAR-AS1,,,,,
CIB1,,,,,
CKS2,,,,,
CLEC2B,,,,,
CLIC4,,,,,
CLNK,,,,,
CLUL1,,,,,
CMTM7,,,,,
CNGA1,,,,,
COL24A1,,,,,
COLEC12,,,,,
CPAMD8,,,,,
CPM,,,,,
CR1,,,,,
CRYAB,,,,,
CSRP2,,,,,
DAZAP2,,,,,
DBI,,,,,
DDR2,,,,,
DHCR7,,,,,
DLC1,,,,,
DLL1,,,,,
DLL4,,,,,
DNAJB1,,,,,
DNM1P46,,,,,
DOCK4-AS1,,,,,
DUSP16,,,,,
DUSP2,,,,,
EIF4A3,,,,,
EMP1,,,,,
EMP3,,,,,
ENPEP,,,,,
EPN2-AS1,,,,,
ESYT2,,,,,
FAM181B,,,,,
FANCB,,,,,
FIS1,,,,,
FKBP10,,,,,
FRMPD2,,,,,
FTH1,,,,,
GBP1,,,,,
GBP2,,,,,
GDNF-AS1,,,,,
GPC4,,,,,
GRAPL,,,,,
GSTK1,,,,,
GTPBP1,,,,,
HBEGF,,,,,
HEBP2,,,,,
HERPUD1,,,,,
HIGD1B,,,,,
HLA-DQB1,,,,,
HS3ST3A1,,,,,
HSP90AA1,,,,,
HSPA2,,,,,
HSPE1-MOB4,,,,,
HSPG2,,,,,
ID3,,,,,
IDI1,,,,,
IER2,,,,,
IFI44,,,,,
IFITM3,,,,,
IKBIP,,,,,
IL13RA1,,,,,
INSIG1,,,,,
IRAK2,,,,,
ISG20,,,,,
ISM1,,,,,
JPH2,,,,,
KMO,,,,,
LAMA1,,,,,
LAYN,,,,,
LDLR,,,,,
LINC00463,,,,,
LINC00609,,,,,
LINC00910,,,,,
LINC00958,,,,,
LINC01053,,,,,
LINC01411,,,,,
LINC01504,,,,,
LINC01568,,,,,
LITAF,,,,,
LMOD1,,,,,
LRP4-AS1,,,,,
MAGT1,,,,,
MATN2,,,,,
MBOAT1,,,,,
MET,,,,,
METRNL,,,,,
MGP,,,,,
MIR4300HG,,,,,
MMS22L,,,,,
MS4A4A,,,,,
MS4A6A,,,,,
MTHFD2,,,,,
NAA11,,,,,
NAMPT,,,,,
NECTIN2,,,,,
NFKBIA,,,,,
NMUR2,,,,,
NSUN7,,,,,
NXN,,,,,
OGFRL1,,,,,
PAPSS2,,,,,
PAX8-AS1,,,,,
PCBP3,,,,,
PCYT1B,,,,,
PDE1C,,,,,
PDGFD,,,,,
PER1,,,,,
PEX5L-AS2,,,,,
PFKFB2,,,,,
PIGC,,,,,
PKN3,,,,,
PLAC9,,,,,
PLAUR,,,,,
PLEKHB1,,,,,
PLEKHF2,,,,,
PLIN2,,,,,
PLIN3,,,,,
PPP1R15A,,,,,
PTGS2,,,,,
PTMA,,,,,
PXDN,,,,,
PXT1,,,,,
RAB11B-AS1,,,,,
RAB38,,,,,
RGR,,,,,
RGS9,,,,,
RPL18A,,,,,
RPL36A-HNRNPH2,,,,,
RPS2,,,,,
RPS25,,,,,
RPS7,,,,,
RXFP1,,,,,
S1PR3,,,,,
SAMD9L,,,,,
SDC4,,,,,
SEMA3B,,,,,
SGCD,,,,,
SGMS2,,,,,
SH3TC2,,,,,
SHROOM1,,,,,
SLC12A2,,,,,
SLC19A1,,,,,
SLC38A11,,,,,
SLC39A8,,,,,
SLC7A11-AS1,,,,,
SLC7A5,,,,,
SLCO4A1,,,,,
SLFN11,,,,,
SLIT3,,,,,
SNTB1,,,,,
SPATA22,,,,,
SPSB1,,,,,
STARD13-AS,,,,,
STOM,,,,,
STX11,,,,,
SYAP1,,,,,
SYNDIG1,,,,,
SYNM,,,,,
TAGLN,,,,,
TBC1D2,,,,,
TDRD10,,,,,
TEC,,,,,
TESC,,,,,
TEX14,,,,,
THBS2,,,,,
TIMP1,,,,,
TMEM236,,,,,
TMEM246-AS1,,,,,
TNFAIP3,,,,,
TNFRSF10B,,,,,
TNS1,,,,,
TOB1,,,,,
TPPP3,,,,,
TPT1,,,,,
TRIP6,,,,,
TSHR,,,,,
TSPO,,,,,
USH1C,,,,,
USPL1,,,,,
VGF,,,,,
VGLL3,,,,,
WEE1,,,,,
WIPI1,,,,,
ZFAND2A,,,,,
ABI3,,,,,
ADAP2,,,,,
BIRC3,,,,,
C21orf62-AS1,,,,,
CPB2,,,,,
DOHH,,,,,
FANCC,,,,,
FTL,,,,,
GPR174,,,,,
GREM1,,,,,
HAS2-AS1,,,,,
HDAC9,,,,,
HPS3,,,,,
IGSF1,,,,,
IP6K3,,,,,
KIF6,,,,,
LHFPL3-AS2,,,,,
LINC00276,,,,,
LINC01098,,,,,
LRRC32,,,,,
MARCKSL1,,,,,
ODC1,,,,,
OSGIN2,,,,,
PCDH9-AS3,,,,,
PDK4,,,,,
PHLDA3,,,,,
RBPMS,,,,,
RNASEH2C,,,,,
RPL35A,,,,,
SCAMP2,,,,,
SERF2,,,,,
SHQ1,,,,,
SLC35D2,,,,,
SLC6A9,,,,,
SOD1,,,,,
SYS1-DBNDD2,,,,,
TMC1,,,,,
TMEM125,,,,,
TMEM204,,,,,
UBA52,,,,,
UEVLD,,,,,
VEGFC,,,,,
VPS4B,,,,,
VWA1,,,,,
WDR31,,,,,
ZNF213,,,,,
ABCB4,,,,,
BTG3,,,,,
ENOSF1,,,,,
FAS,,,,,
IL21R,,,,,
RNF166,,,,,
RPL29,,,,,
RPL41,,,,,
SLC35F2,,,,,
SNTA1,,,,,
TMEM140,,,,,
XAF1,,,,,
ALOX15B,,,,,
ANKRD37,,,,,
ANXA5,,,,,
APOD,,,,,
ARHGAP4,,,,,
AVEN,,,,,
BTN3A2,,,,,
C1orf112,,,,,
CD55,,,,,
CDK2AP2,,,,,
CLEC5A,,,,,
COL18A1,,,,,
CTSC,,,,,
ENPP2,,,,,
FCGR1B,,,,,
GMIP,,,,,
GYPC,,,,,
HPSE,,,,,
IL10RA,,,,,
IL4R,,,,,
INPP5D,,,,,
LAIR1,,,,,
LINC01505,,,,,
OTULIN,,,,,
PHF1,,,,,
RASSF2,,,,,
RHOJ,,,,,
RNF217-AS1,,,,,
SAT1,,,,,
SCARB1,,,,,
SKAP2,,,,,
SPTLC2,,,,,
SRGAP2-AS1,,,,,
SRGAP2C,,,,,
TBL1Y,,,,,
TLR2,,,,,
TMED11P,,,,,
USP53,,,,,
ZEB2-AS1,,,,,
ZNF7,,,,,
CD109,,,,,
CDC42EP4,,,,,
DCBLD1,,,,,
HPN-AS1,,,,,
LGR5,,,,,
LINC01099,,,,,
LINC01344,,,,,
LINC01554,,,,,
SFRP4,,,,,
SP2-AS1,,,,,
TMEM139,,,,,
TMEM151A,,,,,
VWF,,,,,
AGT,,,,,
COL27A1,,,,,
CTD-2350J17.1,,,,,
FER1L6-AS1,,,,,
GPR37,,,,,
HNRNPUL1,,,,,
LINC01208,,,,,
PACRG-AS1,,,,,
SVEP1,,,,,
ANKRD20A11P,,,,,
BTNL9,,,,,
CCDC168,,,,,
EFCAB14-AS1,,,,,
MYL12A,,,,,
OVCH1-AS1,,,,,
SULT1C4,,,,,
TRPC3,,,,,
CD320,,,,,
CD34,,,,,
CHST8,,,,,
FRMD3,,,,,
PLCG1-AS1,,,,,
SEMA3F,,,,,
SLC16A9,,,,,
STARD8,,,,,
A2M,,,,,
A4GALT,,,,,
ACSM3,,,,,
ACVR1C,,,,,
ADAMTS19,,,,,
ADARB2-AS1,,,,,
ALOX12P2,,,,,
ANKRD44,,,,,
ARHGAP24,,,,,
ARHGEF1,,,,,
BCL2L11,,,,,
BIN2,,,,,
CA8,,,,,
CACNB2,,,,,
CCDC50,,,,,
CD302,,,,,
CD96,,,,,
CDH4,,,,,
CLEC19A,,,,,
CNPY3,,,,,
CPA6,,,,,
CPE,,,,,
CTSH,,,,,
CTSL,,,,,
CYTL1,,,,,
DAAM2,,,,,
DCC,,,,,
DENND2A,,,,,
EML3,,,,,
ENTPD1,,,,,
EVC2,,,,,
FAT1,,,,,
FIRRE,,,,,
GALNT10,,,,,
GRID2,,,,,
GYG2P1,,,,,
ICAM2,,,,,
IFI16,,,,,
IGF2BP2,,,,,
IL17RA,,,,,
ILF3,,,,,
KCNMB4,,,,,
LINC00200,,,,,
LINC00534,,,,,
LINC00886,,,,,
LOXL3,,,,,
LPCAT2,,,,,
LZTS2,,,,,
MAML2,,,,,
MIR646HG,,,,,
MORC4,,,,,
MTSS1,,,,,
MTUS2,,,,,
MYCT1,,,,,
MYO16-AS1,,,,,
MYO1D,,,,,
NOTCH4,,,,,
NRARP,,,,,
PAG1,,,,,
PCDH9-AS2,,,,,
PDE1A,,,,,
PITPNC1,,,,,
PLCL1,,,,,
PLPPR1,,,,,
PNP,,,,,
PQBP1,,,,,
PTCHD1,,,,,
PTPRE,,,,,
RAB39A,,,,,
RAB3IL1,,,,,
RASSF8,,,,,
RIN2,,,,,
SAMD4A,,,,,
SHROOM4,,,,,
SIPA1L2,,,,,
SKINT1L,,,,,
SLC11A1,,,,,
SLC12A7,,,,,
SLC13A4,,,,,
SLC2A12,,,,,
SLC6A12,,,,,
SLC8A1-AS1,,,,,
SORCS2,,,,,
STK10,,,,,
STK26,,,,,
SUCLG2,,,,,
SUSD3,,,,,
SWAP70,,,,,
TNFRSF10D,,,,,
TRPV4,,,,,
TXNIP,,,,,
UST,,,,,
UTRN,,,,,
ZFAND4,,,,,
ZNF385D-AS2,,,,,
ADAMTS4,,,,,
AGMO,,,,,
ANKRD18A,,,,,
ANO4,,,,,
ARSI,,,,,
BCAS1,,,,,
C21orf91-OT1,,,,,
CA1,,,,,
CA12,,,,,
CCDC122,,,,,
CDR2L,,,,,
CNTN2,,,,,
COLGALT2,,,,,
CRHBP,,,,,
CTH,,,,,
DDX3Y,,,,,
DNAJC22,,,,,
DPYSL5,,,,,
DYSF,,,,,
EFHD1,,,,,
ENOX2,,,,,
FAM124A,,,,,
FAT4,,,,,
FAXDC2,,,,,
FBXL7,,,,,
FGF1,,,,,
FRMD4B,,,,,
GATAD1,,,,,
GBE1,,,,,
GCNT1,,,,,
GXYLT2,,,,,
HAGLR,,,,,
HEPH,,,,,
HTR2B,,,,,
IFNG-AS1,,,,,
IGSF11-AS1,,,,,
ITPKB,,,,,
KANK1,,,,,
KIAA1755,,,,,
LAMA2,,,,,
LANCL1-AS1,,,,,
LDLRAD3,,,,,
LINC00240,,,,,
LINC00601,,,,,
LINC00877,,,,,
LINC00945,,,,,
LINC01572,,,,,
LIPE,,,,,
LMCD1-AS1,,,,,
LRP4,,,,,
LURAP1L-AS1,,,,,
MAL,,,,,
NPSR1-AS1,,,,,
OLMALINC,,,,,
PACRG-AS3,,,,,
PCA3,,,,,
PCBD2,,,,,
PCDH11X,,,,,
PCDH11Y,,,,,
PCSK6,,,,,
PHACTR1,,,,,
PLD5,,,,,
PLPP1,,,,,
PLS3-AS1,,,,,
PMP2,,,,,
PMP22,,,,,
PON2,,,,,
PRIMA1,,,,,
PWRN1,,,,,
RANBP17,,,,,
RFFL,,,,,
RHOBTB1,,,,,
RHPN2,,,,,
RPS10P7,,,,,
SEMA6A,,,,,
SGK1,,,,,
SH3RF1,,,,,
SLAIN1,,,,,
SLC26A7,,,,,
SLC5A11,,,,,
SLC9B1,,,,,
TEX21P,,,,,
TLL2,,,,,
TMEM132C,,,,,
TMEM144,,,,,
TMEM63A,,,,,
TMTC4,,,,,
TPRN,,,,,
TRIM59,,,,,
TRMT10A,,,,,
WHRN,,,,,
ZBED5,,,,,
ZBTB38,,,,,
ZDHHC9,,,,,
ZHX2,,,,,
ZNF462,,,,,
AATK,,,,,
AIF1L,,,,,
HKDC1,,,,,
LINC01591,,,,,
OCA2,,,,,
SFRP2,,,,,
TLL1,,,,,
ACAP1,,,,,
ANKRD36BP1,,,,,
APOLD1,,,,,
BAIAP2L1,,,,,
CARD6,,,,,
CASP7,,,,,
CD274,,,,,
CD6,,,,,
CEP152,,,,,
CH25H,,,,,
CORO1B,,,,,
CPVL,,,,,
CTDSP1,,,,,
ERAP2,,,,,
FGD5,,,,,
IFIH1,,,,,
ITPR3,,,,,
KIF20B,,,,,
LINC00649,,,,,
LINC01237,,,,,
LINC01320,,,,,
LPXN,,,,,
MCOLN2,,,,,
MFSD2A,,,,,
OLFML1,,,,,
OR3A2,,,,,
P2RX4,,,,,
PARP12,,,,,
PIK3CD-AS2,,,,,
PKHD1L1,,,,,
PRR5L,,,,,
PSTPIP1,,,,,
PTGDR,,,,,
PTPN7,,,,,
RCAN3,,,,,
SAMD9,,,,,
SLC26A2,,,,,
SLC38A5,,,,,
SLFN12,,,,,
ST8SIA6,,,,,
STK17B,,,,,
TCIRG1,,,,,
TLR1,,,,,
TNFSF8,,,,,
TTC23L,,,,,
UBOX5-AS1,,,,,
UBTD1,,,,,
ZNF598,,,,,
ABHD15,,,,,
ATP2C2,,,,,
CRAT37,,,,,
GATA2-AS1,,,,,
ITPKC,,,,,
MSANTD3,,,,,
NPC2,,,,,
PDE6D,,,,,
PLEKHF1,,,,,
PLVAP,,,,,
PPP4R1L,,,,,
REEP4,,,,,
SEMA6A-AS1,,,,,
SLC17A9,,,,,
SYNGR2,,,,,
VAMP8,,,,,
ZBTB20-AS1,,,,,
ADAMTS18,,,,,
AMER2,,,,,
APOA1-AS,,,,,
ASPA,,,,,
BAZ1A,,,,,
BOK,,,,,
CAMKMT,,,,,
CDC42EP1,,,,,
CDH19,,,,,
CFTR,,,,,
DEPTOR,,,,,
DHCR24,,,,,
DTHD1,,,,,
ERMN,,,,,
FA2H,,,,,
FAM107B,,,,,
FAM126A,,,,,
JADE3,,,,,
KCNAB1,,,,,
KLHL4,,,,,
LINC01010,,,,,
LRRC63,,,,,
MAG,,,,,
MEGF10,,,,,
MYLIP,,,,,
MYRF,,,,,
NEK3,,,,,
NUAK2,,,,,
PLEKHG3,,,,,
RTKN,,,,,
SKI,,,,,
SLC25A13,,,,,
TMPRSS5,,,,,
TNFAIP6,,,,,
ACER2,,,,,
ANO3,,,,,
CDH18,,,,,
CDH20,,,,,
CHRM3,,,,,
CHSY3,,,,,
CLSTN2,,,,,
CPNE4,,,,,
CPS1,,,,,
EPHA5,,,,,
FER1L6-AS2,,,,,
FGF14,,,,,
FRMPD4,,,,,
GRIN2A,,,,,
HECW1,,,,,
HTR1E,,,,,
HTR1F,,,,,
IL1RAPL2,,,,,
IQCJ-SCHIP1,,,,,
KCNB2,,,,,
KCNQ5,,,,,
LINC01122,,,,,
LINC01250,,,,,
LINGO2,,,,,
MLIP,,,,,
NELL1,,,,,
NELL2,,,,,
PCDH7,,,,,
PTPRT,,,,,
RALYL,,,,,
RYR2,,,,,
SGCG,,,,,
SLC1A3,,,,,
SORCS1,,,,,
SV2B,,,,,
SYN3,,,,,
SYT1,,,,,
UNC13C,,,,,
ABCG2,,,,,
ACSM5,,,,,
ADAMTS7,,,,,
ADAMTSL4,,,,,
AFAP1L1,,,,,
ARL5A,,,,,
BANK1,,,,,
BSG,,,,,
C2orf83,,,,,
CA4,,,,,
CATSPERG,,,,,
CC2D2B,,,,,
CCDC97,,,,,
CDCA7L,,,,,
CEP135,,,,,
CLDN14,,,,,
CLDN5,,,,,
COL4A3,,,,,
CXCL16,,,,,
CYBA,,,,,
DDX53,,,,,
DIO1,,,,,
DIO3OS,,,,,
DNAH11,,,,,
ECHDC3,,,,,
EEF1B2,,,,,
EGFL7,,,,,
EMILIN1,,,,,
EPHA2,,,,,
ESAM,,,,,
F2R,,,,,
F3,,,,,
FBLN2,,,,,
FENDRR,,,,,
FHL3,,,,,
FPR3,,,,,
FREM2,,,,,
GBP3,,,,,
GBP4,,,,,
GNG11,,,,,
GPBP1L1,,,,,
GPR156,,,,,
GPX1,,,,,
GRID1-AS1,,,,,
GSTP1,,,,,
HERC5,,,,,
HSPA12B,,,,,
HYAL2,,,,,
IFI27L2,,,,,
IL18R1,,,,,
ITGA10,,,,,
KANK3,,,,,
KC6,,,,,
KDR,,,,,
KLRD1,,,,,
LACTB2,,,,,
LAMA3,,,,,
LAMB2,,,,,
LINC00571,,,,,
LINC00891,,,,,
LINC00944,,,,,
LINC01137,,,,,
LINC01241,,,,,
LINC01378,,,,,
LIX1,,,,,
LPIN3,,,,,
LSR,,,,,
LTB4R,,,,,
MAGOH,,,,,
MAOA,,,,,
MAP3K11,,,,,
MED30,,,,,
MFGE8,,,,,
MGME1,,,,,
MMP19,,,,,
MMP28,,,,,
MS4A14,,,,,
MT1E,,,,,
MT1M,,,,,
MTMR8,,,,,
MTRF1,,,,,
MYO7A,,,,,
NANOS1,,,,,
NOS3,,,,,
NOSTRIN,,,,,
OCLN,,,,,
PARVA,,,,,
PCAT19,,,,,
PDGFA,,,,,
PI15,,,,,
PIM3,,,,,
PIP,,,,,
PLA1A,,,,,
PROX1-AS1,,,,,
PSMB9,,,,,
PSME1,,,,,
PYHIN1,,,,,
RAMP2,,,,,
RHOC,,,,,
ROBO4,,,,,
ROM1,,,,,
RPL10A,,,,,
RPL12,,,,,
RPL23A,,,,,
RPLP0,,,,,
RPS13,,,,,
RRAS,,,,,
S100A1,,,,,
S100A11,,,,,
S100A6,,,,,
S1PR1,,,,,
S1PR5,,,,,
SERTAD1,,,,,
SFT2D2,,,,,
SLC16A1,,,,,
SLC16A6,,,,,
SLC19A3,,,,,
SLC38A3,,,,,
SLC9C1,,,,,
SMOX,,,,,
SNTG2,,,,,
ST6GALNAC1,,,,,
ST8SIA6-AS1,,,,,
STEAP4,,,,,
SUCLG2-AS1,,,,,
SYPL1,,,,,
TAP1,,,,,
TEP1,,,,,
TGFA,,,,,
TKTL1,,,,,
TM4SF1,,,,,
TM4SF18,,,,,
TMCO4,,,,,
TPO,,,,,
TPTE2P6,,,,,
TREH,,,,,
TRIM38,,,,,
TSHZ2,,,,,
TSPAN12,,,,,
TUBA1C,,,,,
TUBB6,,,,,
UBE2U,,,,,
VAMP5,,,,,
VWA2,,,,,
YES1,,,,,
ZCWPW1,,,,,
ZNRF3-AS1,,,,,
ABCC9,,,,,
ACOT11,,,,,
ACSBG1,,,,,
ACSS1,,,,,
ADCY2,,,,,
ADGRA3,,,,,
ADGRV1,,,,,
ADORA2B,,,,,
ADRA1A,,,,,
ALDH1L1,,,,,
AMZ2,,,,,
ANGPTL4,,,,,
ANKFN1,,,,,
ANKUB1,,,,,
ANOS1,,,,,
APCDD1,,,,,
APOE,,,,,
AQP4,,,,,
ARHGAP42,,,,,
ARHGEF26,,,,,
ARHGEF4,,,,,
ARL15,,,,,
ASPH,,,,,
ATP13A4,,,,,
ATP1A2,,,,,
BAALC,,,,,
BCAR3,,,,,
BEST1,,,,,
BMPR1B,,,,,
C5,,,,,
CACHD1,,,,,
CD247,,,,,
CD38,,,,,
CD82,,,,,
CENPE,,,,,
CEP128,,,,,
CHRDL1,,,,,
CHST3,,,,,
CHST6,,,,,
CHST9,,,,,
CLCA4,,,,,
CLDN10,,,,,
CNTLN,,,,,
COL21A1,,,,,
COL4A5,,,,,
COL5A3,,,,,
CPT1A,,,,,
CRB1,,,,,
CSRP1,,,,,
CYBRD1,,,,,
CYP7B1,,,,,
DCLK2,,,,,
EDNRB,,,,,
EFEMP1,,,,,
EGLN3,,,,,
ELOVL2,,,,,
ELOVL7,,,,,
EMID1,,,,,
EMX2OS,,,,,
ENPP6,,,,,
ENTPD1-AS1,,,,,
ETNPPL,,,,,
EYA2,,,,,
FAM167A,,,,,
FAM167A-AS1,,,,,
FGD4,,,,,
FGD6,,,,,
FGF2,,,,,
FGFR3,,,,,
FLNC,,,,,
GFAP,,,,,
GLDC,,,,,
GMPR,,,,,
GNA14,,,,,
GOLIM4,,,,,
GPC5,,,,,
GPR37L1,,,,,
GRAMD1C,,,,,
GREB1L,,,,,
GRIN2C,,,,,
GSN,,,,,
HAP1,,,,,
ITGA7,,,,,
ITGB4,,,,,
ITPR2,,,,,
KCNN3,,,,,
LAPTM4A,,,,,
LCNL1,,,,,
LGR4,,,,,
LINC00159,,,,,
LINC00299,,,,,
LINC00511,,,,,
LRIG1,,,,,
LRRC8A,,,,,
MAPK4,,,,,
METRN,,,,,
METTL7A,,,,,
MGST1,,,,,
MIR325HG,,,,,
MMD2,,,,,
MT2A,,,,,
MT3,,,,,
MYL3,,,,,
MYO10,,,,,
NAT8L,,,,,
NBPF14,,,,,
NCOA1,,,,,
NDRG2,,,,,
NHSL1,,,,,
NKAIN3,,,,,
NKAIN4,,,,,
NPL,,,,,
OAF,,,,,
OPHN1,,,,,
OSMR-AS1,,,,,
P2RY14,,,,,
PACSIN3,,,,,
PADI2,,,,,
PAMR1,,,,,
PAPLN,,,,,
PARD3,,,,,
PARD3B,,,,,
PBXIP1,,,,,
PDGFRB,,,,,
PHF21B,,,,,
PHYHD1,,,,,
PICK1,,,,,
PLPP3,,,,,
PLSCR4,,,,,
PPP1R13L,,,,,
PREX2,,,,,
PRKCA-AS1,,,,,
PRKCQ,,,,,
PSD2,,,,,
PTPRZ1,,,,,
RAB31,,,,,
RAI14,,,,,
RANBP3L,,,,,
RASGRP3,,,,,
RBP1,,,,,
RGMA,,,,,
RGS20,,,,,
RGS22,,,,,
RHOBTB3,,,,,
RPL22L1,,,,,
RYR3,,,,,
SERTAD4-AS1,,,,,
SFMBT2,,,,,
SHROOM3,,,,,
SLC1A2,,,,,
SLC39A12,,,,,
SLC7A10,,,,,
SLC7A11,,,,,
SLC9A3R1,,,,,
SLCO1C1,,,,,
SMTN,,,,,
SOX21-AS1,,,,,
SPON1,,,,,
SRGAP1,,,,,
SSPN,,,,,
ST6GALNAC3,,,,,
STK33,,,,,
STON2,,,,,
SYNJ2,,,,,
SYT17,,,,,
TBL1X,,,,,
THBS4,,,,,
TMEM241,,,,,
TMEM98,,,,,
TPD52L1,,,,,
TRDN,,,,,
TRIM47,,,,,
TRPM3,,,,,
TSC22D3,,,,,
TSC22D4,,,,,
TTPA,,,,,
USP13,,,,,
USP6NL,,,,,
WWC1,,,,,
WWTR1,,,,,
YAP1,,,,,
ZDHHC20,,,,,
ZFHX4-AS1,,,,,
ZNRF3,,,,,
ADGRL4,,,,,
BCAM,,,,,
BTN3A1,,,,,
CCDC60,,,,,
MAGI1-AS1,,,,,
ORAI1,,,,,
PODXL,,,,,
PRX,,,,,
RPS16,,,,,
SLC22A2,,,,,
SLC2A1,,,,,
SLC5A6,,,,,
BMX,,,,,
CPB1,,,,,
CTBP1-AS,,,,,
EPN2,,,,,
GM2A,,,,,
GNG8,,,,,
HNRNPKP3,,,,,
IQCA1,,,,,
KIF13B,,,,,
KIZ-AS1,,,,,
KNOP1,,,,,
LINC00640,,,,,
LINC00645,,,,,
NDE1,,,,,
NDRG1,,,,,
PAQR4,,,,,
PAQR6,,,,,
PLXNB3,,,,,
PSMC2,,,,,
RASIP1,,,,,
RHD,,,,,
RPS27L,,,,,
SCG2,,,,,
SCML1,,,,,
SMIM5,,,,,
SRL,,,,,
TCEAL3,,,,,
TPTE2,,,,,
UQCRQ,,,,,
UTY,,,,,
VRK2,,,,,
XRCC4,,,,,
RAD51B,,,,,
TIGD6,,,,,
ZNF566,,,,,
PLP1,,,,,
TSNAX-DISC1,,,,,
CA3-AS1,,,,,
LINC01202,,,,,
SAMD13,,,,,
ZNF610,,,,,
ACOT1,,,,,
CLEC14A,,,,,
FER1L6,,,,,
FSCN1,,,,,
ISG15,,,,,
MSC-AS1,,,,,
MT1G,,,,,
NEK5,,,,,
PARP4,,,,,
RAMP3,,,,,
RP1,,,,,
RRAD,,,,,
SDF2L1,,,,,
SDS,,,,,
SGK3,,,,,
TEK,,,,,
CLEC9A,,,,,
ELMO1-AS1,,,,,
ESRP1,,,,,
FLJ40194,,,,,
GRN,,,,,
LINC01410,,,,,
MORC1,,,,,
PIP4K2A,,,,,
SPP1,,,,,
FAM217A,,,,,
MYOT,,,,,
CDK19,,,,,
NINJ2,,,,,
PLEKHH1,,,,,
RNF220,,,,,
TRIM62,,,,,
CHODL,,,,,
AADACL2-AS1,,,,,
ASB18,,,,,
C7orf31,,,,,
CCNE2,,,,,
CENPBD1,,,,,
CRB2,,,,,
DPF2,,,,,
GALNT6,,,,,
GJB1,,,,,
HACD1,,,,,
HTATIP2,,,,,
IPO13,,,,,
KCNJ2-AS1,,,,,
LAMP2,,,,,
LDB3,,,,,
LINC00032,,,,,
LINC00940,,,,,
LINC01221,,,,,
MTMR9LP,,,,,
NACAD,,,,,
NDP,,,,,
NEURL1B,,,,,
PHGDH,,,,,
PIEZO2,,,,,
PKD1L2,,,,,
RAB33A,,,,,
SFRP1,,,,,
SHC4,,,,,
SLC45A3,,,,,
SLCO1A2,,,,,
SPATC1,,,,,
TBC1D12,,,,,
THSD4-AS1,,,,,
TMC6,,,,,
TMCC3,,,,,
TRPM6,,,,,
TTLL9,,,,,
ZFP41,,,,,
CAV3,,,,,
DEPDC7,,,,,
F8,,,,,
FGF7,,,,,
GAL3ST1,,,,,
GPR62,,,,,
SLC44A3,,,,,
ST3GAL6-AS1,,,,,
THAP9,,,,,
UTP14A,,,,,
ZNF300,,,,,
ZNF300P1,,,,,
LLGL1,,,,,
MYH15,,,,,
EPHX1,,,,,
ACP7,,,,,
ADCY10P1,,,,,
AGA,,,,,
CAHM,,,,,
CCL4,,,,,
FAM222A-AS1,,,,,
KCNH8,,,,,
LINC01285,,,,,
LINC01299,,,,,
MUSK,,,,,
MYO1E,,,,,
PCDH9-AS4,,,,,
PHLDB1,,,,,
PLD1,,,,,
SH3BP4,,,,,
ST18,,,,,
UGT8,,,,,
GLOD5,,,,,
NPSR1,,,,,
PLS3,,,,,
AIM2,,,,,
CHMP1B2P,,,,,
IGFBP6,,,,,
ERCC6L,,,,,
GPR132,,,,,
ABHD3,,,,,
ADRB2,,,,,
BTN2A2,,,,,
C1orf162,,,,,
CDKN2A,,,,,
CEACAM1,,,,,
CLEC2D,,,,,
CNBD1,,,,,
CTSO,,,,,
DGAT2L6,,,,,
DISC1FP1,,,,,
ERMAP,,,,,
FAU,,,,,
FMO4,,,,,
FOXP1-AS1,,,,,
GLDN,,,,,
GPANK1,,,,,
HCG22,,,,,
HLA-DPA1,,,,,
ITGB2-AS1,,,,,
LAT2,,,,,
LINC01036,,,,,
LY86-AS1,,,,,
MCM5,,,,,
MID1IP1,,,,,
PLBD1-AS1,,,,,
RASGEF1C,,,,,
RPS11,,,,,
S100Z,,,,,
SCAND1,,,,,
SERPINB9,,,,,
SMIM4,,,,,
SNHG8,,,,,
TTC38,,,,,
TYMP,,,,,
ABCA12,,,,,
AKR1D1,,,,,
BLM,,,,,
BRCA2,,,,,
C11orf65,,,,,
C18orf54,,,,,
CASC6,,,,,
CCK,,,,,
CCL4L2,,,,,
CENPQ,,,,,
CHAMP1,,,,,
CHEK2,,,,,
CRTC3-AS1,,,,,
CST3,,,,,
CYFIP1,,,,,
CYP39A1,,,,,
CYP3A5,,,,,
DIO2,,,,,
DPYD-AS1,,,,,
DRAP1,,,,,
EEF1D,,,,,
ENTPD2,,,,,
FAM157A,,,,,
FSIP2,,,,,
GINS3,,,,,
ISYNA1,,,,,
JRK,,,,,
LINC00536,,,,,
LINC00880,,,,,
LINC01258,,,,,
LRRC69,,,,,
LRRC74A,,,,,
LZTS1,,,,,
MDS2,,,,,
MELK,,,,,
MERTK,,,,,
MKNK1-AS1,,,,,
MTCP1,,,,,
NEDD1,,,,,
ORMDL2,,,,,
P2RX1,,,,,
PEX7,,,,,
PLOD1,,,,,
PRKY,,,,,
PROX2,,,,,
PSRC1,,,,,
RCN3,,,,,
RGL3,,,,,
ROR1-AS1,,,,,
RPS27,,,,,
RPS28,,,,,
RPS5,,,,,
SELENBP1,,,,,
SH3BGRL3,,,,,
SH3RF3,,,,,
SLC22A24,,,,,
SLC30A8,,,,,
SLC44A1,,,,,
SLCO1B1,,,,,
SNORD13,,,,,
SNX22,,,,,
STX19,,,,,
TMED3,,,,,
TMEM26,,,,,
TMTC2,,,,,
TRG-AS1,,,,,
ZNF154,,,,,
ACTL6A,,,,,
ADAMTS20,,,,,
BCL2L14,,,,,
BMP2K,,,,,
BVES,,,,,
GLYATL1,,,,,
HEATR5A,,,,,
LGALS1,,,,,
LINC01478,,,,,
LINC01549,,,,,
NXPE1,,,,,
PRDX1,,,,,
SELE,,,,,
SEMA4D,,,,,
SLC30A10,,,,,
TNIP2,,,,,
APLF,,,,,
ATOX1,,,,,
BCYRN1,,,,,
CCDC18,,,,,
DEPDC1B,,,,,
FAM178B,,,,,
LINC00899,,,,,
LINC01340,,,,,
LOXL2,,,,,
MICALL1,,,,,
NDUFB7,,,,,
NREP-AS1,,,,,
PKD2L2,,,,,
PRKX,,,,,
RNF212B,,,,,
SLC12A9,,,,,
SLFN5,,,,,
ZNF181,,,,,
ZNF621,,,,,
ZNF763,,,,,
PRKCQ-AS1,,,,,
MAP3K19,,,,,
DCHS2,,,,,
BDNF-AS,,,,,
DGKB,,,,,
FOXN3-AS2,,,,,
PROSER2,,,,,
WDR64,,,,,
LINC00960,,,,,
NKAIN1,,,,,
IVD,,,,,
SPINT2,,,,,
GPAM,,,,,
GPR39,,,,,
LINC00539,,,,,
LINC01445,,,,,
LINC01470,,,,,
ATP13A5,,,,,
JUP,,,,,
COPE,,,,,
PIGH,,,,,
ZNF571,,,,,
C1orf87,,,,,
ENTHD1,,,,,
SSR4,,,,,
ZNF738,,,,,
SDC3,,,,,
ZEB1-AS1,,,,,
APCDD1L,,,,,
BTBD16,,,,,
BVES-AS1,,,,,
CASC19,,,,,
EFS,,,,,
ERBB3,,,,,
FAM114A1,,,,,
FIP1L1,,,,,
GLIPR2,,,,,
IPO9-AS1,,,,,
KEL,,,,,
KIF19,,,,,
LGI3,,,,,
LPAR1,,,,,
NALCN-AS1,,,,,
PPP3CB-AS1,,,,,
RHOU,,,,,
SGO2,,,,,
SMC4,,,,,
TBC1D8B,,,,,
TYMSOS,,,,,
ZBTB32,,,,,
DNM3OS,,,,,
SCEL,,,,,
TYMS,,,,,
ZNF302,,,,,
ADIPOR2,,,,,
ANLN,,,,,
CERCAM,,,,,
CLMN,,,,,
HHIP,,,,,
HIP1,,,,,
LINC00639,,,,,
LINC01608,,,,,
MBP,,,,,
MOBP,,,,,
CCDC15,,,,,
RAB9A,,,,,
TMEM123,,,,,
LINC00598,,,,,
ANO2,,,,,
GPM6A,,,,,
HELZ2,,,,,
NTM-AS1,,,,,
TTF2,,,,,
TTTY10,,,,,
PSG8,,,,,
TST,,,,,
AFP,,,,,
AOX1,,,,,
ASB4,,,,,
AZGP1,,,,,
EVI2A,,,,,
FAM53A,,,,,
FUT10,,,,,
ISOC1,,,,,
KMT2B,,,,,
LINC00840,,,,,
MZF1-AS1,,,,,
PHF19,,,,,
QRFPR,,,,,
ZKSCAN2,,,,,
ZNF663P,,,,,
MCMDC2,,,,,
AGBL3,,,,,
AHCYL2,,,,,
CLDND1,,,,,
ENO4,,,,,
GAS1,,,,,
HAPLN2,,,,,
MAGEC3,,,,,
MAMDC2-AS1,,,,,
NOC3L,,,,,
RIT2,,,,,
SLC47A1,,,,,
SMPX,,,,,
XG,,,,,
ZFPM2,,,,,
DSCAM,,,,,
GRM7,,,,,
KHDRBS3,,,,,
MIR2052HG,,,,,
RASAL1,,,,,
SORCS3,,,,,
TMEM132D,,,,,
RARRES1,,,,,
DERA,,,,,
LINC00582,,,,,
PCAT1,,,,,
SAMMSON,,,,,
SLC25A48,,,,,
TXNL4B,,,,,
CAPN9,,,,,
EIF5A2,,,,,
LGALS3BP,,,,,
NPY6R,,,,,
P2RY10,,,,,
PLPP2,,,,,
TTF1,,,,,
GPR17,,,,,
LMF1-AS1,,,,,
SGO1,,,,,
URM1,,,,,
ZKSCAN5,,,,,
ANKRD30B,,,,,
FOLH1,,,,,
LGR6,,,,,
CYB5R2,,,,,
MAGEF1,,,,,
SCOC-AS1,,,,,
ATP8B5P,,,,,
LINC01023,,,,,
SLC9A3R2,,,,,
SPINK13,,,,,
ZNF18,,,,,
GIPR,,,,,
RAP2C-AS1,,,,,
PLIN5,,,,,
DIAPH3,,,,,
SLC25A21,,,,,
LINC00351,,,,,
C12orf56,,,,,
C4orf48,,,,,
CAT,,,,,
CCDC13-AS1,,,,,
EAF2,,,,,
LSMEM2,,,,,
MPST,,,,,
PCCA-AS1,,,,,
PEX11G,,,,,
SLC26A9,,,,,
TMCC2,,,,,
C17orf64,,,,,
ERI1,,,,,
LINC01416,,,,,
MYH7B,,,,,
SEPSECS,,,,,
STX4,,,,,
TMEM45B,,,,,
ZNF34,,,,,
LPGAT1,,,,,
PDE3B,,,,,
L3MBTL4-AS1,,,,,
OARD1,,,,,
AFMID,,,,,
GJC2,,,,,
SFTPC,,,,,
DDO,,,,,
DNAH17,,,,,
CENPF,,,,,
NPFFR2,,,,,
NUF2,,,,,
BCAT2,,,,,
C4BPA,,,,,
CCNB3,,,,,
PPP1R14A,,,,,
RERGL,,,,,
RNH1,,,,,
HPN,,,,,
WARS2,,,,,
NGB,,,,,
SCN11A,,,,,
STPG2-AS1,,,,,
C21orf62,,,,,
GDNF,,,,,
IFIT3,,,,,
RNASE1,,,,,
SLC4A2,,,,,
TRADD,,,,,
ALDH1L1-AS2,,,,,
ARFGAP1,,,,,
ART4,,,,,
ATE1-AS1,,,,,
ATP6V0D2,,,,,
BOK-AS1,,,,,
C21orf91,,,,,
CASC9,,,,,
CCNB2,,,,,
CDH10,,,,,
CLDN15,,,,,
CPB2-AS1,,,,,
CTNS,,,,,
GACAT3,,,,,
GNGT1,,,,,
GPIHBP1,,,,,
IQGAP1,,,,,
JRKL,,,,,
LINC00844,,,,,
LINC01170,,,,,
LINC01508,,,,,
LINC01625,,,,,
MAN2A1,,,,,
MAPT-AS1,,,,,
MKRN3,,,,,
MT1F,,,,,
NAALADL2-AS2,,,,,
NIPAL4,,,,,
NOL8,,,,,
PI16,,,,,
PRDM12,,,,,
PRSS48,,,,,
RAB6C-AS1,,,,,
S100B,,,,,
SLC35F1,,,,,
SPATA45,,,,,
SPATA9,,,,,
SYCE2,,,,,
TAS1R1,,,,,
TLDC2,,,,,
TMEM165,,,,,
TMEM235,,,,,
UBL7-AS1,,,,,
ZBTB3,,,,,
ADAMTS14,,,,,
ARRDC5,,,,,
CD22,,,,,
CHADL,,,,,
CNP,,,,,
COL6A6,,,,,
EMC10,,,,,
ITGA2,,,,,
LINC00972,,,,,
MATN1-AS1,,,,,
NDUFB9,,,,,
PCYT1B-AS1,,,,,
PLLP,,,,,
SAXO1,,,,,
SLC6A8,,,,,
ST3GAL5-AS1,,,,,
SUN2,,,,,
TTYH2,,,,,
ZBTB8A,,,,,
AGER,,,,,
HPGD,,,,,
KDM4A-AS1,,,,,
LINC00612,,,,,
LINC00926,,,,,
NCMAP,,,,,
NT5C,,,,,
NUP37,,,,,
PLEKHA7,,,,,
SCO2,,,,,
SHMT1,,,,,
ZNF843,,,,,
LINC01363,,,,,
SLC22A25,,,,,
SPINK5,,,,,
UNC13D,,,,,
APOBEC3G,,,,,
KLK6,,,,,
SNHG18,,,,,
IL26,,,,,
SRPRB,,,,,
STK31,,,,,
BBOX1,,,,,
GABRG1,,,,,
GPC5-AS2,,,,,
HMSD,,,,,
KLRC4-KLRK1,,,,,
NT5DC2,,,,,
PZP,,,,,
ACAD10,,,,,
HIRIP3,,,,,
HMGXB4,,,,,
LINC01222,,,,,
MDC1-AS1,,,,,
NDC1,,,,,
ROMO1,,,,,
ZNF439,,,,,
TCN2,,,,,
DUOX1,,,,,
GLIPR1L1,,,,,
CTNNA2,,,,,
CD72,,,,,
CMTM5,,,,,
RORA-AS1,,,,,
GLA,,,,,
HMGN2P46,,,,,
HS3ST5,,,,,
LINC00996,,,,,
LYPLAL1-AS1,,,,,
MMP21,,,,,
ZBTB20-AS4,,,,,
AGGF1,,,,,
ASB14,,,,,
SF3B5,,,,,
HADHB,,,,,
HEPN1,,,,,
LINC00320,,,,,
NUP210L,,,,,
POLR2F,,,,,
SPANXA2-OT1,,,,,
NAALADL2-AS3,,,,,
ZSCAN32,,,,,
JOSD2,,,,,
NENF,,,,,
SCD,,,,,
CFAP54,,,,,
FAM186A,,,,,
LINC01194,,,,,
SLC16A8,,,,,
RCAN3AS,,,,,
SMC1B,,,,,
TIGD1,,,,,
VSTM4,,,,,
ZNF728,,,,,
KCNAB1-AS2,,,,,
LINC00870,,,,,
UPB1,,,,,
OVCH2,,,,,
ZNF614,,,,,
RENBP,,,,,
ADH4,,,,,
F11-AS1,,,,,
PDE6H,,,,,
ANKRD65,,,,,
NPY,,,,,
C7orf61,,,,,
PPP1R36,,,,,
PXK,,,,,
COL4A6,,,,,
TSIX,,,,,
OPALIN,,,,,
TF,,,,,
TMEM88B,,,,,
AK7,,,,,
ASZ1,,,,,
CAMK2G,,,,,
CDHR3,,,,,
CUBN,,,,,
DNAH12,,,,,
LINC00499,,,,,
MIOX,,,,,
SUGCT,,,,,
GINS4,,,,,
TMEM258,,,,,
ZNF550,,,,,
MEIS1-AS2,,,,,
DOCK9-AS1,,,,,
ETFB,,,,,
C12orf60,,,,,
ZNF806,,,,,
DNAH7,,,,,
C9orf153,,,,,
AKAP3,,,,,
SLC9A9-AS1,,,,,
PSMA7,,,,,
CACNA2D3,,,,,
FAT3,,,,,
ATP11A-AS1,,,,,
BST1,,,,,
CPA1,,,,,
GPD1,,,,,
ICOSLG,,,,,
IZUMO4,,,,,
BCL2L12,,,,,
LINC01480,,,,,
NUPR1,,,,,
TMPRSS12,,,,,
C1orf122,,,,,
TIGD7,,,,,
CLTCL1,,,,,
PCSK6-AS1,,,,,
SPATA3-AS1,,,,,
C5orf17,,,,,
CLEC2A,,,,,
POLR2I,,,,,
PRR18,,,,,
QDPR,,,,,
SLC31A2,,,,,
SSNA1,,,,,
ZNF488,,,,,
ADORA2A-AS1,,,,,
DUS2,,,,,
TIGD2,,,,,
MOG,,,,,
PPP5D1,,,,,
SLC2A2,,,,,
WDR83,,,,,
ABCA8,,,,,
CYP27C1,,,,,
ZNF737,,,,,
EXO5,,,,,
LINC00906,,,,,
CNDP1,,,,,
OLAH,,,,,
LINC00271,,,,,
ARHGEF26-AS1,,,,,
TYR,,,,,
TRPV5,,,,,
KCTD16,,,,,
OPCML,,,,,
WDR88,,,,,
LINC00535,,,,,
DCST2,,,,,
IRGM,,,,,
ZGPAT,,,,,
BTBD17,,,,,
UQCRBP1,,,,,
NUDT1,,,,,
ZHX1,,,,,
ZNF514,,,,,
LINC01291,,,,,
TIGD3,,,,,
SLC25A18,,,,,
ANKDD1A,,,,,
ATAD3C,,,,,
LINC00922,,,,,
