att_D_no_prior_0 - 0.9-1.1,att_D_no_prior_0 - 4.5-5.5,att_D_no_prior_0 - 9.0-11.0,_BACKGROUND
ABCA1,A2M,ABCB1,A1CF
ABHD3,ACSL1,ABCC4,A2M
ACOT11,ADAM28,AHNAK,A2MP1
ACSL5,ADAP2,ALOX5,A4GALT
ADAMTS12,ALPK1,ANKRD44,AADACL2-AS1
ADAMTS9,ANKS1A,ANKS1A,AATK
ADAP2,ANO4,ANO2,ABCA1
ADARB2,ANO6,AOAH,ABCA10
ADGRE2,ANXA3,APBB1IP,ABCA12
ADGRE5,AOAH,ARHGAP22,ABCA2
ADGRG1,APMAP,ARHGAP24,ABCA6
ADGRG6,ARHGAP10,ARHGAP25,ABCA8
ADGRL4,ARHGAP24,ATP8B4,ABCA9
ADPGK,ARHGAP6,BACH2,ABCB1
AEBP1,ARRB2,BMP2K,ABCB4
AHDC1,ATP10B,BNC2,ABCC4
AIDA,ATP1A2,C1QB,ABCC9
AKAP13,ATP8B4,C3,ABCG2
AKNA,B4GALT1,CARD11,ABHD15
ALOX12P2,BCAS1,CD53,ABHD3
ALOX15B,BCL6,CHST11,ABI3
ALPK1,BHLHE41,CPED1,ABI3BP
AMOT,BMP2K,CREB5,ABL1
ANGPTL4,BNC2,CSF1R,ABLIM1
ANKRD44,C1QB,CSF3R,ABO
ANLN,C1QC,CTSC,ABR
ANO2,CABLES1,CX3CR1,ABTB2
ANO4,CACHD1,DISC1,ACAA1
APLNR,CCND3,DLEU1,ACACB
APMAP,CD247,DOCK2,ACAD10
APOC1,CD44,DOCK8,ACADL
APOE,CD58,ELOVL7,ACAN
APOL3,CD86,ENTPD1,ACAP1
ARHGAP18,CD96,ERG,ACER2
ARHGAP22,CDH20,ETV6,ACKR1
ARHGAP25,CHD7,FGD2,ACKR3
ARHGAP30,CHST11,FLI1,ACO1
ARHGAP31,CHSY1,HCK,ACOT1
ARHGDIB,CIITA,HERC2P3,ACOT11
ARHGEF10L,CLDN5,IFI44L,ACP7
ARHGEF26,CLEC2D,IKZF1,ACSBG1
ARID5A,CLEC7A,IL6ST,ACSF2
ARRB2,CMKLR1,INPP5D,ACSL1
ATF3,CMTM7,IRF8,ACSL5
ATF6,COTL1,ITGAM,ACSM3
ATP13A4,CPVL,ITPR2,ACSM5
ATRNL1,CSF1R,KCNK13,ACSS1
AXL,CSF3R,LAPTM5,ACSS3
B2M,CTSC,LAT2,ACTA2
BACH1,CTSS,LDLRAD4,ACTL6A
BACH2,CTTNBP2NL,LPAR6,ACVR1
BARD1,CYFIP1,LPCAT2,ACVR1C
BBX,CYTH4,LY86,ACVRL1
BCAR3,CYYR1,LYN,ADA
BCAS2,DDX60L,MAML3,ADAM12
BCL2,DLEU1,MGAT4A,ADAM28
BCL6,DLEU7,MIS18BP1,ADAM33
BCLAF1,DOCK8,MSR1,ADAMTS1
BLNK,DUSP1,NCKAP1L,ADAMTS12
BNC2,ELF1,NFIX,ADAMTS14
BROX,EML4,NLRP1,ADAMTS15
BTG2,ENG,PAG1,ADAMTS17
BTK,EPAS1,PALD1,ADAMTS18
C1QA,ERG,PIK3AP1,ADAMTS19
C1QB,ETS2,PIK3R5,ADAMTS20
C1QC,ETV6,PLA2G4A,ADAMTS3
C1RL,EYA2,PLSCR1,ADAMTS4
C1orf162,EYA4,PODXL,ADAMTS6
C1orf54,FAM177B,RBM47,ADAMTS7
C3,FCGBP,RGS10,ADAMTS9
C3AR1,FKBP5,RHBDF2,ADAMTS9-AS1
C4orf45,FLI1,RIN3,ADAMTS9-AS2
C5orf64,FMNL3,RUNX1,ADAMTSL1
C7,FOS,SAMSN1,ADAMTSL2
CACNG4,FOXN3,SAT1,ADAMTSL3
CAMKMT,FOXO1,SCIN,ADAMTSL4
CANX,FOXP2,SFMBT2,ADAP2
CASP10,GAB3,SLA,ADARB1
CASP4,GCNT2,SLC2A5,ADARB2
CASP8,GLI3,SLC4A7,ADARB2-AS1
CCDC88B,GNA13,SLC9A9,ADCY10P1
CCND1,GNB4,SLCO2B1,ADCY2
CCND3,GRB2,SMAP2,ADCY7
CD14,HERPUD1,SOCS6,ADCY8
CD163,HIF1A,SORL1,ADD3-AS1
CD300A,HIF3A,SRGAP2B,ADGRA3
CD36,HLA-B,SRGAP2C,ADGRD1
CD4,HLA-DRB1,SRGN,ADGRE2
CD58,HS3ST4,ST6GAL1,ADGRE4P
CD6,HSPB1,SWAP70,ADGRE5
CD83,IFNGR1,SYK,ADGRF5
CD93,IGSF21,TBC1D4,ADGRG1
CDC42EP4,IKZF1,TBXAS1,ADGRG2
CDH13,IL10RA,TCF12,ADGRG5
CDH18,INSIG1,TCF7L1,ADGRG6
CDH23,IRAK3,TGFBR1,ADGRL2
CDH5,IRF8,TRIM38,ADGRL4
CDH9,ITGAX,USP53,ADGRV1
CDK19,ITK,UTRN,ADH4
CDKN1A,ITPR2,VAV1,ADIPOR2
CEACAM21,JAK3,VWF,ADIRF
CEBPA,JUN,WDFY4,ADM
CEBPB,KCNQ1,WWTR1,ADNP
CEBPD,KCTD12,XAF1,ADNP2
CFAP47,LAMA1,YAP1,ADORA2A-AS1
CFH,LAPTM5,ZC3HAV1,ADORA2B
CFLAR,LAT2,,ADPGK
CHST11,LCP2,,ADRA1A
CHST15,LDLR,,ADRA1B
CIITA,LEF1,,ADRB2
CLEC14A,LIMK2,,AEBP1
CLEC2D,LINC00578,,AEBP2
CLEC5A,LINC01088,,AFAP1L1
CMAHP,LINC01141,,AFAP1L2
CMKLR1,LINC01410,,AFF4
CMTM7,LPAR5,,AFMID
CNP,LPCAT2,,AFP
CNPY3,LRRK1,,AGA
CNTN2,LRRK2,,AGAP2
CNTN4,LYN,,AGBL1
COBLL1,MAF,,AGBL3
COL20A1,MAML2,,AGER
COL27A1,MAP3K8,,AGGF1
COL4A1,MECOM,,AGMAT
COL4A2,MEGF11,,AGMO
COL6A3,MGST2,,AGT
COL9A1,MIS18BP1,,AGTRAP
COLGALT1,MSR1,,AHCTF1
CPED1,MTHFD1L,,AHCY
CRIM1,NFATC2,,AHCYL1
CSF1R,NFE2L2,,AHCYL2
CSF3R,NFIB,,AHDC1
CTSZ,NOTCH2,,AHNAK
CXCL14,OPRM1,,AHR
CXCL16,P2RY12,,AIDA
CYBRD1,PALD1,,AIF1
CYP1B1,PARVB,,AIF1L
CYTH4,PCAT19,,AIM2
CYYR1,PFKFB3,,AIRE
DACH1,PIP4K2A,,AK7
DAP,PLA2G4A,,AKAP12
DCBLD1,PLCB2,,AKAP13
DDIT4,PLEK,,AKAP3
DEF6,PLEKHH1,,AKNA
DENND2A,PLSCR4,,AKR1A1
DISC1,POU2F2,,AKR1C2
DLC1,PRKY,,AKR1D1
DLEU1,PTPRB,,ALDH1A1
DLL4,PTPRG,,ALDH1A2
DOCK4-AS1,RAB20,,ALDH1L1
DOCK5,RASGEF1C,,ALDH1L1-AS2
DPP10-AS3,RBM47,,ALDH3B1
DPYSL3,RCSD1,,ALK
DPYSL5,REL,,ALOX12P2
DRAM1,RGS10,,ALOX15B
DUSP10,RHBDF2,,ALOX5
DUSP6,RNF144B,,ALOX5AP
E2F3,RREB1,,ALPK1
EBF1,RUNX1,,ALPK3
EBI3,RUNX2,,ALPL
EGFL7,RUNX3,,ALX3
EGR3,S100Z,,ALX4
EHBP1L1,SAMHD1,,AMER2
ELF1,SAMSN1,,AMOT
ELF2,SEC14L1,,AMOTL1
ELK3,SFMBT2,,AMOTL2
EMCN,SH3RF3,,AMZ1
EMP2,SH3TC1,,AMZ2
ENG,SHROOM4,,ANGPT1
ENPEP,SIPA1L2,,ANGPT2
ENTPD1,SKAP2,,ANGPTL4
ENTPD1-AS1,SLA,,ANK1
EPB41L4A,SLC16A9,,ANKDD1A
EPN2,SLC1A3,,ANKFN1
EPS8,SLC25A37,,ANKRD18A
ERBB3,SLC2A3,,ANKRD20A11P
ERG,SLC7A11,,ANKRD22
ESAM,SLC7A14,,ANKRD30B
ESR1,SLC7A2,,ANKRD36BP1
ESRRB,SLC8A1-AS1,,ANKRD37
ESRRG,SMAP2,,ANKRD44
ETNPPL,SND1,,ANKRD55
ETS1,SOX10,,ANKRD65
ETS2,SP110,,ANKS1A
ETV5,SPON1,,ANKUB1
ETV6,SREBF2,,ANLN
EYA2,SRGAP2B,,ANO2
EZR,ST6GAL1,,ANO3
F13A1,ST8SIA4,,ANO4
FAM110B,STAB1,,ANO6
FAM149A,SUSD6,,ANOS1
FAM160A1,SVIL,,ANP32AP1
FAM189A2,SYK,,ANTXR2
FAM20A,SYNE2,,ANXA1
FAM89A,SYTL3,,ANXA11
FAT1,TBC1D14,,ANXA2
FBXL7,TCF12,,ANXA3
FCGR1B,TCF7L1,,ANXA5
FCGR1CP,TCF7L2,,AOAH
FCGRT,TFEC,,AOX1
FERMT3,TG,,APAF1
FEZ1,TGFBR1,,APBB1IP
FGD2,TGFBR3,,APCDD1
FGD3,THEMIS2,,APCDD1L
FGF2,TLR1,,APEX1
FKBP5,TLR10,,APEX2
FLI1,TM6SF1,,APLF
FLT1,TMSB4X,,APLN
FLT3,TNFAIP8,,APLNR
FLVCR2,TNFRSF1A,,APMAP
FMN1,TNFRSF1B,,APOA1-AS
FMNL1,TNS1,,APOBEC2
FN1,TNS3,,APOBEC3G
FOS,TRAF3IP3,,APOC1
FOSB,TRIM5,,APOD
FOSL2,TSPAN14,,APOE
FOXC1,VAV1,,APOL3
FOXN2,VSIG4,,APOL6
FOXN3,WDFY4,,APOLD1
FOXO1,WDR49,,AQP1
FOXP2,ZEB1,,AQP4
FPR1,ZEB2,,AQP4-AS1
GAB3,ZFP36L1,,AR
GADD45B,ZNF536,,ARFGAP1
GALM,ZNF710,,ARG1
GALNT10,,,ARG2
GATA2,,,ARGFX
GATAD2A,,,ARHGAP10
GCNT2,,,ARHGAP15
GFAP,,,ARHGAP18
GGT5,,,ARHGAP22
GIMAP8,,,ARHGAP24
GJA1,,,ARHGAP25
GJC1,,,ARHGAP26
GK,,,ARHGAP26-AS1
GLRX,,,ARHGAP27
GMIP,,,ARHGAP28
GMPR,,,ARHGAP29
GNB4,,,ARHGAP30
GNG11,,,ARHGAP31
GNG12-AS1,,,ARHGAP31-AS1
GPAT3,,,ARHGAP4
GPC5,,,ARHGAP42
GPC6,,,ARHGAP6
GPCPD1,,,ARHGAP9
GPR160,,,ARHGDIB
GPR183,,,ARHGEF1
GPR34,,,ARHGEF10L
GPR37,,,ARHGEF26
GPR65,,,ARHGEF26-AS1
GPRIN3,,,ARHGEF28
GRAMD1A,,,ARHGEF38
GRAP2,,,ARHGEF4
GRB2,,,ARHGEF40
GRIK1,,,ARHGEF6
GRIN2C,,,ARID3A
GRM8,,,ARID3B
GULP1,,,ARID3C
GYPC,,,ARID5A
HAVCR2,,,ARID5B
HES4,,,ARL15
HIF1A,,,ARL5A
HIF3A,,,ARMC3
HIGD1B,,,ARNT
HK2,,,ARNT2
HLA-DMB,,,ARNTL
HLA-DPA1,,,ARNTL2
HLA-DRA,,,ARRB2
HLA-DRB1,,,ARRDC2
HLA-E,,,ARRDC3
HLA-F,,,ARRDC3-AS1
HMBOX1,,,ARRDC4
HMOX1,,,ARRDC5
HNMT,,,ARSI
HNRNPH3,,,ARSJ
HPGDS,,,ART4
HS3ST4,,,ARX
HSP90AA1,,,ASAP3
HSPA1A,,,ASB14
HSPA2,,,ASB18
HSPD1,,,ASB4
ID1,,,ASCC1
ID2,,,ASCL1
ID3,,,ASCL2
ID4,,,ASH2L
IDI1,,,ASIC2
IER3,,,ASIC4
IER5,,,ASPA
IFI16,,,ASPH
IFI44,,,ASPN
IFI44L,,,ASPSCR1
IFNGR1,,,ASTN2-AS1
IGFBP5,,,ASZ1
IGSF6,,,ATAD3C
IKBKE,,,ATE1-AS1
IKZF1,,,ATF1
IL17RA,,,ATF2
IL1B,,,ATF3
IL6R,,,ATF4
IL6ST,,,ATF5
INPP5D,,,ATF6
IQGAP1,,,ATF6B
IQGAP2,,,ATF7
IRAK3,,,ATG16L2
IRF2,,,ATOH7
IRF5,,,ATOH8
IRF7,,,ATOX1
IRF8,,,ATP10A
ISG20,,,ATP10B
ITGA5,,,ATP11A-AS1
ITGAM,,,ATP11C
ITGAX,,,ATP13A4
ITGB2,,,ATP13A5
ITGB4,,,ATP1A2
ITGB5,,,ATP1B3
ITK,,,ATP2A3
JAG1,,,ATP2C2
JAK3,,,ATP6V0D2
JAZF1,,,ATP7B
JDP2,,,ATP8B1
JUN,,,ATP8B4
JUNB,,,ATP8B5P
JUND,,,ATRNL1
KCND2,,,AVEN
KCNE4,,,AXL
KCNMB1,,,AZGP1
KCTD12,,,B2M
KCTD8,,,B3GAT2
KDM7A,,,B3GNT5
KIAA1217,,,B4GALT1
KIF26B,,,BAALC
KLF12,,,BAALC-AS1
KLF2,,,BACE2
KLF4,,,BACH1
KREMEN1,,,BACH2
KYNU,,,BAD
LAIR1,,,BAG3
LAMA2,,,BAIAP2L1
LAMA4,,,BAMBI
LAPTM4A,,,BANK1
LAPTM5,,,BANP
LCP1,,,BARD1
LDB3,,,BARX2
LDLRAD3,,,BATF
LEF1,,,BATF3
LGALS9,,,BAX
LHFPL2,,,BAZ1A
LHFPL3-AS1,,,BBOX1
LILRB1,,,BBOX1-AS1
LILRB4,,,BBX
LIMD1,,,BCAM
LIMK2,,,BCAN
LINC00578,,,BCAR3
LINC01091,,,BCAS1
LINC01094,,,BCAS2
LINC01197,,,BCAT2
LINC01410,,,BCHE
LINC01605,,,BCL11A
LIPG,,,BCL11B
LMO1,,,BCL2
LMO2,,,BCL2A1
LPAR5,,,BCL2L11
LPCAT2,,,BCL2L12
LPGAT1,,,BCL2L14
LPXN,,,BCL3
LRIG1,,,BCL6
LRRK1,,,BCL6B
LRRK2,,,BCLAF1
LST1,,,BCYRN1
LTBR,,,BDNF
LY86,,,BDNF-AS
LYL1,,,BDP1
LYVE1,,,BEND7
LZTS1,,,BEST1
MAF,,,BEST3
MAFB,,,BGN
MAML2,,,BHLHA15
MAN1A1,,,BHLHE22
MAOA,,,BHLHE40
MAOB,,,BHLHE41
MAP3K14,,,BICC1
MAP3K8,,,BIN2
MARCKSL1,,,BIRC3
MASP1,,,BLM
MEF2C,,,BLNK
MEPE,,,BMF
METTL7A,,,BMP2
MGAT1,,,BMP2K
MIR34AHG,,,BMP5
MITF,,,BMP6
MKNK1-AS1,,,BMP7
MLKL,,,BMPER
MMRN1,,,BMPR1B
MNDA,,,BMX
MOB3A,,,BNC1
MPZL1,,,BNC2
MRC1,,,BOC
MRC2,,,BOK
MS4A14,,,BOK-AS1
MS4A6A,,,BOLL
MSC-AS1,,,BPTF
MSI2,,,BRCA1
MSN,,,BRCA2
MT2A,,,BRF1
MTSS1,,,BRF2
MX2,,,BRINP3
MXI1,,,BROX
MYO10,,,BSG
MYO16,,,BST1
MYO1B,,,BST2
MYO1E,,,BSX
MYO1F,,,BTBD11
MYO7A,,,BTBD16
MYOF,,,BTBD17
NABP1,,,BTG1
NAMPT,,,BTG2
NCK2,,,BTG3
NCKAP1L,,,BTK
NCOA2,,,BTN2A2
NDUFA4L2,,,BTN3A1
NEAT1,,,BTN3A2
NEK6,,,BTNL9
NET1,,,BVES
NFAT5,,,BVES-AS1
NFATC2,,,C10orf90
NFIA,,,C11orf65
NFIB,,,C12orf42
NFIL3,,,C12orf56
NFIX,,,C12orf60
NFKB1,,,C12orf75
NFKBIA,,,C17orf64
NHSL1,,,C18orf54
NID1,,,C19orf25
NKAIN3,,,C1QA
NKD1,,,C1QB
NKX6-2,,,C1QC
NMU,,,C1QL1
NOTCH2,,,C1QTNF1
NOTCH3,,,C1QTNF7
NPL,,,C1R
NR2F2,,,C1RL
NR2F2-AS1,,,C1orf112
NR4A3,,,C1orf122
NRF1,,,C1orf162
NRG1,,,C1orf195
NRIP3,,,C1orf54
NRP1,,,C1orf56
NRP2,,,C1orf87
NXN,,,C20orf197
NXPH1,,,C21orf62
OAS1,,,C21orf62-AS1
OSGIN2,,,C21orf91
P3H2,,,C21orf91-OT1
PADI2,,,C22orf34
PALLD,,,C2CD2
PAPOLG,,,C2orf76
PARP14,,,C2orf83
PARP15,,,C3
PARP9,,,C3AR1
PARVG,,,C4BPA
PAX6,,,C4orf19
PCDH15,,,C4orf45
PCED1B,,,C4orf48
PCED1B-AS1,,,C5
PDE1A,,,C5AR1
PDGFB,,,C5AR2
PDGFD,,,C5orf17
PDGFRA,,,C5orf64
PDGFRB,,,C7
PDK1,,,C7orf31
PDZRN3,,,C7orf61
PER1,,,C8orf34
PHACTR2,,,C8orf34-AS1
PHF21B,,,C9orf153
PIGC,,,CA1
PIK3CD,,,CA10
PIK3R5,,,CA12
PIM1,,,CA14
PLA2G7,,,CA2
PLAGL1,,,CA3
PLAUR,,,CA3-AS1
PLCB2,,,CA4
PLEK,,,CA8
PLEKHO1,,,CABLES1
PLOD2,,,CABP4
PLP1,,,CACHD1
PLPP3,,,CACNA2D3
PLSCR1,,,CACNB2
PLXND1,,,CACNG4
PMEPA1,,,CACNG5
PODXL,,,CADPS2
POSTN,,,CAHM
POU2F1,,,CALB2
POU2F2,,,CALCB
PPFIBP1,,,CALCR
PPP1CB,,,CALCRL
PPP1R3C,,,CALD1
PRDM1,,,CALN1
PRDM16,,,CALR
PREX1,,,CAMK2G
PREX2,,,CAMKMT
PRKCD,,,CANX
PRKCH,,,CAP1
PRKX,,,CAPG
PRKY,,,CAPN13
PRNP,,,CAPN9
PRR5,,,CARD11
PRR5L,,,CARD14
PRRX1,,,CARD6
PSMA1,,,CARD8
PTCHD1,,,CARD9
PTH1R,,,CARF
PTPRC,,,CARMN
PTPRE,,,CARNS1
PTPRZ1,,,CARTPT
RAB31,,,CASC15
RAB39A,,,CASC17
RAB3IP,,,CASC19
RAB7A,,,CASC6
RAD21,,,CASC9
RAI14,,,CASP1
RAMP2,,,CASP10
RAMP3,,,CASP4
RANBP3L,,,CASP7
RASAL3,,,CASP8
RASIP1,,,CASS4
RASSF2,,,CAT
RASSF3,,,CATSPERG
RASSF8,,,CAV1
RBM47,,,CAV2
RBMS3-AS3,,,CAV3
RCBTB2,,,CBFA2T2
RCSD1,,,CBFB
REL,,,CBLB
RELB,,,CBLN2
RELL1,,,CBX7
RFX2,,,CC2D2B
RFX4,,,CCBE1
RGMA,,,CCDC102B
RGR,,,CCDC122
RGS1,,,CCDC13-AS1
RGS12,,,CCDC141
RGS16,,,CCDC15
RGS19,,,CCDC150
RGS3,,,CCDC152
RHBDF2,,,CCDC160
RIN2,,,CCDC168
RIN3,,,CCDC169-SOHLH2
RIPK2,,,CCDC18
RNASEH2B-AS1,,,CCDC190
RNF144B,,,CCDC25
RPL41,,,CCDC26
RPS16,,,CCDC50
RPS20,,,CCDC60
RREB1,,,CCDC68
RTTN,,,CCDC69
RUNX1,,,CCDC80
RUNX2,,,CCDC88B
RUNX3,,,CCDC88C
RYR3,,,CCDC97
S100Z,,,CCK
SAMD5,,,CCL2
SAMD9L,,,CCL3
SASH3,,,CCL4
SAT1,,,CCL4L2
SCARF1,,,CCL5
SDCBP,,,CCNB2
SDK1,,,CCNB3
SELPLG,,,CCND1
SEMA3E,,,CCND3
SEMA5A,,,CCNE2
SERPINB9,,,CCNG2
SERPINE1,,,CCNT2
SERPINE2,,,CCR1
SH2B3,,,CD109
SH2D4A,,,CD14
SH3BP4,,,CD163
SIGLEC10,,,CD163L1
SIRPB2,,,CD22
SKAP1,,,CD226
SLC12A7,,,CD247
SLC14A1,,,CD274
SLC15A3,,,CD300A
SLC16A1,,,CD302
SLC16A3,,,CD320
SLC16A9,,,CD33
SLC1A2,,,CD34
SLC1A3,,,CD36
SLC1A5,,,CD37
SLC25A37,,,CD38
SLC26A7,,,CD4
SLC2A1,,,CD40
SLC2A9,,,CD44
SLC37A2,,,CD53
SLC38A11,,,CD55
SLC39A8,,,CD58
SLC47A1,,,CD59
SLC4A7,,,CD6
SLC7A1,,,CD63
SLC7A14,,,CD69
SLC7A7,,,CD72
SLC9A3R2,,,CD74
SLC9A9,,,CD82
SLCO1C1,,,CD83
SLFN5,,,CD84
SMAD1,,,CD86
SMAD3,,,CD9
SMAD6,,,CD93
SMOC2,,,CD96
SNCAIP,,,CDC14A
SNTB1,,,CDC42EP1
SOAT1,,,CDC42EP4
SOCS6,,,CDC5L
SORBS2,,,CDCA7L
SOX10,,,CDCP1
SOX5,,,CDH1
SOX6,,,CDH10
SOX8,,,CDH12
SOX9,,,CDH13
SP100,,,CDH18
SP110,,,CDH19
SP140,,,CDH20
SP140L,,,CDH23
SPI1,,,CDH4
SPON1,,,CDH5
SPRY4,,,CDH6
SPTLC2,,,CDH7
SPTLC3,,,CDH8
SREBF1,,,CDH9
SREBF2,,,CDHR3
SRGAP1,,,CDK18
SRGAP2-AS1,,,CDK19
SRGN,,,CDK2AP1
SRRM3,,,CDK2AP2
ST8SIA6,,,CDKN1A
STAT2,,,CDKN1B
STAT3,,,CDKN1C
STAT6,,,CDKN2A
STEAP1B,,,CDKN2B
SUCLG2,,,CDKN2B-AS1
SUN2,,,CDR2L
SUSD3,,,CDX1
SWAP70,,,CEACAM1
SYT17,,,CEACAM21
SYT6,,,CEBPA
TACC1,,,CEBPB
TAL1,,,CEBPD
TANC1,,,CEBPG
TBC1D14,,,CEBPZ
TBC1D16,,,CELF4
TBX15,,,CELF5
TBXAS1,,,CEMIP
TCF12,,,CENPB
TCF4,,,CENPBD1
TCF4-AS1,,,CENPE
TCF7L1,,,CENPF
TCF7L2,,,CENPP
TCIRG1,,,CENPQ
TEAD1,,,CEP128
TEAD4,,,CEP135
TEP1,,,CEP152
TFEC,,,CEP85
TG,,,CERCAM
TGFA,,,CERS2
TGFBI,,,CERS3
TGFBR1,,,CERS4
TGFBR2,,,CERS5
TGM2,,,CERS6
THEMIS,,,CFAP47
TLR1,,,CFAP54
TLR10,,,CFH
TMCC3,,,CFL2
TMEM119,,,CFLAR
TMEM156,,,CFLAR-AS1
TMEM176B,,,CFTR
TMEM51,,,CGNL1
TMEM63A,,,CH25H
TMEM71,,,CHADL
TMIGD3,,,CHAMP1
TMLHE-AS1,,,CHD1
TMSB4X,,,CHD2
TNFAIP8,,,CHD7
TNFRSF10B,,,CHEK2
TNFRSF10D,,,CHI3L1
TNFRSF13C,,,CHL1-AS1
TNFRSF1A,,,CHMP1B2P
TNFRSF1B,,,CHODL
TNS1,,,CHRDL1
TNS3,,,CHRM2
TOX2,,,CHRM3
TOX3,,,CHRM3-AS2
TPD52L1,,,CHRM5
TPRG1,,,CHRNA7
TPT1,,,CHST11
TRAF3IP3,,,CHST15
TREM2,,,CHST3
TRIM22,,,CHST6
TRIM38,,,CHST8
TRPS1,,,CHST9
TSC22D3,,,CHSY1
TSC22D4,,,CHSY3
TSPAN14,,,CHURC1
TTPA,,,CIB1
TUBA1A,,,CIC
UACA,,,CIITA
UBC,,,CKMT1B
UGP2,,,CKS2
USP53,,,CLCA4
USP6NL,,,CLCN5
UTRN,,,CLDN10
VASH1,,,CLDN14
VCAN,,,CLDN15
VEGFA,,,CLDN5
VIM,,,CLDND1
VSIG4,,,CLEC14A
WAS,,,CLEC17A
WDFY4,,,CLEC19A
WDR49,,,CLEC1A
WIPF1,,,CLEC2A
WNT2B,,,CLEC2B
WNT5A,,,CLEC2D
WWTR1,,,CLEC5A
XACT,,,CLEC7A
XAF1,,,CLEC9A
YES1,,,CLIC1
ZBBX,,,CLIC2
ZBTB16,,,CLIC4
ZBTB20,,,CLIC5
ZBTB37,,,CLK1
ZC3HAV1,,,CLMN
ZEB1,,,CLMP
ZFHX3,,,CLNK
ZFP36L1,,,CLOCK
ZFP36L2,,,CLSTN2
ZFPM2-AS1,,,CLTCL1
ZFX,,,CLU
ZHX2,,,CLUL1
ZHX3,,,CLYBL
ZIC1,,,CMAHP
ZKSCAN1,,,CMKLR1
ZNF217,,,CMTM3
ZNF423,,,CMTM5
ZNF483,,,CMTM6
ZNF516,,,CMTM7
ZNF521,,,CMTM8
ZNF536,,,CNBD1
ZNF704,,,CNDP1
ZNF827,,,CNGA1
ZNF846,,,CNN3
,,,CNOT3
,,,CNOT4
,,,CNOT6
,,,CNOT8
,,,CNP
,,,CNPY3
,,,CNR1
,,,CNTLN
,,,CNTN2
,,,CNTN3
,,,CNTN4
,,,CNTN5
,,,CNTN6
,,,CNTNAP3
,,,CNTNAP5
,,,COBLL1
,,,COL10A1
,,,COL11A1
,,,COL12A1
,,,COL13A1
,,,COL14A1
,,,COL15A1
,,,COL18A1
,,,COL1A2
,,,COL20A1
,,,COL21A1
,,,COL23A1
,,,COL24A1
,,,COL25A1
,,,COL27A1
,,,COL3A1
,,,COL4A1
,,,COL4A2
,,,COL4A3
,,,COL4A4
,,,COL4A5
,,,COL4A6
,,,COL5A2
,,,COL5A3
,,,COL6A2
,,,COL6A3
,,,COL6A6
,,,COL8A1
,,,COL8A2
,,,COL9A1
,,,COL9A2
,,,COL9A3
,,,COLEC12
,,,COLGALT1
,,,COLGALT2
,,,COPE
,,,COQ2
,,,CORO1B
,,,COTL1
,,,CP
,,,CPA1
,,,CPA6
,,,CPAMD8
,,,CPB1
,,,CPB2
,,,CPB2-AS1
,,,CPE
,,,CPEB1
,,,CPED1
,,,CPM
,,,CPNE4
,,,CPNE8
,,,CPO
,,,CPOX
,,,CPS1
,,,CPSF4
,,,CPT1A
,,,CPTP
,,,CPVL
,,,CPXM2
,,,CR1
,,,CRAT37
,,,CRB1
,,,CRB2
,,,CREB1
,,,CREB3
,,,CREB3L1
,,,CREB3L2
,,,CREB3L4
,,,CREB5
,,,CREBL2
,,,CREBZF
,,,CREM
,,,CRH
,,,CRHBP
,,,CRIM1
,,,CRISPLD1
,,,CRISPLD2
,,,CRLF1
,,,CRTC2
,,,CRTC3-AS1
,,,CRX
,,,CRYAB
,,,CRYBG3
,,,CSF1
,,,CSF1R
,,,CSF3R
,,,CSGALNACT1
,,,CSPG4
,,,CSRNP1
,,,CSRP1
,,,CSRP2
,,,CST3
,,,CSTF2
,,,CTBP1
,,,CTBP1-AS
,,,CTCF
,,,CTCFL
,,,CTD-2350J17.1
,,,CTDSP1
,,,CTH
,,,CTNNA2
,,,CTNNB1
,,,CTNS
,,,CTSB
,,,CTSC
,,,CTSH
,,,CTSL
,,,CTSO
,,,CTSS
,,,CTSZ
,,,CTTNBP2NL
,,,CUBN
,,,CUX1
,,,CUX2
,,,CX3CR1
,,,CXCL12
,,,CXCL14
,,,CXCL16
,,,CXCR4
,,,CXXC1
,,,CXXC5
,,,CYB5R1
,,,CYB5R2
,,,CYBA
,,,CYBRD1
,,,CYCS
,,,CYFIP1
,,,CYP1B1
,,,CYP1B1-AS1
,,,CYP27C1
,,,CYP39A1
,,,CYP3A5
,,,CYP4F12
,,,CYP4F3
,,,CYP7B1
,,,CYSLTR1
,,,CYSLTR2
,,,CYTH4
,,,CYTIP
,,,CYTL1
,,,CYYR1
,,,CYYR1-AS1
,,,DAAM2
,,,DAB1
,,,DAB2
,,,DACH1
,,,DACH2
,,,DAGLB
,,,DAP
,,,DAPK2
,,,DAPP1
,,,DAZAP1
,,,DAZAP2
,,,DBI
,,,DBP
,,,DBX2
,,,DCBLD1
,,,DCC
,,,DCDC2
,,,DCDC2C
,,,DCHS2
,,,DCLK2
,,,DCN
,,,DCST2
,,,DDAH1
,,,DDAH2
,,,DDB2
,,,DDIT3
,,,DDIT4
,,,DDO
,,,DDR2
,,,DDX20
,,,DDX21
,,,DDX3Y
,,,DDX4
,,,DDX43
,,,DDX53
,,,DDX60
,,,DDX60L
,,,DEAF1
,,,DEF6
,,,DENND1C
,,,DENND2A
,,,DENND2C
,,,DENND3
,,,DEPDC1B
,,,DEPDC7
,,,DEPTOR
,,,DERA
,,,DGAT2L6
,,,DGCR8
,,,DGKB
,,,DGKG
,,,DGKH
,,,DHCR24
,,,DHCR7
,,,DHRS3
,,,DHRS9
,,,DHX36
,,,DIAPH2
,,,DIAPH2-AS1
,,,DIAPH3
,,,DIDO1
,,,DIO1
,,,DIO2
,,,DIO2-AS1
,,,DIO3OS
,,,DIRC3
,,,DIS3
,,,DISC1
,,,DISC1FP1
,,,DISP1
,,,DKK2
,,,DLC1
,,,DLEU1
,,,DLEU7
,,,DLGAP1
,,,DLGAP1-AS5
,,,DLGAP2
,,,DLL1
,,,DLL4
,,,DLX1
,,,DLX2
,,,DLX4
,,,DLX5
,,,DLX6
,,,DLX6-AS1
,,,DMAP1
,,,DMBX1
,,,DMC1
,,,DMRT1
,,,DMRT2
,,,DMRT3
,,,DMRTA1
,,,DMRTA2
,,,DMRTC2
,,,DNAH11
,,,DNAH12
,,,DNAH17
,,,DNAH7
,,,DNAJA4
,,,DNAJB1
,,,DNAJC21
,,,DNAJC22
,,,DNM1P46
,,,DNM3OS
,,,DNMT1
,,,DNMT3A
,,,DNTTIP1
,,,DOCK11
,,,DOCK2
,,,DOCK4-AS1
,,,DOCK5
,,,DOCK6
,,,DOCK8
,,,DOCK9-AS1
,,,DOHH
,,,DOK1
,,,DOK3
,,,DOK6
,,,DPEP2
,,,DPF1
,,,DPF2
,,,DPP10-AS1
,,,DPP10-AS3
,,,DPRX
,,,DPYD-AS1
,,,DPYSL3
,,,DPYSL5
,,,DR1
,,,DRAIC
,,,DRAM1
,,,DRAP1
,,,DRGX
,,,DSC2
,,,DSCAM
,,,DSP
,,,DTHD1
,,,DTL
,,,DTNA
,,,DTX3L
,,,DUOX1
,,,DUS2
,,,DUS3L
,,,DUSP1
,,,DUSP10
,,,DUSP16
,,,DUSP2
,,,DUSP22
,,,DUSP26
,,,DUSP5
,,,DUSP6
,,,DUX4
,,,DUXA
,,,DYSF
,,,E2F1
,,,E2F2
,,,E2F3
,,,E2F4
,,,E2F5
,,,E2F6
,,,E2F7
,,,E2F8
,,,E4F1
,,,EAF2
,,,EBF1
,,,EBF2
,,,EBF3
,,,EBF4
,,,EBI3
,,,ECHDC3
,,,ECM2
,,,ECSIT
,,,ECT2
,,,EDA
,,,EDA2R
,,,EDN1
,,,EDNRA
,,,EDNRB
,,,EDNRB-AS1
,,,EEF1B2
,,,EEF1D
,,,EFCAB13
,,,EFCAB14-AS1
,,,EFEMP1
,,,EFHD1
,,,EFNA1
,,,EFNA5
,,,EFS
,,,EGFEM1P
,,,EGFL7
,,,EGFLAM
,,,EGFR
,,,EGLN3
,,,EGR1
,,,EGR2
,,,EGR3
,,,EGR4
,,,EHBP1L1
,,,EHD4
,,,EHF
,,,EIF4A3
,,,EIF5A2
,,,ELAVL2
,,,ELF1
,,,ELF2
,,,ELF3
,,,ELF4
,,,ELF5
,,,ELK1
,,,ELK3
,,,ELK4
,,,ELL2
,,,ELMO1-AS1
,,,ELN
,,,ELOVL1
,,,ELOVL2
,,,ELOVL5
,,,ELOVL7
,,,EMB
,,,EMC10
,,,EMCN
,,,EMID1
,,,EMILIN1
,,,EMILIN2
,,,EML3
,,,EML4
,,,EMP1
,,,EMP2
,,,EMP3
,,,EMX1
,,,EMX2
,,,EMX2OS
,,,EN2
,,,ENG
,,,ENO1
,,,ENO4
,,,ENOSF1
,,,ENOX2
,,,ENPEP
,,,ENPP1
,,,ENPP2
,,,ENPP6
,,,ENTHD1
,,,ENTPD1
,,,ENTPD1-AS1
,,,ENTPD2
,,,EOMES
,,,EP300
,,,EPAS1
,,,EPB41L4A
,,,EPHA1-AS1
,,,EPHA2
,,,EPHA3
,,,EPHA5
,,,EPHA6
,,,EPHA7
,,,EPHB1
,,,EPHX1
,,,EPN2
,,,EPN2-AS1
,,,EPOR
,,,EPS8
,,,EPSTI1
,,,ERAP2
,,,ERBB3
,,,ERCC6L
,,,ERG
,,,ERI1
,,,ERMAP
,,,ERMN
,,,ERN1
,,,ERRFI1
,,,ESAM
,,,ESR1
,,,ESR2
,,,ESRP1
,,,ESRRA
,,,ESRRB
,,,ESRRG
,,,ESYT2
,,,ETFB
,,,ETNPPL
,,,ETS1
,,,ETS2
,,,ETV1
,,,ETV2
,,,ETV3
,,,ETV4
,,,ETV5
,,,ETV6
,,,ETV7
,,,EVC2
,,,EVI2A
,,,EVI2B
,,,EWSR1
,,,EXO5
,,,EXPH5
,,,EYA1
,,,EYA2
,,,EYA4
,,,EYS
,,,EZH2
,,,EZR
,,,F11-AS1
,,,F11R
,,,F13A1
,,,F2R
,,,F3
,,,F8
,,,FA2H
,,,FAAP24
,,,FABP7
,,,FAM107A
,,,FAM107B
,,,FAM110B
,,,FAM111A
,,,FAM114A1
,,,FAM118A
,,,FAM124A
,,,FAM126A
,,,FAM149A
,,,FAM157A
,,,FAM160A1
,,,FAM167A
,,,FAM167A-AS1
,,,FAM177B
,,,FAM178B
,,,FAM181B
,,,FAM186A
,,,FAM189A2
,,,FAM20A
,,,FAM217A
,,,FAM222A-AS1
,,,FAM53A
,,,FAM53B-AS1
,,,FAM78A
,,,FAM89A
,,,FANCB
,,,FANCC
,,,FANK1
,,,FAP
,,,FAS
,,,FAT1
,,,FAT3
,,,FAT4
,,,FAU
,,,FAXDC2
,,,FBLN1
,,,FBLN2
,,,FBLN5
,,,FBN2
,,,FBXL19
,,,FBXL7
,,,FCER1G
,,,FCGBP
,,,FCGR1A
,,,FCGR1B
,,,FCGR1CP
,,,FCGR2A
,,,FCGR3A
,,,FCGRT
,,,FENDRR
,,,FER1L6
,,,FER1L6-AS1
,,,FER1L6-AS2
,,,FERMT1
,,,FERMT3
,,,FES
,,,FEZ1
,,,FEZF1
,,,FEZF2
,,,FGD2
,,,FGD3
,,,FGD4
,,,FGD5
,,,FGD6
,,,FGF1
,,,FGF10
,,,FGF13
,,,FGF14
,,,FGF2
,,,FGF20
,,,FGF7
,,,FGFR1
,,,FGFR3
,,,FGL1
,,,FGL2
,,,FGR
,,,FHL2
,,,FHL3
,,,FHL5
,,,FHOD1
,,,FIGLA
,,,FIGN
,,,FILIP1
,,,FILIP1L
,,,FIP1L1
,,,FIRRE
,,,FIS1
,,,FIZ1
,,,FKBP10
,,,FKBP5
,,,FLI1
,,,FLJ40194
,,,FLJ46284
,,,FLNA
,,,FLNC
,,,FLRT2
,,,FLT1
,,,FLT3
,,,FLVCR2
,,,FMN1
,,,FMNL1
,,,FMNL3
,,,FMO2
,,,FMO3
,,,FMO4
,,,FMO5
,,,FMO6P
,,,FN1
,,,FNDC3B
,,,FOLH1
,,,FOS
,,,FOSB
,,,FOSL1
,,,FOSL2
,,,FOXA3
,,,FOXB1
,,,FOXC1
,,,FOXC2
,,,FOXD1
,,,FOXD2
,,,FOXD4
,,,FOXD4L1
,,,FOXD4L3
,,,FOXD4L5
,,,FOXD4L6
,,,FOXF1
,,,FOXF2
,,,FOXH1
,,,FOXJ1
,,,FOXJ2
,,,FOXJ3
,,,FOXK1
,,,FOXK2
,,,FOXL1
,,,FOXL2
,,,FOXM1
,,,FOXN2
,,,FOXN3
,,,FOXN3-AS2
,,,FOXN4
,,,FOXO1
,,,FOXO3
,,,FOXO4
,,,FOXO6
,,,FOXP1
,,,FOXP1-AS1
,,,FOXP2
,,,FOXP3
,,,FOXP4
,,,FOXQ1
,,,FOXR1
,,,FOXS1
,,,FPR1
,,,FPR3
,,,FRAS1
,,,FREM1
,,,FREM2
,,,FRK
,,,FRMD3
,,,FRMD4B
,,,FRMD6
,,,FRMPD2
,,,FRMPD3
,,,FRMPD4
,,,FRRS1
,,,FRZB
,,,FSCN1
,,,FSHR
,,,FSIP2
,,,FSTL1
,,,FSTL4
,,,FSTL5
,,,FTH1
,,,FTL
,,,FUBP1
,,,FUT10
,,,FXYD5
,,,FYCO1
,,,FZD6
,,,G0S2
,,,GAB3
,,,GABPA
,,,GABPB1
,,,GABRA2
,,,GABRE
,,,GABRG1
,,,GABRG3
,,,GABRG3-AS1
,,,GACAT3
,,,GAD1
,,,GAD2
,,,GADD45A
,,,GADD45B
,,,GADD45G
,,,GAL3ST1
,,,GAL3ST4
,,,GALM
,,,GALNT10
,,,GALNT14
,,,GALNT15
,,,GALNT18
,,,GALNT6
,,,GALNTL6
,,,GALR1
,,,GAR1
,,,GAS1
,,,GAS2L3
,,,GAS6-AS1
,,,GATA1
,,,GATA2
,,,GATA2-AS1
,,,GATA3
,,,GATA4
,,,GATA6
,,,GATAD1
,,,GATAD2A
,,,GBE1
,,,GBP1
,,,GBP2
,,,GBP3
,,,GBP4
,,,GBX1
,,,GCH1
,,,GCM1
,,,GCM2
,,,GCNT1
,,,GCNT2
,,,GDNF
,,,GDNF-AS1
,,,GEM
,,,GFAP
,,,GFI1
,,,GFI1B
,,,GFRA1
,,,GGT5
,,,GHR
,,,GIMAP2
,,,GIMAP4
,,,GIMAP7
,,,GIMAP8
,,,GINS3
,,,GINS4
,,,GIPR
,,,GIT2
,,,GJA1
,,,GJB1
,,,GJB6
,,,GJC1
,,,GJC2
,,,GK
,,,GLA
,,,GLDC
,,,GLDN
,,,GLI1
,,,GLI2
,,,GLI3
,,,GLI4
,,,GLIPR1L1
,,,GLIPR2
,,,GLIS1
,,,GLIS2
,,,GLIS3
,,,GLOD5
,,,GLRA1
,,,GLRA2
,,,GLRX
,,,GLUL
,,,GLYATL1
,,,GLYCTK
,,,GM2A
,,,GMEB1
,,,GMEB2
,,,GMFG
,,,GMIP
,,,GMPR
,,,GNA13
,,,GNA14
,,,GNA14-AS1
,,,GNA15
,,,GNAL
,,,GNB4
,,,GNG11
,,,GNG12
,,,GNG12-AS1
,,,GNG4
,,,GNG8
,,,GNGT1
,,,GNLY
,,,GOLIM4
,,,GOT1
,,,GPAM
,,,GPANK1
,,,GPAT3
,,,GPBP1L1
,,,GPC4
,,,GPC5
,,,GPC5-AS1
,,,GPC5-AS2
,,,GPC6
,,,GPCPD1
,,,GPD1
,,,GPER1
,,,GPIHBP1
,,,GPM6A
,,,GPNMB
,,,GPR132
,,,GPR149
,,,GPR156
,,,GPR160
,,,GPR17
,,,GPR174
,,,GPR183
,,,GPR34
,,,GPR37
,,,GPR37L1
,,,GPR39
,,,GPR62
,,,GPR65
,,,GPR85
,,,GPRC5C
,,,GPRIN3
,,,GPSM3
,,,GPX1
,,,GPX3
,,,GRAMD1A
,,,GRAMD1C
,,,GRAP2
,,,GRAPL
,,,GRB10
,,,GRB2
,,,GREB1L
,,,GREM1
,,,GREM2
,,,GRHL1
,,,GRHL2
,,,GRHL3
,,,GRHPR
,,,GRIA1
,,,GRID1-AS1
,,,GRID2
,,,GRIK1
,,,GRIK2
,,,GRIK3
,,,GRIN2A
,,,GRIN2C
,,,GRIN3A
,,,GRIP1
,,,GRK5
,,,GRM1
,,,GRM3
,,,GRM7
,,,GRM8
,,,GRN
,,,GSDMD
,,,GSG1L
,,,GSN
,,,GSN-AS1
,,,GSTK1
,,,GSTP1
,,,GTF2A1
,,,GTF2A2
,,,GTF2B
,,,GTF2F1
,,,GTF2H3
,,,GTF2I
,,,GTF2IRD1
,,,GTF3A
,,,GTF3C2
,,,GTF3C5
,,,GTPBP1
,,,GTPBP6
,,,GULP1
,,,GXYLT2
,,,GYG2
,,,GYG2P1
,,,GYPC
,,,GZF1
,,,HACD1
,,,HADHB
,,,HAGLR
,,,HAMP
,,,HAP1
,,,HAPLN2
,,,HAS2
,,,HAS2-AS1
,,,HAVCR2
,,,HBB
,,,HBEGF
,,,HBP1
,,,HCFC1
,,,HCFC2
,,,HCG22
,,,HCK
,,,HCLS1
,,,HCN1
,,,HCP5
,,,HCRTR2
,,,HDAC1
,,,HDAC2
,,,HDAC3
,,,HDAC9
,,,HDDC2
,,,HDX
,,,HEATR5A
,,,HEBP2
,,,HECA
,,,HECW1
,,,HEG1
,,,HELB
,,,HELZ2
,,,HEPH
,,,HEPN1
,,,HERC2P2
,,,HERC2P3
,,,HERC2P9
,,,HERC5
,,,HERPUD1
,,,HES1
,,,HES2
,,,HES4
,,,HES5
,,,HES6
,,,HES7
,,,HESX1
,,,HEY1
,,,HEY2
,,,HEYL
,,,HFE
,,,HGF
,,,HHAT
,,,HHEX
,,,HHIP
,,,HIC1
,,,HIC2
,,,HIF1A
,,,HIF3A
,,,HIGD1B
,,,HINFP
,,,HIP1
,,,HIRIP3
,,,HIVEP1
,,,HIVEP2
,,,HIVEP3
,,,HK2
,,,HKDC1
,,,HLA-A
,,,HLA-B
,,,HLA-DMB
,,,HLA-DPA1
,,,HLA-DPB1
,,,HLA-DQA1
,,,HLA-DQB1
,,,HLA-DRA
,,,HLA-DRB1
,,,HLA-DRB5
,,,HLA-E
,,,HLA-F
,,,HLCS
,,,HLF
,,,HLTF
,,,HLX
,,,HLX-AS1
,,,HMBOX1
,,,HMCN1
,,,HMG20A
,,,HMG20B
,,,HMGA1
,,,HMGA2
,,,HMGB1
,,,HMGB2
,,,HMGB3
,,,HMGB4
,,,HMGCS1
,,,HMGN2P46
,,,HMGXB3
,,,HMGXB4
,,,HMOX1
,,,HMSD
,,,HMX1
,,,HNF1A
,,,HNF1B
,,,HNF4A
,,,HNF4G
,,,HNMT
,,,HNRNPA0
,,,HNRNPC
,,,HNRNPH3
,,,HNRNPKP3
,,,HNRNPLL
,,,HNRNPUL1
,,,HOMER1
,,,HOMEZ
,,,HOXB3
,,,HOXC4
,,,HOXD1
,,,HOXD3
,,,HP1BP3
,,,HPGD
,,,HPGDS
,,,HPN
,,,HPN-AS1
,,,HPS3
,,,HPSE
,,,HPSE2
,,,HRH1
,,,HS3ST2
,,,HS3ST3A1
,,,HS3ST3B1
,,,HS3ST4
,,,HS3ST5
,,,HS6ST2
,,,HS6ST3
,,,HSD11B1
,,,HSF1
,,,HSF2
,,,HSF4
,,,HSF5
,,,HSFY2
,,,HSP90AA1
,,,HSPA12B
,,,HSPA1A
,,,HSPA1L
,,,HSPA2
,,,HSPA5
,,,HSPB1
,,,HSPB8
,,,HSPBAP1
,,,HSPD1
,,,HSPE1-MOB4
,,,HSPG2
,,,HSPH1
,,,HTATIP2
,,,HTR1E
,,,HTR1F
,,,HTR2B
,,,HTR2C
,,,HTR4
,,,HTR7
,,,HULC
,,,HUNK
,,,HYAL2
,,,ICAM1
,,,ICAM2
,,,ICOSLG
,,,ID1
,,,ID2
,,,ID3
,,,ID4
,,,IDI1
,,,IDI2-AS1
,,,IER2
,,,IER3
,,,IER5
,,,IFI16
,,,IFI27L2
,,,IFI44
,,,IFI44L
,,,IFIH1
,,,IFIT2
,,,IFIT3
,,,IFITM3
,,,IFNG-AS1
,,,IFNGR1
,,,IFNLR1
,,,IFRD1
,,,IGF1
,,,IGF2BP2
,,,IGFBP2
,,,IGFBP3
,,,IGFBP4
,,,IGFBP5
,,,IGFBP6
,,,IGFBP7
,,,IGFN1
,,,IGSF1
,,,IGSF11-AS1
,,,IGSF21
,,,IGSF6
,,,IKBIP
,,,IKBKE
,,,IKZF1
,,,IKZF2
,,,IKZF3
,,,IKZF4
,,,IKZF5
,,,IL10RA
,,,IL12RB2
,,,IL13RA1
,,,IL15
,,,IL15RA
,,,IL16
,,,IL17RA
,,,IL18
,,,IL18R1
,,,IL1B
,,,IL1R1
,,,IL1RAP
,,,IL1RAPL2
,,,IL21
,,,IL21R
,,,IL24
,,,IL26
,,,IL33
,,,IL4R
,,,IL6R
,,,IL6ST
,,,ILF2
,,,ILF3
,,,ING3
,,,ING4
,,,INHBA
,,,INPP4B
,,,INPP5D
,,,INPPL1
,,,INSC
,,,INSIG1
,,,INSM1
,,,INSM2
,,,IP6K3
,,,IPO13
,,,IPO9-AS1
,,,IQCA1
,,,IQCH
,,,IQCH-AS1
,,,IQCJ-SCHIP1
,,,IQGAP1
,,,IQGAP2
,,,IRAK2
,,,IRAK3
,,,IRAK4
,,,IRF1
,,,IRF2
,,,IRF3
,,,IRF4
,,,IRF5
,,,IRF6
,,,IRF7
,,,IRF8
,,,IRF9
,,,IRGM
,,,IRX2
,,,IRX4
,,,IRX6
,,,ISG15
,,,ISG20
,,,ISL2
,,,ISM1
,,,ISOC1
,,,ISYNA1
,,,ITGA1
,,,ITGA10
,,,ITGA11
,,,ITGA2
,,,ITGA4
,,,ITGA5
,,,ITGA6
,,,ITGA7
,,,ITGA8
,,,ITGAL
,,,ITGAM
,,,ITGAX
,,,ITGB2
,,,ITGB2-AS1
,,,ITGB4
,,,ITGB5
,,,ITGBL1
,,,ITIH5
,,,ITK
,,,ITM2A
,,,ITPKB
,,,ITPKC
,,,ITPR2
,,,ITPR3
,,,ITPRIP
,,,IVD
,,,IZUMO4
,,,JADE3
,,,JAG1
,,,JAK3
,,,JAM2
,,,JAZF1
,,,JDP2
,,,JOSD2
,,,JPH2
,,,JRK
,,,JRKL
,,,JUN
,,,JUNB
,,,JUND
,,,JUP
,,,KANK1
,,,KANK2
,,,KANK3
,,,KANK4
,,,KAT2B
,,,KAT7
,,,KAZN
,,,KBTBD12
,,,KC6
,,,KCNAB1
,,,KCNAB1-AS2
,,,KCNB2
,,,KCNC2
,,,KCND2
,,,KCNE1
,,,KCNE3
,,,KCNE4
,,,KCNH5
,,,KCNH7
,,,KCNH8
,,,KCNIP1
,,,KCNJ16
,,,KCNJ2
,,,KCNJ2-AS1
,,,KCNJ5
,,,KCNJ8
,,,KCNK13
,,,KCNK2
,,,KCNK6
,,,KCNMB1
,,,KCNMB2
,,,KCNMB2-AS1
,,,KCNMB4
,,,KCNN3
,,,KCNQ1
,,,KCNQ1OT1
,,,KCNQ3
,,,KCNQ5
,,,KCNS3
,,,KCNT2
,,,KCTD12
,,,KCTD16
,,,KCTD4
,,,KCTD8
,,,KCTD9
,,,KDM2A
,,,KDM2B
,,,KDM4A-AS1
,,,KDM4B
,,,KDM4C
,,,KDM4D
,,,KDM5A
,,,KDM5D
,,,KDM7A
,,,KDR
,,,KEL
,,,KHDRBS2
,,,KHDRBS3
,,,KIAA0040
,,,KIAA1217
,,,KIAA1755
,,,KIF13B
,,,KIF19
,,,KIF20B
,,,KIF22
,,,KIF26B
,,,KIF6
,,,KIT
,,,KITLG
,,,KIZ-AS1
,,,KLF10
,,,KLF11
,,,KLF12
,,,KLF13
,,,KLF15
,,,KLF16
,,,KLF17
,,,KLF2
,,,KLF3
,,,KLF4
,,,KLF5
,,,KLF6
,,,KLF7
,,,KLF8
,,,KLF9
,,,KLHL1
,,,KLHL13
,,,KLHL4
,,,KLHL6
,,,KLHL6-AS1
,,,KLK6
,,,KLRC4-KLRK1
,,,KLRD1
,,,KLRG1
,,,KMO
,,,KMT2A
,,,KMT2B
,,,KNOP1
,,,KREMEN1
,,,KYNU
,,,L3MBTL4-AS1
,,,LACC1
,,,LACTB2
,,,LAIR1
,,,LAMA1
,,,LAMA2
,,,LAMA3
,,,LAMA4
,,,LAMB1
,,,LAMB2
,,,LAMC1
,,,LAMC3
,,,LAMP2
,,,LANCL1-AS1
,,,LAP3
,,,LAPTM4A
,,,LAPTM5
,,,LARP1
,,,LARP4
,,,LAS1L
,,,LAT2
,,,LATS2
,,,LAYN
,,,LBH
,,,LBX2
,,,LCAT
,,,LCNL1
,,,LCOR
,,,LCORL
,,,LCP1
,,,LCP2
,,,LDB1
,,,LDB2
,,,LDB3
,,,LDLR
,,,LDLRAD3
,,,LDLRAD4
,,,LDLRAP1
,,,LEF1
,,,LEKR1
,,,LENG9
,,,LEPR
,,,LFNG
,,,LGALS1
,,,LGALS3
,,,LGALS3BP
,,,LGALS9
,,,LGI1
,,,LGI3
,,,LGMN
,,,LGR4
,,,LGR5
,,,LGR6
,,,LHFPL2
,,,LHFPL3
,,,LHFPL3-AS1
,,,LHFPL3-AS2
,,,LHX1
,,,LHX2
,,,LHX4
,,,LHX6
,,,LILRB1
,,,LILRB3
,,,LILRB4
,,,LIMD1
,,,LIMK2
,,,LIMS1
,,,LIMS2
,,,LIN28A
,,,LIN28B
,,,LINC00032
,,,LINC00159
,,,LINC00200
,,,LINC00240
,,,LINC00271
,,,LINC00276
,,,LINC00278
,,,LINC00290
,,,LINC00298
,,,LINC00299
,,,LINC00320
,,,LINC00326
,,,LINC00351
,,,LINC00378
,,,LINC00463
,,,LINC00467
,,,LINC00484
,,,LINC00499
,,,LINC00504
,,,LINC00507
,,,LINC00511
,,,LINC00534
,,,LINC00535
,,,LINC00536
,,,LINC00539
,,,LINC00540
,,,LINC00571
,,,LINC00578
,,,LINC00582
,,,LINC00598
,,,LINC00601
,,,LINC00607
,,,LINC00609
,,,LINC00612
,,,LINC00639
,,,LINC00640
,,,LINC00645
,,,LINC00649
,,,LINC00836
,,,LINC00840
,,,LINC00844
,,,LINC00861
,,,LINC00862
,,,LINC00865
,,,LINC00870
,,,LINC00877
,,,LINC00880
,,,LINC00886
,,,LINC00891
,,,LINC00899
,,,LINC00906
,,,LINC00907
,,,LINC00910
,,,LINC00922
,,,LINC00923
,,,LINC00924
,,,LINC00926
,,,LINC00940
,,,LINC00944
,,,LINC00945
,,,LINC00958
,,,LINC00960
,,,LINC00972
,,,LINC00996
,,,LINC01010
,,,LINC01023
,,,LINC01036
,,,LINC01053
,,,LINC01060
,,,LINC01088
,,,LINC01090
,,,LINC01091
,,,LINC01094
,,,LINC01098
,,,LINC01099
,,,LINC01117
,,,LINC01122
,,,LINC01135
,,,LINC01137
,,,LINC01141
,,,LINC01146
,,,LINC01151
,,,LINC01170
,,,LINC01182
,,,LINC01189
,,,LINC01194
,,,LINC01197
,,,LINC01202
,,,LINC01208
,,,LINC01221
,,,LINC01222
,,,LINC01237
,,,LINC01239
,,,LINC01241
,,,LINC01250
,,,LINC01258
,,,LINC01266
,,,LINC01285
,,,LINC01291
,,,LINC01299
,,,LINC01301
,,,LINC01320
,,,LINC01322
,,,LINC01331
,,,LINC01340
,,,LINC01344
,,,LINC01356
,,,LINC01358
,,,LINC01363
,,,LINC01375
,,,LINC01376
,,,LINC01378
,,,LINC01410
,,,LINC01411
,,,LINC01416
,,,LINC01422
,,,LINC01445
,,,LINC01470
,,,LINC01476
,,,LINC01478
,,,LINC01480
,,,LINC01482
,,,LINC01483
,,,LINC01500
,,,LINC01504
,,,LINC01505
,,,LINC01508
,,,LINC01549
,,,LINC01550
,,,LINC01554
,,,LINC01568
,,,LINC01572
,,,LINC01591
,,,LINC01605
,,,LINC01608
,,,LINC01619
,,,LINC01625
,,,LINGO2
,,,LIPC
,,,LIPE
,,,LIPG
,,,LITAF
,,,LIX1
,,,LLGL1
,,,LLGL2
,,,LMCD1
,,,LMCD1-AS1
,,,LMF1-AS1
,,,LMNA
,,,LMNTD1
,,,LMO1
,,,LMO2
,,,LMOD1
,,,LMX1A
,,,LMX1B
,,,LOXL2
,,,LOXL3
,,,LPAR1
,,,LPAR3
,,,LPAR4
,,,LPAR5
,,,LPAR6
,,,LPCAT2
,,,LPGAT1
,,,LPIN3
,,,LPL
,,,LPXN
,,,LRAT
,,,LRCH1
,,,LRFN5
,,,LRIG1
,,,LRIG3
,,,LRP10
,,,LRP2
,,,LRP4
,,,LRP4-AS1
,,,LRRC1
,,,LRRC32
,,,LRRC3B
,,,LRRC4C
,,,LRRC63
,,,LRRC69
,,,LRRC74A
,,,LRRC8A
,,,LRRC8D
,,,LRRFIP1
,,,LRRK1
,,,LRRK2
,,,LRRN1
,,,LRRTM4
,,,LRTM1
,,,LSM6
,,,LSMEM2
,,,LSR
,,,LST1
,,,LTB4R
,,,LTBP1
,,,LTBP2
,,,LTBR
,,,LTC4S
,,,LTF
,,,LUCAT1
,,,LURAP1L
,,,LURAP1L-AS1
,,,LUZP1
,,,LUZP2
,,,LY86
,,,LY86-AS1
,,,LY96
,,,LYL1
,,,LYN
,,,LYPD6
,,,LYPD6B
,,,LYPLAL1-AS1
,,,LYVE1
,,,LZTS1
,,,LZTS1-AS1
,,,LZTS2
,,,MAF
,,,MAFB
,,,MAFF
,,,MAFG
,,,MAFK
,,,MAG
,,,MAGEC3
,,,MAGEF1
,,,MAGI1-AS1
,,,MAGOH
,,,MAGT1
,,,MAL
,,,MALRD1
,,,MAMDC2
,,,MAMDC2-AS1
,,,MAML2
,,,MAML3
,,,MAN1A1
,,,MAN2A1
,,,MAN2B1
,,,MAOA
,,,MAOB
,,,MAP3K1
,,,MAP3K11
,,,MAP3K14
,,,MAP3K19
,,,MAP3K7CL
,,,MAP3K8
,,,MAP4K1
,,,MAP4K2
,,,MAP7D3
,,,MAPK1
,,,MAPK4
,,,MAPKAPK2
,,,MAPKAPK3
,,,MAPT-AS1
,,,MARCKSL1
,,,MASP1
,,,MATN1-AS1
,,,MATN2
,,,MAX
,,,MAZ
,,,MBD1
,,,MBD2
,,,MBNL1-AS1
,,,MBNL2
,,,MBNL3
,,,MBOAT1
,,,MBP
,,,MBTPS2
,,,MCAM
,,,MCC
,,,MCL1
,,,MCM3
,,,MCM5
,,,MCMDC2
,,,MCOLN2
,,,MCTP1
,,,MCTP2
,,,MDC1-AS1
,,,MDFIC
,,,MDM2
,,,MDS2
,,,MECOM
,,,MECP2
,,,MED30
,,,MEF2A
,,,MEF2C
,,,MEF2D
,,,MEGF10
,,,MEGF11
,,,MEI4
,,,MEIS1
,,,MEIS1-AS2
,,,MEIS2
,,,MEIS3
,,,MELK
,,,MEOX1
,,,MEOX2
,,,MEPE
,,,MERTK
,,,MESP1
,,,MESP2
,,,MET
,,,METAP1D
,,,METRN
,,,METRNL
,,,METTL14
,,,METTL3
,,,METTL7A
,,,MEX3C
,,,MFGE8
,,,MFHAS1
,,,MFNG
,,,MFSD2A
,,,MFSD4B
,,,MGA
,,,MGAM
,,,MGAT1
,,,MGAT4A
,,,MGAT4C
,,,MGME1
,,,MGP
,,,MGST1
,,,MGST2
,,,MIATNB
,,,MICALL1
,,,MID1
,,,MID1IP1
,,,MIDN
,,,MIEF1
,,,MILR1
,,,MIOS
,,,MIOX
,,,MIR17HG
,,,MIR2052HG
,,,MIR3142HG
,,,MIR31HG
,,,MIR325HG
,,,MIR34AHG
,,,MIR3681HG
,,,MIR4300HG
,,,MIR4435-2HG
,,,MIR4500HG
,,,MIR503HG
,,,MIR646HG
,,,MIR924HG
,,,MIS18BP1
,,,MITF
,,,MIXL1
,,,MKNK1
,,,MKNK1-AS1
,,,MKRN3
,,,MKX
,,,MLC1
,,,MLIP
,,,MLKL
,,,MLLT10
,,,MLX
,,,MLXIP
,,,MLXIPL
,,,MMD2
,,,MME
,,,MMP14
,,,MMP16
,,,MMP19
,,,MMP21
,,,MMP28
,,,MMRN1
,,,MMRN2
,,,MMS22L
,,,MN1
,,,MNDA
,,,MNT
,,,MNX1
,,,MOB3A
,,,MOB3B
,,,MOBP
,,,MOCOS
,,,MOG
,,,MORC1
,,,MORC4
,,,MORN1
,,,MOXD1
,,,MPPED2
,,,MPST
,,,MPZL1
,,,MR1
,,,MRC1
,,,MRC2
,,,MROH9
,,,MRPL1
,,,MRPL2
,,,MRPS25
,,,MS4A14
,,,MS4A4A
,,,MS4A6A
,,,MSANTD3
,,,MSC
,,,MSC-AS1
,,,MSI1
,,,MSI2
,,,MSN
,,,MSR1
,,,MSRA
,,,MSRB3
,,,MSX1
,,,MSX2
,,,MT1E
,,,MT1F
,,,MT1G
,,,MT1M
,,,MT2A
,,,MT3
,,,MTA3
,,,MTCP1
,,,MTERF1
,,,MTF1
,,,MTF2
,,,MTHFD1
,,,MTHFD1L
,,,MTHFD2
,,,MTMR8
,,,MTMR9LP
,,,MTRF1
,,,MTSS1
,,,MTUS2
,,,MUSK
,,,MVP
,,,MX1
,,,MX2
,,,MXD1
,,,MXD3
,,,MXD4
,,,MXI1
,,,MYB
,,,MYBL1
,,,MYBL2
,,,MYBPC1
,,,MYC
,,,MYCL
,,,MYCN
,,,MYCT1
,,,MYEF2
,,,MYH11
,,,MYH15
,,,MYH16
,,,MYH7B
,,,MYL12A
,,,MYL12B
,,,MYL3
,,,MYL6
,,,MYL9
,,,MYLIP
,,,MYLK
,,,MYNN
,,,MYO10
,,,MYO16
,,,MYO16-AS1
,,,MYO1B
,,,MYO1C
,,,MYO1D
,,,MYO1E
,,,MYO1F
,,,MYO5B
,,,MYO7A
,,,MYOCD
,,,MYOF
,,,MYOG
,,,MYOM1
,,,MYOT
,,,MYPOP
,,,MYRF
,,,MYRFL
,,,MYRIP
,,,MYT1
,,,MZF1
,,,MZF1-AS1
,,,NAA11
,,,NAALADL2-AS2
,,,NAALADL2-AS3
,,,NABP1
,,,NACAD
,,,NAGS
,,,NALCN-AS1
,,,NAMPT
,,,NANOG
,,,NANOGP8
,,,NANOS1
,,,NAP1L1
,,,NAPSB
,,,NAT8L
,,,NBPF14
,,,NCALD
,,,NCAN
,,,NCBP2
,,,NCF2
,,,NCF4
,,,NCK2
,,,NCKAP1L
,,,NCMAP
,,,NCOA1
,,,NCOA2
,,,NCOA3
,,,NCOA7-AS1
,,,NCOR1
,,,NCOR2
,,,NDC1
,,,NDE1
,,,NDNF
,,,NDP
,,,NDRG1
,,,NDRG2
,,,NDST3
,,,NDST4
,,,NDUFA4L2
,,,NDUFB7
,,,NDUFB9
,,,NEAT1
,,,NEB
,,,NECTIN2
,,,NEDD1
,,,NEDD4
,,,NEDD9
,,,NEK3
,,,NEK5
,,,NEK6
,,,NELFA
,,,NELFB
,,,NELL1
,,,NELL2
,,,NENF
,,,NES
,,,NET1
,,,NETO1
,,,NETO2
,,,NEU4
,,,NEURL1B
,,,NEUROD2
,,,NF1
,,,NFAM1
,,,NFAT5
,,,NFATC1
,,,NFATC2
,,,NFATC3
,,,NFATC4
,,,NFE2
,,,NFE2L1
,,,NFE2L2
,,,NFE2L3
,,,NFE4
,,,NFIA
,,,NFIA-AS2
,,,NFIB
,,,NFIC
,,,NFIL3
,,,NFIX
,,,NFKB1
,,,NFKB2
,,,NFKBIA
,,,NFKBID
,,,NFKBIZ
,,,NFX1
,,,NFXL1
,,,NFYA
,,,NFYB
,,,NFYC
,,,NGB
,,,NGF
,,,NGFR
,,,NHLH1
,,,NHLH2
,,,NHS
,,,NHSL1
,,,NHSL2
,,,NID1
,,,NID2
,,,NINJ1
,,,NINJ2
,,,NIPAL1
,,,NIPAL4
,,,NKAIN1
,,,NKAIN3
,,,NKAIN4
,,,NKD1
,,,NKX1-2
,,,NKX2-2
,,,NKX2-8
,,,NKX3-1
,,,NKX6-1
,,,NKX6-2
,,,NKX6-3
,,,NLGN4Y
,,,NLRC5
,,,NLRP1
,,,NLRP3
,,,NMI
,,,NMRAL1
,,,NMU
,,,NMUR2
,,,NNT
,,,NOBOX
,,,NOC2L
,,,NOC3L
,,,NOD1
,,,NOL8
,,,NONO
,,,NOS1
,,,NOS3
,,,NOSTRIN
,,,NOTCH1
,,,NOTCH2
,,,NOTCH3
,,,NOTCH4
,,,NOTO
,,,NOX4
,,,NPAS2
,,,NPAS4
,,,NPC2
,,,NPDC1
,,,NPFFR2
,,,NPL
,,,NPLOC4
,,,NPNT
,,,NPSR1
,,,NPSR1-AS1
,,,NPY
,,,NPY6R
,,,NR0B1
,,,NR1D1
,,,NR1D2
,,,NR1H2
,,,NR1H3
,,,NR1H4
,,,NR1I2
,,,NR1I3
,,,NR2C1
,,,NR2C2
,,,NR2E1
,,,NR2E3
,,,NR2F1
,,,NR2F2
,,,NR2F2-AS1
,,,NR2F6
,,,NR3C1
,,,NR3C2
,,,NR4A1
,,,NR4A2
,,,NR4A3
,,,NR5A1
,,,NR5A2
,,,NR6A1
,,,NRARP
,,,NREP-AS1
,,,NRF1
,,,NRG1
,,,NRIP3
,,,NRL
,,,NRP1
,,,NRP2
,,,NSMCE1
,,,NSUN7
,,,NT5C
,,,NT5DC1
,,,NT5DC2
,,,NTM-AS1
,,,NTN1
,,,NTN4
,,,NTNG1
,,,NTNG2
,,,NUAK2
,,,NUCB1
,,,NUDT1
,,,NUF2
,,,NUP107
,,,NUP133
,,,NUP210L
,,,NUP37
,,,NUPR1
,,,NWD1
,,,NWD2
,,,NXN
,,,NXPE1
,,,NXPH1
,,,NXPH2
,,,NXPH3
,,,NYAP2
,,,OAF
,,,OARD1
,,,OAS1
,,,OAS2
,,,OAS3
,,,OCA2
,,,OCLN
,,,ODC1
,,,OGFRL1
,,,OGN
,,,OLAH
,,,OLFM3
,,,OLFML1
,,,OLFML2A
,,,OLFML2B
,,,OLFML3
,,,OLIG1
,,,OLIG2
,,,OLMALINC
,,,OLR1
,,,OMD
,,,ONECUT1
,,,ONECUT2
,,,ONECUT3
,,,OPALIN
,,,OPCML
,,,OPHN1
,,,OPLAH
,,,OPRM1
,,,OR3A2
,,,ORAI1
,,,ORMDL2
,,,OSBPL11
,,,OSGIN2
,,,OSMR
,,,OSMR-AS1
,,,OSR1
,,,OTOGL
,,,OTP
,,,OTUD1
,,,OTUD4
,,,OTULIN
,,,OTX1
,,,OVCH1-AS1
,,,OVCH2
,,,OVOL1
,,,OVOL2
,,,OVOL3
,,,P2RX1
,,,P2RX4
,,,P2RY10
,,,P2RY12
,,,P2RY13
,,,P2RY14
,,,P2RY6
,,,P3H2
,,,P4HA1
,,,P4HA3
,,,P4HB
,,,PACRG-AS1
,,,PACRG-AS3
,,,PACSIN3
,,,PADI2
,,,PAG1
,,,PAIP2B
,,,PALD1
,,,PALLD
,,,PALMD
,,,PAM
,,,PAMR1
,,,PAPLN
,,,PAPOLG
,,,PAPPA
,,,PAPSS2
,,,PAQR4
,,,PAQR5
,,,PAQR6
,,,PARD3
,,,PARD3B
,,,PARP1
,,,PARP12
,,,PARP14
,,,PARP15
,,,PARP4
,,,PARP8
,,,PARP9
,,,PARVA
,,,PARVB
,,,PARVG
,,,PATL2
,,,PATZ1
,,,PAWR
,,,PAX2
,,,PAX3
,,,PAX5
,,,PAX6
,,,PAX7
,,,PAX8
,,,PAX8-AS1
,,,PAXIP1
,,,PAXIP1-AS2
,,,PBX1
,,,PBX2
,,,PBX3
,,,PBX4
,,,PBXIP1
,,,PCA3
,,,PCAT1
,,,PCAT19
,,,PCBD2
,,,PCBP3
,,,PCCA-AS1
,,,PCDH11X
,,,PCDH11Y
,,,PCDH15
,,,PCDH18
,,,PCDH7
,,,PCDH9-AS2
,,,PCDH9-AS3
,,,PCDH9-AS4
,,,PCED1B
,,,PCED1B-AS1
,,,PCK2
,,,PCOLCE2
,,,PCP4
,,,PCSK2
,,,PCSK5
,,,PCSK6
,,,PCSK6-AS1
,,,PCYT1B
,,,PCYT1B-AS1
,,,PDCD11
,,,PDCD1LG2
,,,PDE10A
,,,PDE1A
,,,PDE1C
,,,PDE3A
,,,PDE3B
,,,PDE6B
,,,PDE6D
,,,PDE6H
,,,PDE7B
,,,PDE9A
,,,PDGFA
,,,PDGFB
,,,PDGFC
,,,PDGFD
,,,PDGFRA
,,,PDGFRB
,,,PDHX
,,,PDIA4
,,,PDK1
,,,PDK4
,,,PDLIM1
,,,PDLIM3
,,,PDLIM5
,,,PDPN
,,,PDS5A
,,,PDZD2
,,,PDZRN3
,,,PDZRN4
,,,PEAR1
,,,PECAM1
,,,PELI1
,,,PELI2
,,,PENK
,,,PER1
,,,PERP
,,,PEX11G
,,,PEX5L-AS2
,,,PEX7
,,,PFKFB2
,,,PFKFB3
,,,PFN1
,,,PGAM2
,,,PGM5
,,,PGR
,,,PHACTR1
,,,PHACTR2
,,,PHEX
,,,PHF1
,,,PHF12
,,,PHF19
,,,PHF2
,,,PHF20
,,,PHF21A
,,,PHF21B
,,,PHF8
,,,PHGDH
,,,PHKA1
,,,PHLDA1
,,,PHLDA2
,,,PHLDA3
,,,PHLDB1
,,,PHLDB2
,,,PHTF1
,,,PHYHD1
,,,PI15
,,,PI16
,,,PI4K2B
,,,PICK1
,,,PID1
,,,PIEZO1
,,,PIEZO2
,,,PIGC
,,,PIGH
,,,PIK3AP1
,,,PIK3C3
,,,PIK3CD
,,,PIK3CD-AS2
,,,PIK3CG
,,,PIK3IP1
,,,PIK3R5
,,,PIK3R6
,,,PILRA
,,,PIM1
,,,PIM3
,,,PIP
,,,PIP4K2A
,,,PIP5K1B
,,,PIPOX
,,,PIR
,,,PITPNC1
,,,PITX1
,,,PITX3
,,,PKD1L2
,,,PKD2L2
,,,PKHD1L1
,,,PKIA-AS1
,,,PKIB
,,,PKM
,,,PKN2-AS1
,,,PKN3
,,,PKNOX1
,,,PKNOX2
,,,PKP2
,,,PLA1A
,,,PLA2G15
,,,PLA2G4A
,,,PLA2G7
,,,PLA2R1
,,,PLAC8
,,,PLAC9
,,,PLAG1
,,,PLAGL1
,,,PLAGL2
,,,PLAT
,,,PLAUR
,,,PLB1
,,,PLBD1
,,,PLBD1-AS1
,,,PLCB2
,,,PLCB4
,,,PLCG1-AS1
,,,PLCG2
,,,PLCH1
,,,PLCL1
,,,PLCXD3
,,,PLD1
,,,PLD4
,,,PLD5
,,,PLEK
,,,PLEKHA7
,,,PLEKHB1
,,,PLEKHF1
,,,PLEKHF2
,,,PLEKHG1
,,,PLEKHG2
,,,PLEKHG3
,,,PLEKHG4B
,,,PLEKHH1
,,,PLEKHH2
,,,PLEKHM1P1
,,,PLEKHO1
,,,PLET1
,,,PLG
,,,PLIN2
,,,PLIN3
,,,PLIN5
,,,PLK3
,,,PLLP
,,,PLOD1
,,,PLOD2
,,,PLP1
,,,PLPP1
,,,PLPP2
,,,PLPP3
,,,PLPP4
,,,PLPPR1
,,,PLS3
,,,PLS3-AS1
,,,PLSCR1
,,,PLSCR4
,,,PLTP
,,,PLVAP
,,,PLXDC1
,,,PLXDC2
,,,PLXNA4
,,,PLXNB3
,,,PLXND1
,,,PMEPA1
,,,PML
,,,PMP2
,,,PMP22
,,,PNP
,,,PNRC1
,,,PODN
,,,PODXL
,,,POF1B
,,,POLD2
,,,POLE3
,,,POLE4
,,,POLI
,,,POLR2A
,,,POLR2F
,,,POLR2I
,,,POLR3A
,,,POLR3G
,,,PON2
,,,PON3
,,,POSTN
,,,POT1-AS1
,,,POU1F1
,,,POU2AF1
,,,POU2F1
,,,POU2F2
,,,POU2F3
,,,POU3F1
,,,POU3F2
,,,POU3F4
,,,POU4F1
,,,POU5F1
,,,POU6F1
,,,POU6F2
,,,PPARA
,,,PPARD
,,,PPARG
,,,PPARGC1A
,,,PPFIBP1
,,,PPFIBP2
,,,PPP1CB
,,,PPP1R10
,,,PPP1R13L
,,,PPP1R14A
,,,PPP1R15A
,,,PPP1R17
,,,PPP1R18
,,,PPP1R1B
,,,PPP1R1C
,,,PPP1R36
,,,PPP1R3B
,,,PPP1R3C
,,,PPP2R3B
,,,PPP3CB-AS1
,,,PPP4R1L
,,,PPP5C
,,,PPP5D1
,,,PQBP1
,,,PRAM1
,,,PRDM1
,,,PRDM10
,,,PRDM11
,,,PRDM12
,,,PRDM14
,,,PRDM15
,,,PRDM16
,,,PRDM4
,,,PRDM5
,,,PRDM6
,,,PRDM7
,,,PRDM9
,,,PRDX1
,,,PRDX5
,,,PRELID2
,,,PRELP
,,,PREX1
,,,PREX2
,,,PRICKLE3
,,,PRIMA1
,,,PRKAA1
,,,PRKAA2
,,,PRKAG2
,,,PRKCA-AS1
,,,PRKCD
,,,PRKCH
,,,PRKCQ
,,,PRKCQ-AS1
,,,PRKG1
,,,PRKG2
,,,PRKX
,,,PRKY
,,,PRLR
,,,PRNP
,,,PROCR
,,,PROM1
,,,PROP1
,,,PROS1
,,,PROSER2
,,,PROX1
,,,PROX1-AS1
,,,PROX2
,,,PRR16
,,,PRR18
,,,PRR5
,,,PRR5L
,,,PRRG4
,,,PRRX1
,,,PRRX2
,,,PRSS23
,,,PRSS48
,,,PRTG
,,,PRX
,,,PSD2
,,,PSG8
,,,PSMA1
,,,PSMA7
,,,PSMB8
,,,PSMB9
,,,PSMC2
,,,PSMD12
,,,PSME1
,,,PSRC1
,,,PSTPIP1
,,,PSTPIP2
,,,PTAFR
,,,PTCD1
,,,PTCHD1
,,,PTCHD4
,,,PTCSC3
,,,PTER
,,,PTF1A
,,,PTGDR
,,,PTGFR
,,,PTGS1
,,,PTGS2
,,,PTH1R
,,,PTMA
,,,PTN
,,,PTP4A3
,,,PTPN14
,,,PTPN22
,,,PTPN6
,,,PTPN7
,,,PTPRB
,,,PTPRC
,,,PTPRE
,,,PTPRG
,,,PTPRM
,,,PTPRO
,,,PTPRT
,,,PTPRZ1
,,,PUM3
,,,PURA
,,,PURG
,,,PWRN1
,,,PXDC1
,,,PXDN
,,,PXDNL
,,,PXK
,,,PXN
,,,PXT1
,,,PYGL
,,,PYGM
,,,PYHIN1
,,,PZP
,,,QDPR
,,,QRFPR
,,,R3HDM2
,,,RAB11B-AS1
,,,RAB14
,,,RAB18
,,,RAB20
,,,RAB27A
,,,RAB2A
,,,RAB31
,,,RAB32
,,,RAB33A
,,,RAB34
,,,RAB38
,,,RAB39A
,,,RAB3C
,,,RAB3IL1
,,,RAB3IP
,,,RAB6C-AS1
,,,RAB7A
,,,RAB7B
,,,RAB9A
,,,RAD21
,,,RAD51B
,,,RAI14
,,,RALYL
,,,RAMP2
,,,RAMP3
,,,RAN
,,,RANBP17
,,,RANBP3L
,,,RAP2C-AS1
,,,RAPGEF1
,,,RARA
,,,RARB
,,,RARG
,,,RARRES1
,,,RASAL1
,,,RASAL3
,,,RASD1
,,,RASGEF1B
,,,RASGEF1C
,,,RASGRP3
,,,RASIP1
,,,RASL12
,,,RASSF1
,,,RASSF2
,,,RASSF3
,,,RASSF8
,,,RAX2
,,,RB1
,,,RBBP5
,,,RBBP9
,,,RBFOX2
,,,RBFOX3
,,,RBM17
,,,RBM20
,,,RBM22
,,,RBM3
,,,RBM42
,,,RBM47
,,,RBM7
,,,RBM8A
,,,RBMS1
,,,RBMS2
,,,RBMS3
,,,RBMS3-AS3
,,,RBP1
,,,RBP7
,,,RBPJ
,,,RBPJL
,,,RBPMS
,,,RBPMS2
,,,RCAN3
,,,RCAN3AS
,,,RCBTB2
,,,RCC2
,,,RCN3
,,,RCOR1
,,,RCSD1
,,,RDH10
,,,RDH10-AS1
,,,REEP4
,,,REL
,,,RELA
,,,RELB
,,,RELL1
,,,RELN
,,,RENBP
,,,RERG
,,,RERGL
,,,REST
,,,RFC2
,,,RFC3
,,,RFFL
,,,RFTN2
,,,RFWD3
,,,RFX1
,,,RFX2
,,,RFX3
,,,RFX4
,,,RFX5
,,,RFX6
,,,RFX7
,,,RFX8
,,,RFXANK
,,,RFXAP
,,,RGCC
,,,RGL3
,,,RGMA
,,,RGR
,,,RGS1
,,,RGS10
,,,RGS12
,,,RGS16
,,,RGS18
,,,RGS19
,,,RGS2
,,,RGS20
,,,RGS22
,,,RGS3
,,,RGS5
,,,RGS6
,,,RGS9
,,,RHBDF2
,,,RHD
,,,RHOBTB1
,,,RHOBTB3
,,,RHOC
,,,RHOG
,,,RHOH
,,,RHOJ
,,,RHOU
,,,RHOXF1
,,,RHOXF2
,,,RHPN2
,,,RILPL2
,,,RIMKLB
,,,RIN2
,,,RIN3
,,,RIOK2
,,,RIPK2
,,,RIT2
,,,RLF
,,,RMDN2-AS1
,,,RMST
,,,RNASE1
,,,RNASEH2B-AS1
,,,RNASEH2C
,,,RNASET2
,,,RND3
,,,RNF114
,,,RNF122
,,,RNF135
,,,RNF138
,,,RNF144B
,,,RNF152
,,,RNF166
,,,RNF182
,,,RNF19A
,,,RNF212B
,,,RNF217-AS1
,,,RNF220
,,,RNH1
,,,ROBO1
,,,ROBO2
,,,ROBO3
,,,ROBO4
,,,ROM1
,,,ROMO1
,,,ROR1
,,,ROR1-AS1
,,,ROR2
,,,RORA
,,,RORA-AS1
,,,RORB
,,,RORC
,,,RP1
,,,RP2
,,,RPGR
,,,RPL10A
,,,RPL12
,,,RPL18A
,,,RPL19
,,,RPL22L1
,,,RPL23
,,,RPL23A
,,,RPL29
,,,RPL35
,,,RPL35A
,,,RPL36A-HNRNPH2
,,,RPL41
,,,RPL6
,,,RPL8
,,,RPLP0
,,,RPLP1
,,,RPP25
,,,RPS10P7
,,,RPS11
,,,RPS12
,,,RPS13
,,,RPS16
,,,RPS2
,,,RPS20
,,,RPS21
,,,RPS23
,,,RPS25
,,,RPS27
,,,RPS27L
,,,RPS28
,,,RPS3A
,,,RPS4X
,,,RPS5
,,,RPS6KA1
,,,RPS6KA5
,,,RPS7
,,,RRAD
,,,RRAS
,,,RREB1
,,,RSPO2
,,,RTKN
,,,RTTN
,,,RUFY3
,,,RUNDC3B
,,,RUNX1
,,,RUNX2
,,,RUNX3
,,,RUVBL1
,,,RXFP1
,,,RXRA
,,,RXRB
,,,RXRG
,,,RYBP
,,,RYR1
,,,RYR2
,,,RYR3
,,,S100A1
,,,S100A10
,,,S100A11
,,,S100A13
,,,S100A16
,,,S100A6
,,,S100B
,,,S100Z
,,,S1PR1
,,,S1PR3
,,,S1PR5
,,,SALL1
,,,SALL2
,,,SALL3
,,,SALL4
,,,SAMD11
,,,SAMD12-AS1
,,,SAMD13
,,,SAMD3
,,,SAMD4A
,,,SAMD5
,,,SAMD9
,,,SAMD9L
,,,SAMHD1
,,,SAMMSON
,,,SAMSN1
,,,SAP30L-AS1
,,,SASH3
,,,SAT1
,,,SATB1
,,,SATB1-AS1
,,,SATB2
,,,SAV1
,,,SAXO1
,,,SBNO2
,,,SCAMP2
,,,SCAND1
,,,SCAND2P
,,,SCARA3
,,,SCARA5
,,,SCARB1
,,,SCARF1
,,,SCD
,,,SCEL
,,,SCG2
,,,SCHLAP1
,,,SCIN
,,,SCMH1
,,,SCML1
,,,SCML4
,,,SCN11A
,,,SCN9A
,,,SCO2
,,,SCOC-AS1
,,,SCRT1
,,,SCX
,,,SDC2
,,,SDC3
,,,SDC4
,,,SDCBP
,,,SDF2L1
,,,SDK1
,,,SDK2
,,,SDS
,,,SEC14L1
,,,SEC24D
,,,SELE
,,,SELENBP1
,,,SELL
,,,SELPLG
,,,SEMA3A
,,,SEMA3B
,,,SEMA3C
,,,SEMA3D
,,,SEMA3E
,,,SEMA3F
,,,SEMA4A
,,,SEMA4C
,,,SEMA4D
,,,SEMA5A
,,,SEMA6A
,,,SEMA6A-AS1
,,,SEMA6D
,,,SEPSECS
,,,SERF2
,,,SERPINB1
,,,SERPINB9
,,,SERPINB9P1
,,,SERPINE1
,,,SERPINE2
,,,SERPINH1
,,,SERPINI2
,,,SERTAD1
,,,SERTAD4-AS1
,,,SETBP1
,,,SETDB1
,,,SEZ6L
,,,SF1
,,,SF3B1
,,,SF3B5
,,,SFMBT2
,,,SFPQ
,,,SFRP1
,,,SFRP2
,,,SFRP4
,,,SFT2D1
,,,SFT2D2
,,,SFTPC
,,,SFXN5
,,,SGCD
,,,SGCG
,,,SGCZ
,,,SGK1
,,,SGK2
,,,SGK3
,,,SGMS2
,,,SGO1
,,,SGO2
,,,SGPP2
,,,SH2B3
,,,SH2D4A
,,,SH3BGRL3
,,,SH3BP2
,,,SH3BP4
,,,SH3GL2
,,,SH3RF1
,,,SH3RF3
,,,SH3TC1
,,,SH3TC2
,,,SHC4
,,,SHE
,,,SHISA6
,,,SHISA9
,,,SHMT1
,,,SHOX
,,,SHQ1
,,,SHROOM1
,,,SHROOM2
,,,SHROOM3
,,,SHROOM4
,,,SIGIRR
,,,SIGLEC1
,,,SIGLEC10
,,,SIGLEC8
,,,SIGLEC9
,,,SIM1
,,,SIM2
,,,SIN3A
,,,SIPA1
,,,SIPA1L2
,,,SIRPB2
,,,SIRT6
,,,SIX1
,,,SIX3
,,,SIX4
,,,SIX5
,,,SKA2
,,,SKAP1
,,,SKAP2
,,,SKI
,,,SKINT1L
,,,SKOR1
,,,SKOR2
,,,SLA
,,,SLAIN1
,,,SLC11A1
,,,SLC12A2
,,,SLC12A4
,,,SLC12A7
,,,SLC12A9
,,,SLC13A4
,,,SLC13A5
,,,SLC14A1
,,,SLC15A2
,,,SLC15A3
,,,SLC16A1
,,,SLC16A10
,,,SLC16A12
,,,SLC16A3
,,,SLC16A6
,,,SLC16A8
,,,SLC16A9
,,,SLC17A9
,,,SLC18A1
,,,SLC19A1
,,,SLC19A3
,,,SLC1A1
,,,SLC1A2
,,,SLC1A3
,,,SLC1A5
,,,SLC22A2
,,,SLC22A24
,,,SLC22A25
,,,SLC22A3
,,,SLC24A3
,,,SLC25A13
,,,SLC25A18
,,,SLC25A19
,,,SLC25A21
,,,SLC25A33
,,,SLC25A37
,,,SLC25A48
,,,SLC26A2
,,,SLC26A5
,,,SLC26A7
,,,SLC26A9
,,,SLC27A6
,,,SLC29A3
,,,SLC2A1
,,,SLC2A12
,,,SLC2A2
,,,SLC2A3
,,,SLC2A5
,,,SLC2A9
,,,SLC30A1
,,,SLC30A10
,,,SLC30A8
,,,SLC31A2
,,,SLC35D2
,,,SLC35F1
,,,SLC35F2
,,,SLC35F3
,,,SLC35F4
,,,SLC37A2
,,,SLC38A1
,,,SLC38A11
,,,SLC38A2
,,,SLC38A3
,,,SLC38A4
,,,SLC38A5
,,,SLC39A10
,,,SLC39A12
,,,SLC39A8
,,,SLC40A1
,,,SLC44A1
,,,SLC44A3
,,,SLC44A5
,,,SLC45A3
,,,SLC47A1
,,,SLC4A2
,,,SLC4A4
,,,SLC4A7
,,,SLC5A11
,,,SLC5A6
,,,SLC5A9
,,,SLC6A1
,,,SLC6A1-AS1
,,,SLC6A11
,,,SLC6A12
,,,SLC6A13
,,,SLC6A20
,,,SLC6A6
,,,SLC6A8
,,,SLC6A9
,,,SLC7A1
,,,SLC7A10
,,,SLC7A11
,,,SLC7A11-AS1
,,,SLC7A14
,,,SLC7A2
,,,SLC7A5
,,,SLC7A7
,,,SLC8A1
,,,SLC8A1-AS1
,,,SLC8B1
,,,SLC9A2
,,,SLC9A3R1
,,,SLC9A3R2
,,,SLC9A9
,,,SLC9A9-AS1
,,,SLC9B1
,,,SLC9C1
,,,SLCO1A2
,,,SLCO1B1
,,,SLCO1C1
,,,SLCO2B1
,,,SLCO4A1
,,,SLCO5A1
,,,SLFN11
,,,SLFN12
,,,SLFN12L
,,,SLFN5
,,,SLIT2
,,,SLIT3
,,,SMAD1
,,,SMAD2
,,,SMAD3
,,,SMAD4
,,,SMAD5
,,,SMAD6
,,,SMAD7
,,,SMAD9
,,,SMAP2
,,,SMARCA1
,,,SMARCA5
,,,SMARCC1
,,,SMC1B
,,,SMC3
,,,SMC4
,,,SMCO4
,,,SMG1P3
,,,SMIM3
,,,SMIM4
,,,SMIM5
,,,SMOC1
,,,SMOC2
,,,SMOX
,,,SMPX
,,,SMTN
,,,SMUG1
,,,SNAI1
,,,SNAI2
,,,SNAI3
,,,SNAP25-AS1
,,,SNAPC4
,,,SNAPC5
,,,SNCAIP
,,,SND1
,,,SNED1
,,,SNHG18
,,,SNHG8
,,,SNORD13
,,,SNRNP70
,,,SNRPB2
,,,SNTA1
,,,SNTB1
,,,SNTG1
,,,SNTG2
,,,SNX18
,,,SNX22
,,,SOAT1
,,,SOCS3
,,,SOCS4
,,,SOCS6
,,,SOD1
,,,SOHLH2
,,,SORBS1
,,,SORBS2
,,,SORBS3
,,,SORCS1
,,,SORCS2
,,,SORCS3
,,,SORL1
,,,SOX10
,,,SOX11
,,,SOX12
,,,SOX13
,,,SOX15
,,,SOX17
,,,SOX18
,,,SOX21
,,,SOX21-AS1
,,,SOX3
,,,SOX30
,,,SOX4
,,,SOX5
,,,SOX6
,,,SOX7
,,,SOX8
,,,SOX9
,,,SP1
,,,SP100
,,,SP110
,,,SP140
,,,SP140L
,,,SP2
,,,SP2-AS1
,,,SP3
,,,SP4
,,,SP5
,,,SP6
,,,SP7
,,,SP8
,,,SP9
,,,SPACA5
,,,SPAG7
,,,SPANXA2-OT1
,,,SPARC
,,,SPATA1
,,,SPATA12
,,,SPATA22
,,,SPATA3-AS1
,,,SPATA45
,,,SPATA9
,,,SPATC1
,,,SPATS2
,,,SPC25
,,,SPDEF
,,,SPHK1
,,,SPHKAP
,,,SPI1
,,,SPIB
,,,SPIC
,,,SPINK13
,,,SPINK5
,,,SPINT2
,,,SPNS3
,,,SPON1
,,,SPP1
,,,SPR
,,,SPRY4
,,,SPSB1
,,,SPSB4
,,,SPTLC2
,,,SPTLC3
,,,SRBD1
,,,SRD5A3-AS1
,,,SREBF1
,,,SREBF2
,,,SRF
,,,SRGAP1
,,,SRGAP2
,,,SRGAP2-AS1
,,,SRGAP2B
,,,SRGAP2C
,,,SRGN
,,,SRL
,,,SRP9
,,,SRPRB
,,,SRPX
,,,SRPX2
,,,SRRM3
,,,SSBP3
,,,SSNA1
,,,SSPN
,,,SSR4
,,,SSRP1
,,,SST
,,,ST18
,,,ST3GAL5-AS1
,,,ST3GAL6-AS1
,,,ST6GAL1
,,,ST6GALNAC1
,,,ST6GALNAC3
,,,ST6GALNAC5
,,,ST8SIA4
,,,ST8SIA6
,,,ST8SIA6-AS1
,,,STAB1
,,,STAC
,,,STARD13-AS
,,,STARD8
,,,STAT1
,,,STAT2
,,,STAT3
,,,STAT4
,,,STAT5A
,,,STAT5B
,,,STAT6
,,,STAU2
,,,STEAP1B
,,,STEAP3
,,,STEAP4
,,,STK10
,,,STK17B
,,,STK26
,,,STK31
,,,STK32A
,,,STK32B
,,,STK33
,,,STK40
,,,STOM
,,,STON2
,,,STOX1
,,,STPG2-AS1
,,,STUB1
,,,STX11
,,,STX17-AS1
,,,STX19
,,,STX4
,,,STXBP5-AS1
,,,STXBP6
,,,SUCLG1
,,,SUCLG2
,,,SUCLG2-AS1
,,,SUGCT
,,,SULF1
,,,SULF2
,,,SULT1C2
,,,SULT1C4
,,,SUN2
,,,SUSD3
,,,SUSD6
,,,SV2B
,,,SV2C
,,,SVEP1
,,,SVIL
,,,SWAP70
,,,SYAP1
,,,SYCE2
,,,SYK
,,,SYN3
,,,SYNDIG1
,,,SYNE2
,,,SYNGR2
,,,SYNJ2
,,,SYNM
,,,SYNPO2
,,,SYNPR
,,,SYNPR-AS1
,,,SYPL1
,,,SYS1-DBNDD2
,,,SYT1
,,,SYT17
,,,SYT2
,,,SYT6
,,,SYTL3
,,,SYTL4
,,,TAC1
,,,TAC3
,,,TACC1
,,,TACR1
,,,TACR3
,,,TAF1
,,,TAF1A
,,,TAF1L
,,,TAF6
,,,TAF7
,,,TAGAP
,,,TAGLN
,,,TAGLN2
,,,TAL1
,,,TAL2
,,,TANC1
,,,TAP1
,,,TARID
,,,TAS1R1
,,,TBC1D12
,,,TBC1D14
,,,TBC1D16
,,,TBC1D2
,,,TBC1D4
,,,TBC1D8B
,,,TBL1X
,,,TBL1XR1
,,,TBL1Y
,,,TBP
,,,TBPL1
,,,TBPL2
,,,TBR1
,,,TBX1
,,,TBX10
,,,TBX15
,,,TBX18
,,,TBX19
,,,TBX2
,,,TBX20
,,,TBX21
,,,TBX22
,,,TBX3
,,,TBX5
,,,TBX6
,,,TBXAS1
,,,TC2N
,,,TCEAL2
,,,TCEAL3
,,,TCEAL6
,,,TCERG1L
,,,TCF12
,,,TCF15
,,,TCF23
,,,TCF24
,,,TCF3
,,,TCF4
,,,TCF4-AS1
,,,TCF7
,,,TCF7L1
,,,TCF7L2
,,,TCFL5
,,,TCIRG1
,,,TCN2
,,,TDRD10
,,,TEAD1
,,,TEAD2
,,,TEAD3
,,,TEAD4
,,,TEC
,,,TEF
,,,TEK
,,,TENM1
,,,TENM2
,,,TENM3
,,,TENM4
,,,TEP1
,,,TERF1
,,,TERF2
,,,TES
,,,TESC
,,,TET1
,,,TEX14
,,,TEX21P
,,,TEX41
,,,TF
,,,TFAM
,,,TFAP2A
,,,TFAP2C
,,,TFAP2D
,,,TFAP2E
,,,TFAP4
,,,TFCP2
,,,TFCP2L1
,,,TFDP1
,,,TFDP2
,,,TFE3
,,,TFEB
,,,TFEC
,,,TFPI
,,,TFRC
,,,TG
,,,TGFA
,,,TGFB1
,,,TGFB2
,,,TGFBI
,,,TGFBR1
,,,TGFBR2
,,,TGFBR3
,,,TGIF1
,,,TGM2
,,,THAP1
,,,THAP11
,,,THAP12
,,,THAP9
,,,THBS1
,,,THBS2
,,,THBS4
,,,THEMIS
,,,THEMIS2
,,,THOC2
,,,THRA
,,,THRB
,,,THSD4
,,,THSD4-AS1
,,,THSD7A
,,,THSD7B
,,,TIA1
,,,TIE1
,,,TIFA
,,,TIGD1
,,,TIGD2
,,,TIGD3
,,,TIGD4
,,,TIGD6
,,,TIGD7
,,,TIMD4
,,,TIMELESS
,,,TIMM44
,,,TIMM8A
,,,TIMP1
,,,TIMP3
,,,TINAGL1
,,,TIPARP
,,,TK1
,,,TKTL1
,,,TLDC2
,,,TLE1
,,,TLE3
,,,TLL1
,,,TLL2
,,,TLN1
,,,TLR1
,,,TLR10
,,,TLR2
,,,TLR3
,,,TLR5
,,,TLR7
,,,TLX2
,,,TM4SF1
,,,TM4SF18
,,,TM6SF1
,,,TMBIM1
,,,TMC1
,,,TMC6
,,,TMC8
,,,TMCC2
,,,TMCC3
,,,TMCO4
,,,TMED11P
,,,TMED3
,,,TMEM106A
,,,TMEM119
,,,TMEM123
,,,TMEM125
,,,TMEM132C
,,,TMEM132D
,,,TMEM139
,,,TMEM140
,,,TMEM144
,,,TMEM151A
,,,TMEM154
,,,TMEM156
,,,TMEM163
,,,TMEM164
,,,TMEM165
,,,TMEM171
,,,TMEM176B
,,,TMEM182
,,,TMEM196
,,,TMEM204
,,,TMEM220
,,,TMEM235
,,,TMEM236
,,,TMEM241
,,,TMEM246-AS1
,,,TMEM255A
,,,TMEM255B
,,,TMEM258
,,,TMEM26
,,,TMEM33
,,,TMEM45A
,,,TMEM45B
,,,TMEM51
,,,TMEM63A
,,,TMEM71
,,,TMEM87B
,,,TMEM88B
,,,TMEM98
,,,TMIGD3
,,,TMLHE-AS1
,,,TMPRSS12
,,,TMPRSS5
,,,TMSB10
,,,TMSB4X
,,,TMTC1
,,,TMTC2
,,,TMTC4
,,,TNC
,,,TNFAIP2
,,,TNFAIP3
,,,TNFAIP6
,,,TNFAIP8
,,,TNFRSF10A
,,,TNFRSF10B
,,,TNFRSF10D
,,,TNFRSF11A
,,,TNFRSF11B
,,,TNFRSF13C
,,,TNFRSF19
,,,TNFRSF1A
,,,TNFRSF1B
,,,TNFSF10
,,,TNFSF13B
,,,TNFSF8
,,,TNIP2
,,,TNR
,,,TNS1
,,,TNS2
,,,TNS3
,,,TOB1
,,,TOB2
,,,TONSL
,,,TOX
,,,TOX2
,,,TOX3
,,,TP53
,,,TP53INP1
,,,TP53TG5
,,,TP63
,,,TP73
,,,TPD52L1
,,,TPI1
,,,TPM1
,,,TPM2
,,,TPO
,,,TPPP
,,,TPPP3
,,,TPRG1
,,,TPRN
,,,TPT1
,,,TPTE2
,,,TPTE2P6
,,,TPTEP1
,,,TRABD2B
,,,TRADD
,,,TRAF1
,,,TRAF3IP3
,,,TRAF4
,,,TRDN
,,,TREH
,,,TREM2
,,,TRG-AS1
,,,TRHDE
,,,TRIB1
,,,TRIB2
,,,TRIB3
,,,TRIM21
,,,TRIM22
,,,TRIM28
,,,TRIM38
,,,TRIM47
,,,TRIM5
,,,TRIM56
,,,TRIM59
,,,TRIM62
,,,TRIM69
,,,TRIOBP
,,,TRIP10
,,,TRIP6
,,,TRMO
,,,TRMT1
,,,TRMT10A
,,,TRPC3
,,,TRPC4
,,,TRPC6
,,,TRPM1
,,,TRPM3
,,,TRPM6
,,,TRPS1
,,,TRPV4
,,,TRPV5
,,,TSC22D3
,,,TSC22D4
,,,TSHR
,,,TSHZ2
,,,TSIX
,,,TSN
,,,TSNAX-DISC1
,,,TSPAN12
,,,TSPAN14
,,,TSPAN18
,,,TSPAN8
,,,TSPO
,,,TST
,,,TTC23
,,,TTC23L
,,,TTC29
,,,TTC38
,,,TTC6
,,,TTC7A
,,,TTF1
,,,TTF2
,,,TTLL4
,,,TTLL9
,,,TTN
,,,TTPA
,,,TTTY10
,,,TTTY14
,,,TTYH2
,,,TUBA1A
,,,TUBA1C
,,,TUBB2B
,,,TUBB6
,,,TULP1
,,,TWIST1
,,,TWIST2
,,,TXK
,,,TXLNGY
,,,TXNIP
,,,TXNL4B
,,,TYMP
,,,TYMS
,,,TYMSOS
,,,TYR
,,,TYROBP
,,,TYRP1
,,,U2AF1
,,,UACA
,,,UAP1
,,,UBA52
,,,UBA7
,,,UBASH3B
,,,UBB
,,,UBC
,,,UBE2K
,,,UBE2U
,,,UBL5
,,,UBL7-AS1
,,,UBOX5-AS1
,,,UBP1
,,,UBTD1
,,,UBTF
,,,UBXN1
,,,UCP2
,,,UEVLD
,,,UGP2
,,,UGT8
,,,UHRF1
,,,UNC13C
,,,UNC13D
,,,UNC5D
,,,UNC93B1
,,,UPB1
,,,UQCRB
,,,UQCRBP1
,,,UQCRQ
,,,URM1
,,,USF1
,,,USF2
,,,USH1C
,,,USP12-AS1
,,,USP13
,,,USP39
,,,USP53
,,,USP6NL
,,,USPL1
,,,UST
,,,UTP14A
,,,UTP18
,,,UTRN
,,,UTY
,,,VAMP3
,,,VAMP5
,,,VAMP8
,,,VASH1
,,,VASP
,,,VAV1
,,,VAX1
,,,VAX2
,,,VCAM1
,,,VCAN
,,,VCL
,,,VDR
,,,VEGFA
,,,VEGFC
,,,VENTX
,,,VEZF1
,,,VGF
,,,VGLL3
,,,VIM
,,,VIP
,,,VIPR2
,,,VIT
,,,VPS4B
,,,VPS72
,,,VRK2
,,,VSIG4
,,,VSTM4
,,,VSX1
,,,VSX2
,,,VWA1
,,,VWA2
,,,VWA3B
,,,VWC2
,,,VWC2L
,,,VWF
,,,WARS2
,,,WAS
,,,WDFY4
,,,WDR31
,,,WDR49
,,,WDR64
,,,WDR83
,,,WDR86
,,,WDR88
,,,WEE1
,,,WHRN
,,,WIF1
,,,WIPF1
,,,WIPI1
,,,WLS
,,,WNT2B
,,,WNT5A
,,,WNT5B
,,,WRNIP1
,,,WSCD1
,,,WT1
,,,WWC1
,,,WWTR1
,,,XACT
,,,XAF1
,,,XBP1
,,,XG
,,,XKR4
,,,XPA
,,,XRCC1
,,,XRCC4
,,,XXYLT1-AS2
,,,XYLT1
,,,YAP1
,,,YBX1
,,,YBX3
,,,YEATS4
,,,YES1
,,,YOD1
,,,YWHAE
,,,YWHAZ
,,,YY1
,,,ZBBX
,,,ZBED5
,,,ZBTB1
,,,ZBTB10
,,,ZBTB11
,,,ZBTB12
,,,ZBTB14
,,,ZBTB16
,,,ZBTB17
,,,ZBTB18
,,,ZBTB2
,,,ZBTB20
,,,ZBTB20-AS1
,,,ZBTB20-AS3
,,,ZBTB20-AS4
,,,ZBTB21
,,,ZBTB22
,,,ZBTB24
,,,ZBTB25
,,,ZBTB26
,,,ZBTB3
,,,ZBTB32
,,,ZBTB33
,,,ZBTB34
,,,ZBTB37
,,,ZBTB38
,,,ZBTB39
,,,ZBTB4
,,,ZBTB40
,,,ZBTB41
,,,ZBTB42
,,,ZBTB43
,,,ZBTB44
,,,ZBTB45
,,,ZBTB46
,,,ZBTB47
,,,ZBTB48
,,,ZBTB49
,,,ZBTB5
,,,ZBTB6
,,,ZBTB7A
,,,ZBTB7B
,,,ZBTB7C
,,,ZBTB8A
,,,ZC3H7A
,,,ZC3HAV1
,,,ZCCHC14
,,,ZCCHC17
,,,ZCCHC24
,,,ZCWPW1
,,,ZDHHC15
,,,ZDHHC20
,,,ZDHHC24
,,,ZDHHC5
,,,ZDHHC9
,,,ZEB1
,,,ZEB1-AS1
,,,ZEB2
,,,ZEB2-AS1
,,,ZFAND2A
,,,ZFAND4
,,,ZFAND6
,,,ZFHX2
,,,ZFHX3
,,,ZFHX4-AS1
,,,ZFP1
,,,ZFP14
,,,ZFP2
,,,ZFP28
,,,ZFP3
,,,ZFP30
,,,ZFP36
,,,ZFP36L1
,,,ZFP36L2
,,,ZFP37
,,,ZFP41
,,,ZFP42
,,,ZFP57
,,,ZFP62
,,,ZFP64
,,,ZFP69
,,,ZFP69B
,,,ZFP82
,,,ZFP90
,,,ZFP91-CNTF
,,,ZFP92
,,,ZFPM1
,,,ZFPM2
,,,ZFPM2-AS1
,,,ZFX
,,,ZFY
,,,ZGPAT
,,,ZGRF1
,,,ZHX1
,,,ZHX2
,,,ZHX3
,,,ZIC1
,,,ZIC2
,,,ZIC3
,,,ZIC4
,,,ZIC5
,,,ZIK1
,,,ZIM2
,,,ZIM3
,,,ZKSCAN1
,,,ZKSCAN2
,,,ZKSCAN3
,,,ZKSCAN4
,,,ZKSCAN5
,,,ZKSCAN7
,,,ZKSCAN8
,,,ZMAT2
,,,ZMAT4
,,,ZNF10
,,,ZNF100
,,,ZNF101
,,,ZNF107
,,,ZNF112
,,,ZNF114
,,,ZNF117
,,,ZNF12
,,,ZNF121
,,,ZNF124
,,,ZNF131
,,,ZNF132
,,,ZNF133
,,,ZNF134
,,,ZNF135
,,,ZNF136
,,,ZNF138
,,,ZNF14
,,,ZNF140
,,,ZNF141
,,,ZNF142
,,,ZNF143
,,,ZNF146
,,,ZNF148
,,,ZNF154
,,,ZNF155
,,,ZNF157
,,,ZNF16
,,,ZNF160
,,,ZNF165
,,,ZNF169
,,,ZNF175
,,,ZNF18
,,,ZNF180
,,,ZNF181
,,,ZNF182
,,,ZNF184
,,,ZNF189
,,,ZNF19
,,,ZNF195
,,,ZNF197
,,,ZNF2
,,,ZNF20
,,,ZNF200
,,,ZNF202
,,,ZNF205
,,,ZNF207
,,,ZNF208
,,,ZNF211
,,,ZNF212
,,,ZNF213
,,,ZNF214
,,,ZNF215
,,,ZNF217
,,,ZNF219
,,,ZNF22
,,,ZNF224
,,,ZNF225
,,,ZNF226
,,,ZNF227
,,,ZNF230
,,,ZNF232
,,,ZNF233
,,,ZNF234
,,,ZNF235
,,,ZNF236
,,,ZNF239
,,,ZNF24
,,,ZNF248
,,,ZNF25
,,,ZNF250
,,,ZNF251
,,,ZNF253
,,,ZNF254
,,,ZNF256
,,,ZNF257
,,,ZNF26
,,,ZNF260
,,,ZNF263
,,,ZNF264
,,,ZNF266
,,,ZNF267
,,,ZNF273
,,,ZNF274
,,,ZNF275
,,,ZNF276
,,,ZNF28
,,,ZNF280A
,,,ZNF280B
,,,ZNF280D
,,,ZNF281
,,,ZNF282
,,,ZNF283
,,,ZNF284
,,,ZNF286B
,,,ZNF287
,,,ZNF296
,,,ZNF3
,,,ZNF30
,,,ZNF300
,,,ZNF300P1
,,,ZNF302
,,,ZNF304
,,,ZNF311
,,,ZNF316
,,,ZNF317
,,,ZNF319
,,,ZNF32
,,,ZNF320
,,,ZNF322
,,,ZNF324
,,,ZNF324B
,,,ZNF326
,,,ZNF329
,,,ZNF331
,,,ZNF333
,,,ZNF334
,,,ZNF335
,,,ZNF337
,,,ZNF33A
,,,ZNF33B
,,,ZNF34
,,,ZNF341
,,,ZNF343
,,,ZNF345
,,,ZNF35
,,,ZNF350
,,,ZNF354A
,,,ZNF354B
,,,ZNF354C
,,,ZNF358
,,,ZNF362
,,,ZNF366
,,,ZNF367
,,,ZNF382
,,,ZNF383
,,,ZNF384
,,,ZNF385A
,,,ZNF385B
,,,ZNF385D
,,,ZNF385D-AS2
,,,ZNF391
,,,ZNF394
,,,ZNF396
,,,ZNF397
,,,ZNF398
,,,ZNF404
,,,ZNF407
,,,ZNF408
,,,ZNF41
,,,ZNF410
,,,ZNF414
,,,ZNF415
,,,ZNF416
,,,ZNF418
,,,ZNF420
,,,ZNF423
,,,ZNF425
,,,ZNF426
,,,ZNF429
,,,ZNF43
,,,ZNF430
,,,ZNF431
,,,ZNF432
,,,ZNF433
,,,ZNF436
,,,ZNF438
,,,ZNF439
,,,ZNF44
,,,ZNF440
,,,ZNF441
,,,ZNF442
,,,ZNF444
,,,ZNF445
,,,ZNF449
,,,ZNF45
,,,ZNF451
,,,ZNF454
,,,ZNF460
,,,ZNF461
,,,ZNF462
,,,ZNF467
,,,ZNF470
,,,ZNF471
,,,ZNF479
,,,ZNF48
,,,ZNF480
,,,ZNF483
,,,ZNF484
,,,ZNF485
,,,ZNF486
,,,ZNF487
,,,ZNF488
,,,ZNF490
,,,ZNF491
,,,ZNF492
,,,ZNF493
,,,ZNF496
,,,ZNF500
,,,ZNF501
,,,ZNF502
,,,ZNF507
,,,ZNF510
,,,ZNF513
,,,ZNF514
,,,ZNF516
,,,ZNF517
,,,ZNF518A
,,,ZNF519
,,,ZNF521
,,,ZNF524
,,,ZNF525
,,,ZNF526
,,,ZNF527
,,,ZNF528
,,,ZNF529
,,,ZNF530
,,,ZNF532
,,,ZNF534
,,,ZNF536
,,,ZNF540
,,,ZNF541
,,,ZNF542P
,,,ZNF543
,,,ZNF546
,,,ZNF549
,,,ZNF550
,,,ZNF552
,,,ZNF554
,,,ZNF555
,,,ZNF556
,,,ZNF557
,,,ZNF558
,,,ZNF560
,,,ZNF561
,,,ZNF562
,,,ZNF563
,,,ZNF565
,,,ZNF566
,,,ZNF567
,,,ZNF568
,,,ZNF569
,,,ZNF57
,,,ZNF570
,,,ZNF571
,,,ZNF572
,,,ZNF573
,,,ZNF574
,,,ZNF575
,,,ZNF577
,,,ZNF578
,,,ZNF579
,,,ZNF580
,,,ZNF582
,,,ZNF583
,,,ZNF584
,,,ZNF585B
,,,ZNF586
,,,ZNF587
,,,ZNF589
,,,ZNF592
,,,ZNF594
,,,ZNF595
,,,ZNF596
,,,ZNF597
,,,ZNF598
,,,ZNF599
,,,ZNF600
,,,ZNF606
,,,ZNF607
,,,ZNF610
,,,ZNF611
,,,ZNF613
,,,ZNF614
,,,ZNF615
,,,ZNF616
,,,ZNF618
,,,ZNF620
,,,ZNF621
,,,ZNF622
,,,ZNF623
,,,ZNF624
,,,ZNF627
,,,ZNF628
,,,ZNF629
,,,ZNF630
,,,ZNF639
,,,ZNF641
,,,ZNF644
,,,ZNF646
,,,ZNF648
,,,ZNF649
,,,ZNF652
,,,ZNF654
,,,ZNF658
,,,ZNF658B
,,,ZNF66
,,,ZNF663P
,,,ZNF664
,,,ZNF665
,,,ZNF667
,,,ZNF668
,,,ZNF669
,,,ZNF671
,,,ZNF672
,,,ZNF674
,,,ZNF675
,,,ZNF676
,,,ZNF677
,,,ZNF678
,,,ZNF679
,,,ZNF680
,,,ZNF681
,,,ZNF682
,,,ZNF683
,,,ZNF684
,,,ZNF687
,,,ZNF688
,,,ZNF689
,,,ZNF69
,,,ZNF691
,,,ZNF692
,,,ZNF696
,,,ZNF697
,,,ZNF699
,,,ZNF7
,,,ZNF70
,,,ZNF701
,,,ZNF702P
,,,ZNF704
,,,ZNF705G
,,,ZNF706
,,,ZNF707
,,,ZNF708
,,,ZNF710
,,,ZNF711
,,,ZNF714
,,,ZNF716
,,,ZNF717
,,,ZNF718
,,,ZNF720
,,,ZNF721
,,,ZNF726
,,,ZNF728
,,,ZNF729
,,,ZNF730
,,,ZNF732
,,,ZNF735
,,,ZNF736
,,,ZNF737
,,,ZNF738
,,,ZNF74
,,,ZNF740
,,,ZNF746
,,,ZNF749
,,,ZNF75A
,,,ZNF75D
,,,ZNF76
,,,ZNF761
,,,ZNF763
,,,ZNF764
,,,ZNF765
,,,ZNF766
,,,ZNF768
,,,ZNF77
,,,ZNF770
,,,ZNF771
,,,ZNF773
,,,ZNF774
,,,ZNF775
,,,ZNF776
,,,ZNF777
,,,ZNF778
,,,ZNF780B
,,,ZNF782
,,,ZNF783
,,,ZNF784
,,,ZNF785
,,,ZNF786
,,,ZNF787
,,,ZNF789
,,,ZNF79
,,,ZNF790
,,,ZNF791
,,,ZNF792
,,,ZNF793
,,,ZNF800
,,,ZNF804A
,,,ZNF804B
,,,ZNF805
,,,ZNF806
,,,ZNF808
,,,ZNF81
,,,ZNF813
,,,ZNF814
,,,ZNF821
,,,ZNF823
,,,ZNF826P
,,,ZNF827
,,,ZNF829
,,,ZNF83
,,,ZNF831
,,,ZNF835
,,,ZNF837
,,,ZNF84
,,,ZNF843
,,,ZNF845
,,,ZNF846
,,,ZNF85
,,,ZNF853
,,,ZNF860
,,,ZNF879
,,,ZNF880
,,,ZNF883
,,,ZNF891
,,,ZNF90
,,,ZNF91
,,,ZNF92
,,,ZNF93
,,,ZNF98
,,,ZNF99
,,,ZNRF2
,,,ZNRF3
,,,ZNRF3-AS1
,,,ZPBP
,,,ZRSR2
,,,ZSCAN1
,,,ZSCAN10
,,,ZSCAN12
,,,ZSCAN16
,,,ZSCAN18
,,,ZSCAN2
,,,ZSCAN20
,,,ZSCAN21
,,,ZSCAN22
,,,ZSCAN23
,,,ZSCAN25
,,,ZSCAN26
,,,ZSCAN29
,,,ZSCAN30
,,,ZSCAN31
,,,ZSCAN32
,,,ZSCAN4
,,,ZSCAN5A
,,,ZSCAN9
,,,ZSWIM1
,,,ZXDA
,,,ZXDB
,,,ZXDC
,,,ZZZ3
