att_D_no_prior_0 - 1.8-2.2,att_D_no_prior_0 - 4.5-5.5,att_D_no_prior_0 - 9.0-11.0,_BACKGROUND
A2M,ABCG2,A2M,A1CF
ABCB1,ABR,ANXA3,A2M
ABCC4,ADARB1,APBB1IP,A2MP1
ABCC9,AKAP13,ARHGAP31,A4GALT
ABLIM1,AKNA,BACH1,AADACL2-AS1
ACER2,ALDH1A1,BHLHE41,AATK
ACSL1,ALPK1,BIN2,ABCA1
ACSS3,ANKRD22,BNC2,ABCA10
ADAMTS9,ANKRD44,BRF1,ABCA12
ADAP2,ANO2,C22orf34,ABCA2
ADARB1,AOAH,CFLAR,ABCA6
ADCY8,APAF1,CREB3L2,ABCA8
ADGRE2,APBB1IP,CREM,ABCA9
ADGRF5,ARHGAP10,CSF3R,ABCB1
ADGRG1,ARHGAP15,CUX1,ABCB4
AHCYL1,ARHGAP22,EMX2,ABCC4
AHNAK,ARNTL,EP300,ABCC9
AKAP13,ATF6,EPSTI1,ABCG2
AKNA,ATP10B,ERG,ABHD15
ALOX5,ATP1A2,ETS2,ABHD3
ALOX5AP,BACH1,ETV6,ABI3
ALPK1,BATF,FLI1,ABI3BP
ALX3,BCL3,FLT1,ABL1
ALX4,BCL6,FMNL3,ABLIM1
ANKRD44,BCL6B,FOXJ3,ABO
ANO4,BHLHE40,GATA2,ABR
ANOS1,BHLHE41,HCK,ABTB2
ANXA3,BICC1,HLA-E,ACAA1
AOAH,BMP2K,IKZF1,ACACB
APAF1,BNC2,IL13RA1,ACAD10
APBB1IP,BTN3A1,IL4R,ACADL
APCDD1,C1QC,IL6ST,ACAN
APLNR,C3,INPP5D,ACAP1
APOE,CARD11,IRF8,ACER2
AQP4,CBLB,JUN,ACKR1
AR,CD163,KCNH8,ACKR3
ARHGAP18,CD247,KLF6,ACO1
ARHGAP22,CD300A,LAPTM5,ACOT1
ARHGAP24,CD44,LILRB1,ACOT11
ARHGAP25,CD53,MAF,ACP7
ARHGAP26,CD74,MEF2A,ACSBG1
ARHGAP26-AS1,CD83,MEIS1,ACSF2
ARHGAP29,CD84,MGAT4A,ACSL1
ARHGAP30,CHD7,MSR1,ACSL5
ARHGAP31,CHST11,NCK2,ACSM3
ARHGAP6,CHSY1,NFAT5,ACSM5
ARHGAP9,CIITA,NFIA,ACSS1
ARHGDIB,CLDN5,NFIB,ACSS3
ARID3A,CMAHP,NFKB1,ACTA2
ARL15,CMKLR1,NLRP1,ACTL6A
ARNT,CMTM7,P2RY12,ACVR1
ARNTL,CNOT8,PARP14,ACVR1C
ARRB2,COBLL1,PHF8,ACVRL1
ARX,COTL1,PLSCR1,ADA
ASCL2,CP,POU2F1,ADAM12
ATF2,CPED1,PRRX1,ADAM28
ATF3,CREB5,RAD21,ADAM33
ATF4,CSF1R,RCOR1,ADAMTS1
ATF6,CSF3R,RELB,ADAMTS12
ATF6B,CSGALNACT1,RHBDF2,ADAMTS14
ATOH8,CTSB,RUNX1,ADAMTS15
ATP10A,CTSS,RUNX3,ADAMTS17
ATP10B,CTTNBP2NL,SAT1,ADAMTS18
ATP11C,CYBA,SFMBT2,ADAMTS19
ATP8B4,CYFIP1,SMAD6,ADAMTS20
AXL,CYTH4,SOX10,ADAMTS3
B3GAT2,DENND3,SOX13,ADAMTS4
B3GNT5,DIAPH2,SOX5,ADAMTS6
B4GALT1,DISC1,SPON1,ADAMTS7
BACE2,DISP1,SRGAP2,ADAMTS9
BACH1,DLX1,STAT2,ADAMTS9-AS1
BACH2,DOCK11,STAT5A,ADAMTS9-AS2
BAZ1A,DOCK2,STAT6,ADAMTSL1
BCAS1,DOCK8,SUSD6,ADAMTSL2
BCL11A,E2F1,SWAP70,ADAMTSL3
BCL11B,E2F3,TAF1,ADAMTSL4
BCL3,EFEMP1,TBXAS1,ADAP2
BCL6,EGFL7,TCF12,ADARB1
BCL6B,EGR1,TCF7L2,ADARB2
BCLAF1,ELF1,TGFBR1,ADARB2-AS1
BHLHE40,ELK3,TLR1,ADCY10P1
BHLHE41,EML4,TLR2,ADCY2
BLNK,ENG,TMEM156,ADCY7
BMP2K,ENPP2,TRIM22,ADCY8
BMPR1B,ENTPD1,TRIM38,ADD3-AS1
BNC2,ERG,VENTX,ADGRA3
BOC,ETS1,ZBTB7A,ADGRD1
BRF1,ETS2,ZFHX3,ADGRE2
BTG1,ETV5,ZFP36L1,ADGRE4P
C10orf90,ETV6,,ADGRE5
C12orf75,EYA2,,ADGRF5
C1QA,EYA4,,ADGRG1
C1QB,FAM107B,,ADGRG2
C22orf34,FAM149A,,ADGRG5
C3AR1,FAM177B,,ADGRG6
C4orf19,FCGBP,,ADGRL2
CA3,FCGR1A,,ADGRL4
CACHD1,FCGR2A,,ADGRV1
CARD11,FCGR3A,,ADH4
CARD8,FGD2,,ADIPOR2
CASP8,FGD6,,ADIRF
CASS4,FGFR3,,ADM
CAV1,FLI1,,ADNP
CAV2,FLT1,,ADNP2
CCDC141,FMNL3,,ADORA2A-AS1
CCDC26,FOS,,ADORA2B
CCDC88C,FOSB,,ADPGK
CCL4,FOXC1,,ADRA1A
CCNT2,FOXD1,,ADRA1B
CD14,FOXF1,,ADRB2
CD163,FOXF2,,AEBP1
CD247,FOXN2,,AEBP2
CD34,FRMD4B,,AFAP1L1
CD4,GABPB1,,AFAP1L2
CD53,GABRA2,,AFF4
CD58,GALNT15,,AFMID
CD6,GATA3,,AFP
CD83,GLIS1,,AGA
CD84,GNA13,,AGAP2
CD86,GNA14,,AGBL1
CD9,GNB4,,AGBL3
CD96,GPR34,,AGER
CDC14A,HCFC1,,AGGF1
CDH19,HCK,,AGMAT
CDH20,HCLS1,,AGMO
CDH5,HEY2,,AGT
CEBPB,HK2,,AGTRAP
CEBPD,HLA-E,,AHCTF1
CEBPG,HNF4G,,AHCY
CGNL1,HS3ST4,,AHCYL1
CHD1,ICAM2,,AHCYL2
CHD2,IFI16,,AHDC1
CHRDL1,IFI44,,AHNAK
CHST11,IFI44L,,AHR
CHST15,IFNG-AS1,,AIDA
CHSY1,IFNGR1,,AIF1
CIITA,IGF1,,AIF1L
CLEC7A,IKZF1,,AIM2
CLOCK,IL13RA1,,AIRE
CMKLR1,IL17RA,,AK7
CMTM7,IL18R1,,AKAP12
CNN3,INPP5D,,AKAP13
CNPY3,IRF2,,AKAP3
COL11A1,IRF5,,AKNA
COL4A5,IRF7,,AKR1A1
COLEC12,IRF8,,AKR1C2
COLGALT2,ITGA4,,AKR1D1
CPED1,ITGAL,,ALDH1A1
CPT1A,ITGAM,,ALDH1A2
CPVL,ITGAX,,ALDH1L1
CREB3L2,ITM2A,,ALDH1L1-AS2
CREB5,ITPR2,,ALDH3B1
CREM,JAK3,,ALK
CSF3R,JDP2,,ALOX12P2
CTCF,JUN,,ALOX15B
CTCFL,JUNB,,ALOX5
CTNNB1,KCNK13,,ALOX5AP
CTSB,KCNQ1,,ALPK1
CTSC,KCTD12,,ALPK3
CTSS,KDM5A,,ALPL
CTSZ,KLF10,,ALX3
CTTNBP2NL,KLF2,,ALX4
CUX1,KLF4,,AMER2
CX3CR1,KLF6,,AMOT
CXCR4,KLF7,,AMOTL1
CYBA,KLF9,,AMOTL2
CYBRD1,KYNU,,AMZ1
CYCS,LAPTM5,,AMZ2
CYFIP1,LAT2,,ANGPT1
CYTH4,LCP1,,ANGPT2
CYTIP,LCP2,,ANGPTL4
CYYR1,LDLRAD4,,ANK1
DBP,LEF1,,ANKDD1A
DDAH1,LHFPL2,,ANKFN1
DDB2,LILRB1,,ANKRD18A
DDX60L,LIMS2,,ANKRD20A11P
DEF6,LINC00320,,ANKRD22
DENND3,LINC01094,,ANKRD30B
DIAPH2-AS1,LMO2,,ANKRD36BP1
DISC1,LPAR6,,ANKRD37
DISP1,LPCAT2,,ANKRD44
DLC1,LRRK1,,ANKRD55
DLEU1,LY86,,ANKRD65
DLEU7,LYN,,ANKS1A
DLX1,MAF,,ANKUB1
DLX2,MAFB,,ANLN
DPP10-AS3,MAFG,,ANO2
DTHD1,MAFK,,ANO3
DUSP1,MAML3,,ANO4
E2F3,MAN1A1,,ANO6
E2F6,MAP3K8,,ANOS1
E2F7,MECOM,,ANP32AP1
EBI3,MEF2A,,ANTXR2
EGLN3,MEF2D,,ANXA1
EHBP1L1,MEGF11,,ANXA11
ELF1,MGA,,ANXA2
ELF4,MGST2,,ANXA3
ELK1,MIR646HG,,ANXA5
ELK3,MIS18BP1,,AOAH
ELK4,MKNK1,,AOX1
EMB,MKRN3,,APAF1
EMCN,MRC1,,APBB1IP
ENG,MS4A4A,,APCDD1
ENOX2,MSN,,APCDD1L
ENTPD1,MSR1,,APEX1
EPAS1,MYB,,APEX2
EPN2,MYBL1,,APLF
EPS8,MYEF2,,APLN
EPSTI1,MYO1F,,APLNR
ERG,MYOF,,APMAP
ESRRG,NABP1,,APOA1-AS
ETNPPL,NCK2,,APOBEC2
ETS1,NCKAP1L,,APOBEC3G
ETS2,NCOA3,,APOC1
ETV1,NEDD9,,APOD
ETV3,NFATC2,,APOE
ETV5,NFIB,,APOL3
ETV6,NFIC,,APOL6
EYA1,NFIL3,,APOLD1
EYA2,NFKB2,,AQP1
EZH2,NR2C1,,AQP4
FAM149A,NR2F1,,AQP4-AS1
FAM177B,NR3C1,,AR
FBXL7,OLIG1,,ARFGAP1
FCGBP,OLIG2,,ARG1
FCGR3A,OLR1,,ARG2
FCGRT,PAG1,,ARGFX
FGD3,PALD1,,ARHGAP10
FGF2,PALMD,,ARHGAP15
FGFR1,PAPSS2,,ARHGAP18
FIGN,PARP14,,ARHGAP22
FKBP5,PARP4,,ARHGAP24
FLI1,PARVG,,ARHGAP25
FLT1,PBX3,,ARHGAP26
FMN1,PCAT19,,ARHGAP26-AS1
FMNL3,PCDH15,,ARHGAP27
FNDC3B,PDLIM5,,ARHGAP28
FOS,PFKFB2,,ARHGAP29
FOSB,PFKFB3,,ARHGAP30
FOSL1,PGR,,ARHGAP31
FOSL2,PID1,,ARHGAP31-AS1
FOXC1,PIK3AP1,,ARHGAP4
FOXC2,PIK3CD,,ARHGAP42
FOXD1,PKNOX1,,ARHGAP6
FOXF1,PLA2G4A,,ARHGAP9
FOXF2,PLCB2,,ARHGDIB
FOXJ1,PLCG2,,ARHGEF1
FOXJ2,PLEKHG1,,ARHGEF10L
FOXJ3,PLP1,,ARHGEF26
FOXK1,PML,,ARHGEF26-AS1
FOXK2,PODXL,,ARHGEF28
FOXL2,POU2F2,,ARHGEF38
FOXN3,POU3F2,,ARHGEF4
FOXO1,POU6F1,,ARHGEF40
FOXO3,PRAM1,,ARHGEF6
FOXO6,PRDM1,,ARID3A
FOXP2,PRELID2,,ARID3B
FOXP3,PRKCH,,ARID3C
FOXQ1,PRRX1,,ARID5A
GABPA,PSMA1,,ARID5B
GABRA2,PTPRC,,ARL15
GADD45B,PTPRE,,ARL5A
GAL3ST1,PTPRZ1,,ARMC3
GAL3ST4,PYHIN1,,ARNT
GALNT15,RAD51B,,ARNT2
GAS6-AS1,RAPGEF1,,ARNTL
GATA2,RARG,,ARNTL2
GATA2-AS1,RASSF8,,ARRB2
GATA4,RB1,,ARRDC2
GCNT2,RBFOX2,,ARRDC3
GFAP,RBM47,,ARRDC3-AS1
GFI1B,RCSD1,,ARRDC4
GFRA1,REL,,ARRDC5
GIMAP8,RELB,,ARSI
GLI2,RFX3,,ARSJ
GLIS3,RFX5,,ART4
GLUL,RGS10,,ARX
GMEB1,RIN3,,ASAP3
GNA13,RNASEH2B-AS1,,ASB14
GNB4,RREB1,,ASB18
GOLIM4,RTKN,,ASB4
GPC4,RUNX1,,ASCC1
GPCPD1,RUNX2,,ASCL1
GPR34,RUNX3,,ASCL2
GRAP2,RXRB,,ASH2L
GRB2,RYR1,,ASIC2
GRM3,S100Z,,ASIC4
HAMP,SAMD3,,ASPA
HAVCR2,SAMHD1,,ASPH
HCK,SAMSN1,,ASPN
HCLS1,SEC14L1,,ASPSCR1
HDAC2,SETBP1,,ASTN2-AS1
HECA,SFMBT2,,ASZ1
HELB,SGPP2,,ATAD3C
HERC2P2,SH3RF3,,ATE1-AS1
HERPUD1,SH3TC1,,ATF1
HES1,SIRPB2,,ATF2
HES4,SKAP2,,ATF3
HES7,SLA,,ATF4
HHIP,SLC11A1,,ATF5
HIC1,SLC2A5,,ATF6
HIF1A,SLC7A1,,ATF6B
HIF3A,SLCO2B1,,ATF7
HINFP,SMAD7,,ATG16L2
HIP1,SOCS6,,ATOH7
HIVEP1,SORL1,,ATOH8
HK2,SOX10,,ATOX1
HLA-A,SOX18,,ATP10A
HLA-B,SOX6,,ATP10B
HLA-DPB1,SOX8,,ATP11A-AS1
HLA-DRB1,SP100,,ATP11C
HLA-E,SP2,,ATP13A4
HLA-F,SRGAP1,,ATP13A5
HLF,SRGAP2-AS1,,ATP1A2
HMGB1,SRGAP2C,,ATP1B3
HMGB2,SRGN,,ATP2A3
HNRNPC,SRRM3,,ATP2C2
HPGDS,ST6GAL1,,ATP6V0D2
HPSE2,ST8SIA4,,ATP7B
HSF1,STAB1,,ATP8B1
HSF4,STAT3,,ATP8B4
HSPA1A,STAT5A,,ATP8B5P
HTR2C,STK10,,ATRNL1
HYAL2,SUSD6,,AVEN
ID3,SYK,,AXL
IFI16,SYNE2,,AZGP1
IFI44L,SYT6,,B2M
IFNGR1,TAL1,,B3GAT2
IGSF21,TBC1D16,,B3GNT5
IKBKE,TBC1D4,,B4GALT1
IKZF1,TBX3,,BAALC
IKZF2,TBXAS1,,BAALC-AS1
IL10RA,TCF12,,BACE2
IL13RA1,TCF4,,BACH1
IL17RA,TCF7L1,,BACH2
IL18,TCF7L2,,BAD
IL4R,TEAD4,,BAG3
IL6R,TFEC,,BAIAP2L1
IL6ST,TGFBR1,,BAMBI
INPP5D,TGFBR2,,BANK1
INPPL1,TGIF1,,BANP
IPO9-AS1,TGM2,,BARD1
IQGAP2,TLR1,,BARX2
IRF1,TLR10,,BATF
IRF3,TM6SF1,,BATF3
IRF4,TMEM156,,BAX
IRF5,TNFRSF1B,,BAZ1A
IRF7,TNS1,,BBOX1
IRF8,TP63,,BBOX1-AS1
IRF9,TRAF4,,BBX
ITGA1,TRIM56,,BCAM
ITGA6,TRPM3,,BCAN
ITGAX,UBASH3B,,BCAR3
ITGB2,USP6NL,,BCAS1
ITIH5,UTRN,,BCAS2
ITK,VASH1,,BCAT2
ITPR2,VAV1,,BCHE
JAK3,VRK2,,BCL11A
JAZF1,VWF,,BCL11B
JDP2,WDFY4,,BCL2
JUN,XAF1,,BCL2A1
JUNB,YBX3,,BCL2L11
JUND,YY1,,BCL2L12
KANK1,ZBTB17,,BCL2L14
KCNH8,ZBTB7B,,BCL3
KCNIP1,ZC3HAV1,,BCL6
KCNMB1,ZEB1,,BCL6B
KCNMB4,ZIC2,,BCLAF1
KCNQ1,ZNF366,,BCYRN1
KDM4B,ZNF521,,BDNF
KDM7A,ZNF618,,BDNF-AS
KIF13B,ZNF710,,BDP1
KITLG,ZNF84,,BEND7
KLF11,ZNF846,,BEST1
KLF13,ZNRF2,,BEST3
KLF16,,,BGN
KLF2,,,BHLHA15
KLF4,,,BHLHE22
KLF6,,,BHLHE40
KLF9,,,BHLHE41
KLHL6,,,BICC1
KLRC4-KLRK1,,,BIN2
KLRD1,,,BIRC3
KLRG1,,,BLM
KYNU,,,BLNK
LAIR1,,,BMF
LAMA4,,,BMP2
LAP3,,,BMP2K
LARP1,,,BMP5
LDLRAD4,,,BMP6
LEF1,,,BMP7
LGMN,,,BMPER
LHX2,,,BMPR1B
LILRB1,,,BMX
LILRB4,,,BNC1
LIMS1,,,BNC2
LINC00511,,,BOC
LINC00649,,,BOK
LINC00836,,,BOK-AS1
LINC00861,,,BOLL
LINC01088,,,BPTF
LINC01094,,,BRCA1
LINC01411,,,BRCA2
LINC01605,,,BRF1
LIPC,,,BRF2
LMO2,,,BRINP3
LOXL3,,,BROX
LPAR5,,,BSG
LPAR6,,,BST1
LPCAT2,,,BST2
LRAT,,,BSX
LRCH1,,,BTBD11
LRRC32,,,BTBD16
LRRK1,,,BTBD17
LST1,,,BTG1
LUZP2,,,BTG2
LY86,,,BTG3
LY96,,,BTK
LYN,,,BTN2A2
MAF,,,BTN3A1
MAFB,,,BTN3A2
MAFF,,,BTNL9
MAFG,,,BVES
MAFK,,,BVES-AS1
MAML2,,,C10orf90
MAP3K14,,,C11orf65
MAP3K8,,,C12orf42
MAPK1,,,C12orf56
MBP,,,C12orf60
MECOM,,,C12orf75
MECP2,,,C17orf64
MEF2A,,,C18orf54
MEF2D,,,C19orf25
MEIS2,,,C1QA
MFSD2A,,,C1QB
MGAT1,,,C1QC
MGST1,,,C1QL1
MIR34AHG,,,C1QTNF1
MIR646HG,,,C1QTNF7
MIS18BP1,,,C1R
MITF,,,C1RL
MKNK1,,,C1orf112
MLXIPL,,,C1orf122
MNDA,,,C1orf162
MRC2,,,C1orf195
MS4A6A,,,C1orf54
MSC,,,C1orf56
MSI2,,,C1orf87
MSN,,,C20orf197
MSR1,,,C21orf62
MSX1,,,C21orf62-AS1
MSX2,,,C21orf91
MTA3,,,C21orf91-OT1
MTF1,,,C22orf34
MXD1,,,C2CD2
MXD4,,,C2orf76
MXI1,,,C2orf83
MYC,,,C3
MYCT1,,,C3AR1
MYEF2,,,C4BPA
MYO10,,,C4orf19
MYO1F,,,C4orf45
MYO7A,,,C4orf48
MYOF,,,C5
NAMPT,,,C5AR1
NCKAP1L,,,C5AR2
NCOA3,,,C5orf17
NDRG2,,,C5orf64
NEDD9,,,C7
NFATC1,,,C7orf31
NFATC2,,,C7orf61
NFATC3,,,C8orf34
NFE2L2,,,C8orf34-AS1
NFIA,,,C9orf153
NFIB,,,CA1
NFIC,,,CA10
NFIX,,,CA12
NFKB1,,,CA14
NFKB2,,,CA2
NFKBIA,,,CA3
NFYA,,,CA3-AS1
NFYB,,,CA4
NLRP1,,,CA8
NOS1,,,CABLES1
NOSTRIN,,,CABP4
NR1D1,,,CACHD1
NR1D2,,,CACNA2D3
NR1H4,,,CACNB2
NR2C1,,,CACNG4
NR2C2,,,CACNG5
NR2E1,,,CADPS2
NR2F2,,,CAHM
NR2F6,,,CALB2
NR3C1,,,CALCB
NRP1,,,CALCR
NRP2,,,CALCRL
NTNG1,,,CALD1
NXN,,,CALN1
OGFRL1,,,CALR
OLIG1,,,CAMK2G
OLMALINC,,,CAMKMT
OLR1,,,CANX
OPRM1,,,CAP1
OSBPL11,,,CAPG
OSMR,,,CAPN13
OSMR-AS1,,,CAPN9
P2RX4,,,CARD11
P2RY12,,,CARD14
P2RY13,,,CARD6
P2RY6,,,CARD8
PADI2,,,CARD9
PALD1,,,CARF
PALMD,,,CARMN
PAPOLG,,,CARNS1
PARD3,,,CARTPT
PARD3B,,,CASC15
PARP14,,,CASC17
PARP4,,,CASC19
PARP9,,,CASC6
PARVB,,,CASC9
PARVG,,,CASP1
PAX6,,,CASP10
PBX1,,,CASP4
PBX4,,,CASP7
PCDH9-AS2,,,CASP8
PDE1C,,,CASS4
PDGFRA,,,CAT
PDLIM5,,,CATSPERG
PDZRN4,,,CAV1
PECAM1,,,CAV2
PELI1,,,CAV3
PGM5,,,CBFA2T2
PGR,,,CBFB
PHF21B,,,CBLB
PIK3AP1,,,CBLN2
PIK3CG,,,CBX7
PKNOX2,,,CC2D2B
PLA1A,,,CCBE1
PLA2G4A,,,CCDC102B
PLAT,,,CCDC122
PLCB2,,,CCDC13-AS1
PLD1,,,CCDC141
PLEK,,,CCDC15
PLEKHO1,,,CCDC150
PLLP,,,CCDC152
PLPP1,,,CCDC160
PLSCR1,,,CCDC168
PLSCR4,,,CCDC169-SOHLH2
PML,,,CCDC18
PODXL,,,CCDC190
POLR2A,,,CCDC25
POLR3A,,,CCDC26
PON2,,,CCDC50
POU2F1,,,CCDC60
POU2F2,,,CCDC68
POU3F4,,,CCDC69
POU5F1,,,CCDC80
POU6F1,,,CCDC88B
POU6F2,,,CCDC88C
PPARA,,,CCDC97
PPARD,,,CCK
PPARG,,,CCL2
PPARGC1A,,,CCL3
PRAM1,,,CCL4
PRDM1,,,CCL4L2
PRDM11,,,CCL5
PRDM16,,,CCNB2
PREX1,,,CCNB3
PREX2,,,CCND1
PRKCH,,,CCND3
PRNP,,,CCNE2
PROP1,,,CCNG2
PROX1,,,CCNT2
PRRX1,,,CCR1
PSMA1,,,CD109
PSMD12,,,CD14
PSTPIP2,,,CD163
PTAFR,,,CD163L1
PTPRB,,,CD22
PTPRC,,,CD226
PTPRE,,,CD247
PTPRG,,,CD274
PYGL,,,CD300A
PYHIN1,,,CD302
RAB20,,,CD320
RAB31,,,CD33
RAB7A,,,CD34
RAPGEF1,,,CD36
RASGEF1C,,,CD37
RASSF3,,,CD38
RB1,,,CD4
RBBP5,,,CD40
RBFOX2,,,CD44
RBM47,,,CD53
RBMS1,,,CD55
RBMS2,,,CD58
RBMS3-AS3,,,CD59
RCBTB2,,,CD6
RCOR1,,,CD63
RCSD1,,,CD69
REL,,,CD72
RELB,,,CD74
REST,,,CD82
RFX4,,,CD83
RGMA,,,CD84
RGS1,,,CD86
RGS10,,,CD9
RGS18,,,CD93
RGS19,,,CD96
RHBDF2,,,CDC14A
RHOBTB3,,,CDC42EP1
RHOH,,,CDC42EP4
RIN3,,,CDC5L
RNASEH2B-AS1,,,CDCA7L
RNF144B,,,CDCP1
RNF166,,,CDH1
RNF182,,,CDH10
RNF220,,,CDH12
RORA,,,CDH13
RREB1,,,CDH18
RTTN,,,CDH19
RUNX1,,,CDH20
RUNX2,,,CDH23
RUNX3,,,CDH4
RYR1,,,CDH5
S100Z,,,CDH6
SAMD4A,,,CDH7
SAMD9L,,,CDH8
SAMHD1,,,CDH9
SAMSN1,,,CDHR3
SAT1,,,CDK18
SCIN,,,CDK19
SDC4,,,CDK2AP1
SDCBP,,,CDK2AP2
SELPLG,,,CDKN1A
SERPINB9,,,CDKN1B
SERPINI2,,,CDKN1C
SETBP1,,,CDKN2A
SETDB1,,,CDKN2B
SFMBT2,,,CDKN2B-AS1
SGCD,,,CDR2L
SGK1,,,CDX1
SGPP2,,,CEACAM1
SH2B3,,,CEACAM21
SH3RF3,,,CEBPA
SH3TC1,,,CEBPB
SHROOM4,,,CEBPD
SIN3A,,,CEBPG
SIPA1L2,,,CEBPZ
SIRPB2,,,CELF4
SIX4,,,CELF5
SKAP1,,,CEMIP
SKAP2,,,CENPB
SLA,,,CENPBD1
SLC11A1,,,CENPE
SLC12A7,,,CENPF
SLC16A1,,,CENPP
SLC16A3,,,CENPQ
SLC19A3,,,CEP128
SLC1A2,,,CEP135
SLC1A3,,,CEP152
SLC30A1,,,CEP85
SLC38A5,,,CERCAM
SLC44A1,,,CERS2
SLC4A7,,,CERS3
SLC6A11,,,CERS4
SLC7A14,,,CERS5
SLC7A5,,,CERS6
SLCO1A2,,,CFAP47
SLCO1C1,,,CFAP54
SLCO2B1,,,CFH
SLFN12L,,,CFL2
SMAD5,,,CFLAR
SMAD6,,,CFLAR-AS1
SMAD9,,,CFTR
SMAP2,,,CGNL1
SMARCA5,,,CH25H
SMARCC1,,,CHADL
SMC3,,,CHAMP1
SND1,,,CHD1
SNTB1,,,CHD2
SOAT1,,,CHD7
SOCS3,,,CHEK2
SORCS3,,,CHI3L1
SOX10,,,CHL1-AS1
SOX12,,,CHMP1B2P
SOX17,,,CHODL
SOX18,,,CHRDL1
SOX5,,,CHRM2
SOX6,,,CHRM3
SOX8,,,CHRM3-AS2
SOX9,,,CHRM5
SP100,,,CHRNA7
SP110,,,CHST11
SP140L,,,CHST15
SP3,,,CHST3
SPI1,,,CHST6
SPON1,,,CHST8
SREBF1,,,CHST9
SREBF2,,,CHSY1
SRF,,,CHSY3
SRGAP1,,,CHURC1
SRGAP2,,,CIB1
SRGAP2B,,,CIC
SRGAP2C,,,CIITA
SRGN,,,CKMT1B
SRRM3,,,CKS2
ST18,,,CLCA4
ST6GAL1,,,CLCN5
ST6GALNAC3,,,CLDN10
ST8SIA4,,,CLDN14
STAB1,,,CLDN15
STARD8,,,CLDN5
STAT1,,,CLDND1
STAT3,,,CLEC14A
STAT4,,,CLEC17A
STAT5A,,,CLEC19A
STAT6,,,CLEC1A
STK10,,,CLEC2A
STK17B,,,CLEC2B
STK32B,,,CLEC2D
STK33,,,CLEC5A
STOM,,,CLEC7A
STON2,,,CLEC9A
SUSD3,,,CLIC1
SUSD6,,,CLIC2
SVIL,,,CLIC4
SYK,,,CLIC5
SYNDIG1,,,CLK1
SYNE2,,,CLMN
SYT17,,,CLMP
SYT6,,,CLNK
SYTL3,,,CLOCK
SYTL4,,,CLSTN2
TAF1,,,CLTCL1
TAL1,,,CLU
TANC1,,,CLUL1
TBC1D14,,,CLYBL
TBL1XR1,,,CMAHP
TBX15,,,CMKLR1
TBX18,,,CMTM3
TBX19,,,CMTM5
TBX21,,,CMTM6
TBXAS1,,,CMTM7
TC2N,,,CMTM8
TCF12,,,CNBD1
TCF3,,,CNDP1
TCF4,,,CNGA1
TCF7L1,,,CNN3
TCF7L2,,,CNOT3
TEAD1,,,CNOT4
TEAD2,,,CNOT6
TEAD4,,,CNOT8
TEK,,,CNP
TFAP2A,,,CNPY3
TFAP2E,,,CNR1
TFDP2,,,CNTLN
TFEC,,,CNTN2
TG,,,CNTN3
TGFB1,,,CNTN4
TGFBR2,,,CNTN5
TGFBR3,,,CNTN6
TGM2,,,CNTNAP3
THBS2,,,CNTNAP5
THRA,,,COBLL1
THSD4,,,COL10A1
TLR1,,,COL11A1
TLR2,,,COL12A1
TLR5,,,COL13A1
TLR7,,,COL14A1
TM4SF1,,,COL15A1
TM4SF18,,,COL18A1
TM6SF1,,,COL1A2
TMCC3,,,COL20A1
TMEM151A,,,COL21A1
TMEM156,,,COL23A1
TMEM163,,,COL24A1
TMEM63A,,,COL25A1
TMSB4X,,,COL27A1
TNC,,,COL3A1
TNFAIP8,,,COL4A1
TNFRSF1A,,,COL4A2
TNFRSF1B,,,COL4A3
TNFSF13B,,,COL4A4
TNR,,,COL4A5
TNS3,,,COL4A6
TP53,,,COL5A2
TP63,,,COL5A3
TRIM22,,,COL6A2
TRIM28,,,COL6A3
TRIM38,,,COL6A6
TRPC3,,,COL8A1
TRPS1,,,COL8A2
TTC7A,,,COL9A1
TUBA1A,,,COL9A2
TYROBP,,,COL9A3
UACA,,,COLEC12
UBTF,,,COLGALT1
UGT8,,,COLGALT2
USP6NL,,,COPE
VAV1,,,COQ2
VAX1,,,CORO1B
VCAN,,,COTL1
VDR,,,CP
VEGFA,,,CPA1
VENTX,,,CPA6
VSIG4,,,CPAMD8
VSX1,,,CPB1
VWF,,,CPB2
WDR49,,,CPB2-AS1
WNT5A,,,CPE
WT1,,,CPEB1
XBP1,,,CPED1
YAP1,,,CPM
YES1,,,CPNE4
ZBTB14,,,CPNE8
ZBTB49,,,CPO
ZBTB7C,,,CPOX
ZC3HAV1,,,CPS1
ZEB1,,,CPSF4
ZEB2,,,CPT1A
ZFHX3,,,CPTP
ZFP36,,,CPVL
ZFP36L1,,,CPXM2
ZFP36L2,,,CR1
ZFPM2-AS1,,,CRAT37
ZFX,,,CRB1
ZHX2,,,CRB2
ZIC1,,,CREB1
ZIC3,,,CREB3
ZIC4,,,CREB3L1
ZIC5,,,CREB3L2
ZMAT4,,,CREB3L4
ZNF133,,,CREB5
ZNF197,,,CREBL2
ZNF217,,,CREBZF
ZNF263,,,CREM
ZNF362,,,CRH
ZNF366,,,CRHBP
ZNF384,,,CRIM1
ZNF423,,,CRISPLD1
ZNF429,,,CRISPLD2
ZNF449,,,CRLF1
ZNF460,,,CRTC2
ZNF513,,,CRTC3-AS1
ZNF516,,,CRX
ZNF536,,,CRYAB
ZNF704,,,CRYBG3
ZNF708,,,CSF1
ZNF710,,,CSF1R
ZNF740,,,CSF3R
ZRSR2,,,CSGALNACT1
,,,CSPG4
,,,CSRNP1
,,,CSRP1
,,,CSRP2
,,,CST3
,,,CSTF2
,,,CTBP1
,,,CTBP1-AS
,,,CTCF
,,,CTCFL
,,,CTD-2350J17.1
,,,CTDSP1
,,,CTH
,,,CTNNA2
,,,CTNNB1
,,,CTNS
,,,CTSB
,,,CTSC
,,,CTSH
,,,CTSL
,,,CTSO
,,,CTSS
,,,CTSZ
,,,CTTNBP2NL
,,,CUBN
,,,CUX1
,,,CUX2
,,,CX3CR1
,,,CXCL12
,,,CXCL14
,,,CXCL16
,,,CXCR4
,,,CXXC1
,,,CXXC5
,,,CYB5R1
,,,CYB5R2
,,,CYBA
,,,CYBRD1
,,,CYCS
,,,CYFIP1
,,,CYP1B1
,,,CYP1B1-AS1
,,,CYP27C1
,,,CYP39A1
,,,CYP3A5
,,,CYP4F12
,,,CYP4F3
,,,CYP7B1
,,,CYSLTR1
,,,CYSLTR2
,,,CYTH4
,,,CYTIP
,,,CYTL1
,,,CYYR1
,,,CYYR1-AS1
,,,DAAM2
,,,DAB1
,,,DAB2
,,,DACH1
,,,DACH2
,,,DAGLB
,,,DAP
,,,DAPK2
,,,DAPP1
,,,DAZAP1
,,,DAZAP2
,,,DBI
,,,DBP
,,,DBX2
,,,DCBLD1
,,,DCC
,,,DCDC2
,,,DCDC2C
,,,DCHS2
,,,DCLK2
,,,DCN
,,,DCST2
,,,DDAH1
,,,DDAH2
,,,DDB2
,,,DDIT3
,,,DDIT4
,,,DDO
,,,DDR2
,,,DDX20
,,,DDX21
,,,DDX3Y
,,,DDX4
,,,DDX43
,,,DDX53
,,,DDX60
,,,DDX60L
,,,DEAF1
,,,DEF6
,,,DENND1C
,,,DENND2A
,,,DENND2C
,,,DENND3
,,,DEPDC1B
,,,DEPDC7
,,,DEPTOR
,,,DERA
,,,DGAT2L6
,,,DGCR8
,,,DGKB
,,,DGKG
,,,DGKH
,,,DHCR24
,,,DHCR7
,,,DHRS3
,,,DHRS9
,,,DHX36
,,,DIAPH2
,,,DIAPH2-AS1
,,,DIAPH3
,,,DIDO1
,,,DIO1
,,,DIO2
,,,DIO2-AS1
,,,DIO3OS
,,,DIRC3
,,,DIS3
,,,DISC1
,,,DISC1FP1
,,,DISP1
,,,DKK2
,,,DLC1
,,,DLEU1
,,,DLEU7
,,,DLGAP1
,,,DLGAP1-AS5
,,,DLGAP2
,,,DLL1
,,,DLL4
,,,DLX1
,,,DLX2
,,,DLX4
,,,DLX5
,,,DLX6
,,,DLX6-AS1
,,,DMAP1
,,,DMBX1
,,,DMC1
,,,DMRT1
,,,DMRT2
,,,DMRT3
,,,DMRTA1
,,,DMRTA2
,,,DMRTC2
,,,DNAH11
,,,DNAH12
,,,DNAH17
,,,DNAH7
,,,DNAJA4
,,,DNAJB1
,,,DNAJC21
,,,DNAJC22
,,,DNM1P46
,,,DNM3OS
,,,DNMT1
,,,DNMT3A
,,,DNTTIP1
,,,DOCK11
,,,DOCK2
,,,DOCK4-AS1
,,,DOCK5
,,,DOCK6
,,,DOCK8
,,,DOCK9-AS1
,,,DOHH
,,,DOK1
,,,DOK3
,,,DOK6
,,,DPEP2
,,,DPF1
,,,DPF2
,,,DPP10-AS1
,,,DPP10-AS3
,,,DPRX
,,,DPYD-AS1
,,,DPYSL3
,,,DPYSL5
,,,DR1
,,,DRAIC
,,,DRAM1
,,,DRAP1
,,,DRGX
,,,DSC2
,,,DSCAM
,,,DSP
,,,DTHD1
,,,DTL
,,,DTNA
,,,DTX3L
,,,DUOX1
,,,DUS2
,,,DUS3L
,,,DUSP1
,,,DUSP10
,,,DUSP16
,,,DUSP2
,,,DUSP22
,,,DUSP26
,,,DUSP5
,,,DUSP6
,,,DUX4
,,,DUXA
,,,DYSF
,,,E2F1
,,,E2F2
,,,E2F3
,,,E2F4
,,,E2F5
,,,E2F6
,,,E2F7
,,,E2F8
,,,E4F1
,,,EAF2
,,,EBF1
,,,EBF2
,,,EBF3
,,,EBF4
,,,EBI3
,,,ECHDC3
,,,ECM2
,,,ECSIT
,,,ECT2
,,,EDA
,,,EDA2R
,,,EDN1
,,,EDNRA
,,,EDNRB
,,,EDNRB-AS1
,,,EEF1B2
,,,EEF1D
,,,EFCAB13
,,,EFCAB14-AS1
,,,EFEMP1
,,,EFHD1
,,,EFNA1
,,,EFNA5
,,,EFS
,,,EGFEM1P
,,,EGFL7
,,,EGFLAM
,,,EGFR
,,,EGLN3
,,,EGR1
,,,EGR2
,,,EGR3
,,,EGR4
,,,EHBP1L1
,,,EHD4
,,,EHF
,,,EIF4A3
,,,EIF5A2
,,,ELAVL2
,,,ELF1
,,,ELF2
,,,ELF3
,,,ELF4
,,,ELF5
,,,ELK1
,,,ELK3
,,,ELK4
,,,ELL2
,,,ELMO1-AS1
,,,ELN
,,,ELOVL1
,,,ELOVL2
,,,ELOVL5
,,,ELOVL7
,,,EMB
,,,EMC10
,,,EMCN
,,,EMID1
,,,EMILIN1
,,,EMILIN2
,,,EML3
,,,EML4
,,,EMP1
,,,EMP2
,,,EMP3
,,,EMX1
,,,EMX2
,,,EMX2OS
,,,EN2
,,,ENG
,,,ENO1
,,,ENO4
,,,ENOSF1
,,,ENOX2
,,,ENPEP
,,,ENPP1
,,,ENPP2
,,,ENPP6
,,,ENTHD1
,,,ENTPD1
,,,ENTPD1-AS1
,,,ENTPD2
,,,EOMES
,,,EP300
,,,EPAS1
,,,EPB41L4A
,,,EPHA1-AS1
,,,EPHA2
,,,EPHA3
,,,EPHA5
,,,EPHA6
,,,EPHA7
,,,EPHB1
,,,EPHX1
,,,EPN2
,,,EPN2-AS1
,,,EPOR
,,,EPS8
,,,EPSTI1
,,,ERAP2
,,,ERBB3
,,,ERCC6L
,,,ERG
,,,ERI1
,,,ERMAP
,,,ERMN
,,,ERN1
,,,ERRFI1
,,,ESAM
,,,ESR1
,,,ESR2
,,,ESRP1
,,,ESRRA
,,,ESRRB
,,,ESRRG
,,,ESYT2
,,,ETFB
,,,ETNPPL
,,,ETS1
,,,ETS2
,,,ETV1
,,,ETV2
,,,ETV3
,,,ETV4
,,,ETV5
,,,ETV6
,,,ETV7
,,,EVC2
,,,EVI2A
,,,EVI2B
,,,EWSR1
,,,EXO5
,,,EXPH5
,,,EYA1
,,,EYA2
,,,EYA4
,,,EYS
,,,EZH2
,,,EZR
,,,F11-AS1
,,,F11R
,,,F13A1
,,,F2R
,,,F3
,,,F8
,,,FA2H
,,,FAAP24
,,,FABP7
,,,FAM107A
,,,FAM107B
,,,FAM110B
,,,FAM111A
,,,FAM114A1
,,,FAM118A
,,,FAM124A
,,,FAM126A
,,,FAM149A
,,,FAM157A
,,,FAM160A1
,,,FAM167A
,,,FAM167A-AS1
,,,FAM177B
,,,FAM178B
,,,FAM181B
,,,FAM186A
,,,FAM189A2
,,,FAM20A
,,,FAM217A
,,,FAM222A-AS1
,,,FAM53A
,,,FAM53B-AS1
,,,FAM78A
,,,FAM89A
,,,FANCB
,,,FANCC
,,,FANK1
,,,FAP
,,,FAS
,,,FAT1
,,,FAT3
,,,FAT4
,,,FAU
,,,FAXDC2
,,,FBLN1
,,,FBLN2
,,,FBLN5
,,,FBN2
,,,FBXL19
,,,FBXL7
,,,FCER1G
,,,FCGBP
,,,FCGR1A
,,,FCGR1B
,,,FCGR1CP
,,,FCGR2A
,,,FCGR3A
,,,FCGRT
,,,FENDRR
,,,FER1L6
,,,FER1L6-AS1
,,,FER1L6-AS2
,,,FERMT1
,,,FERMT3
,,,FES
,,,FEZ1
,,,FEZF1
,,,FEZF2
,,,FGD2
,,,FGD3
,,,FGD4
,,,FGD5
,,,FGD6
,,,FGF1
,,,FGF10
,,,FGF13
,,,FGF14
,,,FGF2
,,,FGF20
,,,FGF7
,,,FGFR1
,,,FGFR3
,,,FGL1
,,,FGL2
,,,FGR
,,,FHL2
,,,FHL3
,,,FHL5
,,,FHOD1
,,,FIGLA
,,,FIGN
,,,FILIP1
,,,FILIP1L
,,,FIP1L1
,,,FIRRE
,,,FIS1
,,,FIZ1
,,,FKBP10
,,,FKBP5
,,,FLI1
,,,FLJ40194
,,,FLJ46284
,,,FLNA
,,,FLNC
,,,FLRT2
,,,FLT1
,,,FLT3
,,,FLVCR2
,,,FMN1
,,,FMNL1
,,,FMNL3
,,,FMO2
,,,FMO3
,,,FMO4
,,,FMO5
,,,FMO6P
,,,FN1
,,,FNDC3B
,,,FOLH1
,,,FOS
,,,FOSB
,,,FOSL1
,,,FOSL2
,,,FOXA3
,,,FOXB1
,,,FOXC1
,,,FOXC2
,,,FOXD1
,,,FOXD2
,,,FOXD4
,,,FOXD4L1
,,,FOXD4L3
,,,FOXD4L5
,,,FOXD4L6
,,,FOXF1
,,,FOXF2
,,,FOXH1
,,,FOXJ1
,,,FOXJ2
,,,FOXJ3
,,,FOXK1
,,,FOXK2
,,,FOXL1
,,,FOXL2
,,,FOXM1
,,,FOXN2
,,,FOXN3
,,,FOXN3-AS2
,,,FOXN4
,,,FOXO1
,,,FOXO3
,,,FOXO4
,,,FOXO6
,,,FOXP1
,,,FOXP1-AS1
,,,FOXP2
,,,FOXP3
,,,FOXP4
,,,FOXQ1
,,,FOXR1
,,,FOXS1
,,,FPR1
,,,FPR3
,,,FRAS1
,,,FREM1
,,,FREM2
,,,FRK
,,,FRMD3
,,,FRMD4B
,,,FRMD6
,,,FRMPD2
,,,FRMPD3
,,,FRMPD4
,,,FRRS1
,,,FRZB
,,,FSCN1
,,,FSHR
,,,FSIP2
,,,FSTL1
,,,FSTL4
,,,FSTL5
,,,FTH1
,,,FTL
,,,FUBP1
,,,FUT10
,,,FXYD5
,,,FYCO1
,,,FZD6
,,,G0S2
,,,GAB3
,,,GABPA
,,,GABPB1
,,,GABRA2
,,,GABRE
,,,GABRG1
,,,GABRG3
,,,GABRG3-AS1
,,,GACAT3
,,,GAD1
,,,GAD2
,,,GADD45A
,,,GADD45B
,,,GADD45G
,,,GAL3ST1
,,,GAL3ST4
,,,GALM
,,,GALNT10
,,,GALNT14
,,,GALNT15
,,,GALNT18
,,,GALNT6
,,,GALNTL6
,,,GALR1
,,,GAR1
,,,GAS1
,,,GAS2L3
,,,GAS6-AS1
,,,GATA1
,,,GATA2
,,,GATA2-AS1
,,,GATA3
,,,GATA4
,,,GATA6
,,,GATAD1
,,,GATAD2A
,,,GBE1
,,,GBP1
,,,GBP2
,,,GBP3
,,,GBP4
,,,GBX1
,,,GCH1
,,,GCM1
,,,GCM2
,,,GCNT1
,,,GCNT2
,,,GDNF
,,,GDNF-AS1
,,,GEM
,,,GFAP
,,,GFI1
,,,GFI1B
,,,GFRA1
,,,GGT5
,,,GHR
,,,GIMAP2
,,,GIMAP4
,,,GIMAP7
,,,GIMAP8
,,,GINS3
,,,GINS4
,,,GIPR
,,,GIT2
,,,GJA1
,,,GJB1
,,,GJB6
,,,GJC1
,,,GJC2
,,,GK
,,,GLA
,,,GLDC
,,,GLDN
,,,GLI1
,,,GLI2
,,,GLI3
,,,GLI4
,,,GLIPR1L1
,,,GLIPR2
,,,GLIS1
,,,GLIS2
,,,GLIS3
,,,GLOD5
,,,GLRA1
,,,GLRA2
,,,GLRX
,,,GLUL
,,,GLYATL1
,,,GLYCTK
,,,GM2A
,,,GMEB1
,,,GMEB2
,,,GMFG
,,,GMIP
,,,GMPR
,,,GNA13
,,,GNA14
,,,GNA14-AS1
,,,GNA15
,,,GNAL
,,,GNB4
,,,GNG11
,,,GNG12
,,,GNG12-AS1
,,,GNG4
,,,GNG8
,,,GNGT1
,,,GNLY
,,,GOLIM4
,,,GOT1
,,,GPAM
,,,GPANK1
,,,GPAT3
,,,GPBP1L1
,,,GPC4
,,,GPC5
,,,GPC5-AS1
,,,GPC5-AS2
,,,GPC6
,,,GPCPD1
,,,GPD1
,,,GPER1
,,,GPIHBP1
,,,GPM6A
,,,GPNMB
,,,GPR132
,,,GPR149
,,,GPR156
,,,GPR160
,,,GPR17
,,,GPR174
,,,GPR183
,,,GPR34
,,,GPR37
,,,GPR37L1
,,,GPR39
,,,GPR62
,,,GPR65
,,,GPR85
,,,GPRC5C
,,,GPRIN3
,,,GPSM3
,,,GPX1
,,,GPX3
,,,GRAMD1A
,,,GRAMD1C
,,,GRAP2
,,,GRAPL
,,,GRB10
,,,GRB2
,,,GREB1L
,,,GREM1
,,,GREM2
,,,GRHL1
,,,GRHL2
,,,GRHL3
,,,GRHPR
,,,GRIA1
,,,GRID1-AS1
,,,GRID2
,,,GRIK1
,,,GRIK2
,,,GRIK3
,,,GRIN2A
,,,GRIN2C
,,,GRIN3A
,,,GRIP1
,,,GRK5
,,,GRM1
,,,GRM3
,,,GRM7
,,,GRM8
,,,GRN
,,,GSDMD
,,,GSG1L
,,,GSN
,,,GSN-AS1
,,,GSTK1
,,,GSTP1
,,,GTF2A1
,,,GTF2A2
,,,GTF2B
,,,GTF2F1
,,,GTF2H3
,,,GTF2I
,,,GTF2IRD1
,,,GTF3A
,,,GTF3C2
,,,GTF3C5
,,,GTPBP1
,,,GTPBP6
,,,GULP1
,,,GXYLT2
,,,GYG2
,,,GYG2P1
,,,GYPC
,,,GZF1
,,,HACD1
,,,HADHB
,,,HAGLR
,,,HAMP
,,,HAP1
,,,HAPLN2
,,,HAS2
,,,HAS2-AS1
,,,HAVCR2
,,,HBB
,,,HBEGF
,,,HBP1
,,,HCFC1
,,,HCFC2
,,,HCG22
,,,HCK
,,,HCLS1
,,,HCN1
,,,HCP5
,,,HCRTR2
,,,HDAC1
,,,HDAC2
,,,HDAC3
,,,HDAC9
,,,HDDC2
,,,HDX
,,,HEATR5A
,,,HEBP2
,,,HECA
,,,HECW1
,,,HEG1
,,,HELB
,,,HELZ2
,,,HEPH
,,,HEPN1
,,,HERC2P2
,,,HERC2P3
,,,HERC2P9
,,,HERC5
,,,HERPUD1
,,,HES1
,,,HES2
,,,HES4
,,,HES5
,,,HES6
,,,HES7
,,,HESX1
,,,HEY1
,,,HEY2
,,,HEYL
,,,HFE
,,,HGF
,,,HHAT
,,,HHEX
,,,HHIP
,,,HIC1
,,,HIC2
,,,HIF1A
,,,HIF3A
,,,HIGD1B
,,,HINFP
,,,HIP1
,,,HIRIP3
,,,HIVEP1
,,,HIVEP2
,,,HIVEP3
,,,HK2
,,,HKDC1
,,,HLA-A
,,,HLA-B
,,,HLA-DMB
,,,HLA-DPA1
,,,HLA-DPB1
,,,HLA-DQA1
,,,HLA-DQB1
,,,HLA-DRA
,,,HLA-DRB1
,,,HLA-DRB5
,,,HLA-E
,,,HLA-F
,,,HLCS
,,,HLF
,,,HLTF
,,,HLX
,,,HLX-AS1
,,,HMBOX1
,,,HMCN1
,,,HMG20A
,,,HMG20B
,,,HMGA1
,,,HMGA2
,,,HMGB1
,,,HMGB2
,,,HMGB3
,,,HMGB4
,,,HMGCS1
,,,HMGN2P46
,,,HMGXB3
,,,HMGXB4
,,,HMOX1
,,,HMSD
,,,HMX1
,,,HNF1A
,,,HNF1B
,,,HNF4A
,,,HNF4G
,,,HNMT
,,,HNRNPA0
,,,HNRNPC
,,,HNRNPH3
,,,HNRNPKP3
,,,HNRNPLL
,,,HNRNPUL1
,,,HOMER1
,,,HOMEZ
,,,HOXB3
,,,HOXC4
,,,HOXD1
,,,HOXD3
,,,HP1BP3
,,,HPGD
,,,HPGDS
,,,HPN
,,,HPN-AS1
,,,HPS3
,,,HPSE
,,,HPSE2
,,,HRH1
,,,HS3ST2
,,,HS3ST3A1
,,,HS3ST3B1
,,,HS3ST4
,,,HS3ST5
,,,HS6ST2
,,,HS6ST3
,,,HSD11B1
,,,HSF1
,,,HSF2
,,,HSF4
,,,HSF5
,,,HSFY2
,,,HSP90AA1
,,,HSPA12B
,,,HSPA1A
,,,HSPA1L
,,,HSPA2
,,,HSPA5
,,,HSPB1
,,,HSPB8
,,,HSPBAP1
,,,HSPD1
,,,HSPE1-MOB4
,,,HSPG2
,,,HSPH1
,,,HTATIP2
,,,HTR1E
,,,HTR1F
,,,HTR2B
,,,HTR2C
,,,HTR4
,,,HTR7
,,,HULC
,,,HUNK
,,,HYAL2
,,,ICAM1
,,,ICAM2
,,,ICOSLG
,,,ID1
,,,ID2
,,,ID3
,,,ID4
,,,IDI1
,,,IDI2-AS1
,,,IER2
,,,IER3
,,,IER5
,,,IFI16
,,,IFI27L2
,,,IFI44
,,,IFI44L
,,,IFIH1
,,,IFIT2
,,,IFIT3
,,,IFITM3
,,,IFNG-AS1
,,,IFNGR1
,,,IFNLR1
,,,IFRD1
,,,IGF1
,,,IGF2BP2
,,,IGFBP2
,,,IGFBP3
,,,IGFBP4
,,,IGFBP5
,,,IGFBP6
,,,IGFBP7
,,,IGFN1
,,,IGSF1
,,,IGSF11-AS1
,,,IGSF21
,,,IGSF6
,,,IKBIP
,,,IKBKE
,,,IKZF1
,,,IKZF2
,,,IKZF3
,,,IKZF4
,,,IKZF5
,,,IL10RA
,,,IL12RB2
,,,IL13RA1
,,,IL15
,,,IL15RA
,,,IL16
,,,IL17RA
,,,IL18
,,,IL18R1
,,,IL1B
,,,IL1R1
,,,IL1RAP
,,,IL1RAPL2
,,,IL21
,,,IL21R
,,,IL24
,,,IL26
,,,IL33
,,,IL4R
,,,IL6R
,,,IL6ST
,,,ILF2
,,,ILF3
,,,ING3
,,,ING4
,,,INHBA
,,,INPP4B
,,,INPP5D
,,,INPPL1
,,,INSC
,,,INSIG1
,,,INSM1
,,,INSM2
,,,IP6K3
,,,IPO13
,,,IPO9-AS1
,,,IQCA1
,,,IQCH
,,,IQCH-AS1
,,,IQCJ-SCHIP1
,,,IQGAP1
,,,IQGAP2
,,,IRAK2
,,,IRAK3
,,,IRAK4
,,,IRF1
,,,IRF2
,,,IRF3
,,,IRF4
,,,IRF5
,,,IRF6
,,,IRF7
,,,IRF8
,,,IRF9
,,,IRGM
,,,IRX2
,,,IRX4
,,,IRX6
,,,ISG15
,,,ISG20
,,,ISL2
,,,ISM1
,,,ISOC1
,,,ISYNA1
,,,ITGA1
,,,ITGA10
,,,ITGA11
,,,ITGA2
,,,ITGA4
,,,ITGA5
,,,ITGA6
,,,ITGA7
,,,ITGA8
,,,ITGAL
,,,ITGAM
,,,ITGAX
,,,ITGB2
,,,ITGB2-AS1
,,,ITGB4
,,,ITGB5
,,,ITGBL1
,,,ITIH5
,,,ITK
,,,ITM2A
,,,ITPKB
,,,ITPKC
,,,ITPR2
,,,ITPR3
,,,ITPRIP
,,,IVD
,,,IZUMO4
,,,JADE3
,,,JAG1
,,,JAK3
,,,JAM2
,,,JAZF1
,,,JDP2
,,,JOSD2
,,,JPH2
,,,JRK
,,,JRKL
,,,JUN
,,,JUNB
,,,JUND
,,,JUP
,,,KANK1
,,,KANK2
,,,KANK3
,,,KANK4
,,,KAT2B
,,,KAT7
,,,KAZN
,,,KBTBD12
,,,KC6
,,,KCNAB1
,,,KCNAB1-AS2
,,,KCNB2
,,,KCNC2
,,,KCND2
,,,KCNE1
,,,KCNE3
,,,KCNE4
,,,KCNH5
,,,KCNH7
,,,KCNH8
,,,KCNIP1
,,,KCNJ16
,,,KCNJ2
,,,KCNJ2-AS1
,,,KCNJ5
,,,KCNJ8
,,,KCNK13
,,,KCNK2
,,,KCNK6
,,,KCNMB1
,,,KCNMB2
,,,KCNMB2-AS1
,,,KCNMB4
,,,KCNN3
,,,KCNQ1
,,,KCNQ1OT1
,,,KCNQ3
,,,KCNQ5
,,,KCNS3
,,,KCNT2
,,,KCTD12
,,,KCTD16
,,,KCTD4
,,,KCTD8
,,,KCTD9
,,,KDM2A
,,,KDM2B
,,,KDM4A-AS1
,,,KDM4B
,,,KDM4C
,,,KDM4D
,,,KDM5A
,,,KDM5D
,,,KDM7A
,,,KDR
,,,KEL
,,,KHDRBS2
,,,KHDRBS3
,,,KIAA0040
,,,KIAA1217
,,,KIAA1755
,,,KIF13B
,,,KIF19
,,,KIF20B
,,,KIF22
,,,KIF26B
,,,KIF6
,,,KIT
,,,KITLG
,,,KIZ-AS1
,,,KLF10
,,,KLF11
,,,KLF12
,,,KLF13
,,,KLF15
,,,KLF16
,,,KLF17
,,,KLF2
,,,KLF3
,,,KLF4
,,,KLF5
,,,KLF6
,,,KLF7
,,,KLF8
,,,KLF9
,,,KLHL1
,,,KLHL13
,,,KLHL4
,,,KLHL6
,,,KLHL6-AS1
,,,KLK6
,,,KLRC4-KLRK1
,,,KLRD1
,,,KLRG1
,,,KMO
,,,KMT2A
,,,KMT2B
,,,KNOP1
,,,KREMEN1
,,,KYNU
,,,L3MBTL4-AS1
,,,LACC1
,,,LACTB2
,,,LAIR1
,,,LAMA1
,,,LAMA2
,,,LAMA3
,,,LAMA4
,,,LAMB1
,,,LAMB2
,,,LAMC1
,,,LAMC3
,,,LAMP2
,,,LANCL1-AS1
,,,LAP3
,,,LAPTM4A
,,,LAPTM5
,,,LARP1
,,,LARP4
,,,LAS1L
,,,LAT2
,,,LATS2
,,,LAYN
,,,LBH
,,,LBX2
,,,LCAT
,,,LCNL1
,,,LCOR
,,,LCORL
,,,LCP1
,,,LCP2
,,,LDB1
,,,LDB2
,,,LDB3
,,,LDLR
,,,LDLRAD3
,,,LDLRAD4
,,,LDLRAP1
,,,LEF1
,,,LEKR1
,,,LENG9
,,,LEPR
,,,LFNG
,,,LGALS1
,,,LGALS3
,,,LGALS3BP
,,,LGALS9
,,,LGI1
,,,LGI3
,,,LGMN
,,,LGR4
,,,LGR5
,,,LGR6
,,,LHFPL2
,,,LHFPL3
,,,LHFPL3-AS1
,,,LHFPL3-AS2
,,,LHX1
,,,LHX2
,,,LHX4
,,,LHX6
,,,LILRB1
,,,LILRB3
,,,LILRB4
,,,LIMD1
,,,LIMK2
,,,LIMS1
,,,LIMS2
,,,LIN28A
,,,LIN28B
,,,LINC00032
,,,LINC00159
,,,LINC00200
,,,LINC00240
,,,LINC00271
,,,LINC00276
,,,LINC00278
,,,LINC00290
,,,LINC00298
,,,LINC00299
,,,LINC00320
,,,LINC00326
,,,LINC00351
,,,LINC00378
,,,LINC00463
,,,LINC00467
,,,LINC00484
,,,LINC00499
,,,LINC00504
,,,LINC00507
,,,LINC00511
,,,LINC00534
,,,LINC00535
,,,LINC00536
,,,LINC00539
,,,LINC00540
,,,LINC00571
,,,LINC00578
,,,LINC00582
,,,LINC00598
,,,LINC00601
,,,LINC00607
,,,LINC00609
,,,LINC00612
,,,LINC00639
,,,LINC00640
,,,LINC00645
,,,LINC00649
,,,LINC00836
,,,LINC00840
,,,LINC00844
,,,LINC00861
,,,LINC00862
,,,LINC00865
,,,LINC00870
,,,LINC00877
,,,LINC00880
,,,LINC00886
,,,LINC00891
,,,LINC00899
,,,LINC00906
,,,LINC00907
,,,LINC00910
,,,LINC00922
,,,LINC00923
,,,LINC00924
,,,LINC00926
,,,LINC00940
,,,LINC00944
,,,LINC00945
,,,LINC00958
,,,LINC00960
,,,LINC00972
,,,LINC00996
,,,LINC01010
,,,LINC01023
,,,LINC01036
,,,LINC01053
,,,LINC01060
,,,LINC01088
,,,LINC01090
,,,LINC01091
,,,LINC01094
,,,LINC01098
,,,LINC01099
,,,LINC01117
,,,LINC01122
,,,LINC01135
,,,LINC01137
,,,LINC01141
,,,LINC01146
,,,LINC01151
,,,LINC01170
,,,LINC01182
,,,LINC01189
,,,LINC01194
,,,LINC01197
,,,LINC01202
,,,LINC01208
,,,LINC01221
,,,LINC01222
,,,LINC01237
,,,LINC01239
,,,LINC01241
,,,LINC01250
,,,LINC01258
,,,LINC01266
,,,LINC01285
,,,LINC01291
,,,LINC01299
,,,LINC01301
,,,LINC01320
,,,LINC01322
,,,LINC01331
,,,LINC01340
,,,LINC01344
,,,LINC01356
,,,LINC01358
,,,LINC01363
,,,LINC01375
,,,LINC01376
,,,LINC01378
,,,LINC01410
,,,LINC01411
,,,LINC01416
,,,LINC01422
,,,LINC01445
,,,LINC01470
,,,LINC01476
,,,LINC01478
,,,LINC01480
,,,LINC01482
,,,LINC01483
,,,LINC01500
,,,LINC01504
,,,LINC01505
,,,LINC01508
,,,LINC01549
,,,LINC01550
,,,LINC01554
,,,LINC01568
,,,LINC01572
,,,LINC01591
,,,LINC01605
,,,LINC01608
,,,LINC01619
,,,LINC01625
,,,LINGO2
,,,LIPC
,,,LIPE
,,,LIPG
,,,LITAF
,,,LIX1
,,,LLGL1
,,,LLGL2
,,,LMCD1
,,,LMCD1-AS1
,,,LMF1-AS1
,,,LMNA
,,,LMNTD1
,,,LMO1
,,,LMO2
,,,LMOD1
,,,LMX1A
,,,LMX1B
,,,LOXL2
,,,LOXL3
,,,LPAR1
,,,LPAR3
,,,LPAR4
,,,LPAR5
,,,LPAR6
,,,LPCAT2
,,,LPGAT1
,,,LPIN3
,,,LPL
,,,LPXN
,,,LRAT
,,,LRCH1
,,,LRFN5
,,,LRIG1
,,,LRIG3
,,,LRP10
,,,LRP2
,,,LRP4
,,,LRP4-AS1
,,,LRRC1
,,,LRRC32
,,,LRRC3B
,,,LRRC4C
,,,LRRC63
,,,LRRC69
,,,LRRC74A
,,,LRRC8A
,,,LRRC8D
,,,LRRFIP1
,,,LRRK1
,,,LRRK2
,,,LRRN1
,,,LRRTM4
,,,LRTM1
,,,LSM6
,,,LSMEM2
,,,LSR
,,,LST1
,,,LTB4R
,,,LTBP1
,,,LTBP2
,,,LTBR
,,,LTC4S
,,,LTF
,,,LUCAT1
,,,LURAP1L
,,,LURAP1L-AS1
,,,LUZP1
,,,LUZP2
,,,LY86
,,,LY86-AS1
,,,LY96
,,,LYL1
,,,LYN
,,,LYPD6
,,,LYPD6B
,,,LYPLAL1-AS1
,,,LYVE1
,,,LZTS1
,,,LZTS1-AS1
,,,LZTS2
,,,MAF
,,,MAFB
,,,MAFF
,,,MAFG
,,,MAFK
,,,MAG
,,,MAGEC3
,,,MAGEF1
,,,MAGI1-AS1
,,,MAGOH
,,,MAGT1
,,,MAL
,,,MALRD1
,,,MAMDC2
,,,MAMDC2-AS1
,,,MAML2
,,,MAML3
,,,MAN1A1
,,,MAN2A1
,,,MAN2B1
,,,MAOA
,,,MAOB
,,,MAP3K1
,,,MAP3K11
,,,MAP3K14
,,,MAP3K19
,,,MAP3K7CL
,,,MAP3K8
,,,MAP4K1
,,,MAP4K2
,,,MAP7D3
,,,MAPK1
,,,MAPK4
,,,MAPKAPK2
,,,MAPKAPK3
,,,MAPT-AS1
,,,MARCKSL1
,,,MASP1
,,,MATN1-AS1
,,,MATN2
,,,MAX
,,,MAZ
,,,MBD1
,,,MBD2
,,,MBNL1-AS1
,,,MBNL2
,,,MBNL3
,,,MBOAT1
,,,MBP
,,,MBTPS2
,,,MCAM
,,,MCC
,,,MCL1
,,,MCM3
,,,MCM5
,,,MCMDC2
,,,MCOLN2
,,,MCTP1
,,,MCTP2
,,,MDC1-AS1
,,,MDFIC
,,,MDM2
,,,MDS2
,,,MECOM
,,,MECP2
,,,MED30
,,,MEF2A
,,,MEF2C
,,,MEF2D
,,,MEGF10
,,,MEGF11
,,,MEI4
,,,MEIS1
,,,MEIS1-AS2
,,,MEIS2
,,,MEIS3
,,,MELK
,,,MEOX1
,,,MEOX2
,,,MEPE
,,,MERTK
,,,MESP1
,,,MESP2
,,,MET
,,,METAP1D
,,,METRN
,,,METRNL
,,,METTL14
,,,METTL3
,,,METTL7A
,,,MEX3C
,,,MFGE8
,,,MFHAS1
,,,MFNG
,,,MFSD2A
,,,MFSD4B
,,,MGA
,,,MGAM
,,,MGAT1
,,,MGAT4A
,,,MGAT4C
,,,MGME1
,,,MGP
,,,MGST1
,,,MGST2
,,,MIATNB
,,,MICALL1
,,,MID1
,,,MID1IP1
,,,MIDN
,,,MIEF1
,,,MILR1
,,,MIOS
,,,MIOX
,,,MIR17HG
,,,MIR2052HG
,,,MIR3142HG
,,,MIR31HG
,,,MIR325HG
,,,MIR34AHG
,,,MIR3681HG
,,,MIR4300HG
,,,MIR4435-2HG
,,,MIR4500HG
,,,MIR503HG
,,,MIR646HG
,,,MIR924HG
,,,MIS18BP1
,,,MITF
,,,MIXL1
,,,MKNK1
,,,MKNK1-AS1
,,,MKRN3
,,,MKX
,,,MLC1
,,,MLIP
,,,MLKL
,,,MLLT10
,,,MLX
,,,MLXIP
,,,MLXIPL
,,,MMD2
,,,MME
,,,MMP14
,,,MMP16
,,,MMP19
,,,MMP21
,,,MMP28
,,,MMRN1
,,,MMRN2
,,,MMS22L
,,,MN1
,,,MNDA
,,,MNT
,,,MNX1
,,,MOB3A
,,,MOB3B
,,,MOBP
,,,MOCOS
,,,MOG
,,,MORC1
,,,MORC4
,,,MORN1
,,,MOXD1
,,,MPPED2
,,,MPST
,,,MPZL1
,,,MR1
,,,MRC1
,,,MRC2
,,,MROH9
,,,MRPL1
,,,MRPL2
,,,MRPS25
,,,MS4A14
,,,MS4A4A
,,,MS4A6A
,,,MSANTD3
,,,MSC
,,,MSC-AS1
,,,MSI1
,,,MSI2
,,,MSN
,,,MSR1
,,,MSRA
,,,MSRB3
,,,MSX1
,,,MSX2
,,,MT1E
,,,MT1F
,,,MT1G
,,,MT1M
,,,MT2A
,,,MT3
,,,MTA3
,,,MTCP1
,,,MTERF1
,,,MTF1
,,,MTF2
,,,MTHFD1
,,,MTHFD1L
,,,MTHFD2
,,,MTMR8
,,,MTMR9LP
,,,MTRF1
,,,MTSS1
,,,MTUS2
,,,MUSK
,,,MVP
,,,MX1
,,,MX2
,,,MXD1
,,,MXD3
,,,MXD4
,,,MXI1
,,,MYB
,,,MYBL1
,,,MYBL2
,,,MYBPC1
,,,MYC
,,,MYCL
,,,MYCN
,,,MYCT1
,,,MYEF2
,,,MYH11
,,,MYH15
,,,MYH16
,,,MYH7B
,,,MYL12A
,,,MYL12B
,,,MYL3
,,,MYL6
,,,MYL9
,,,MYLIP
,,,MYLK
,,,MYNN
,,,MYO10
,,,MYO16
,,,MYO16-AS1
,,,MYO1B
,,,MYO1C
,,,MYO1D
,,,MYO1E
,,,MYO1F
,,,MYO5B
,,,MYO7A
,,,MYOCD
,,,MYOF
,,,MYOG
,,,MYOM1
,,,MYOT
,,,MYPOP
,,,MYRF
,,,MYRFL
,,,MYRIP
,,,MYT1
,,,MZF1
,,,MZF1-AS1
,,,NAA11
,,,NAALADL2-AS2
,,,NAALADL2-AS3
,,,NABP1
,,,NACAD
,,,NAGS
,,,NALCN-AS1
,,,NAMPT
,,,NANOG
,,,NANOGP8
,,,NANOS1
,,,NAP1L1
,,,NAPSB
,,,NAT8L
,,,NBPF14
,,,NCALD
,,,NCAN
,,,NCBP2
,,,NCF2
,,,NCF4
,,,NCK2
,,,NCKAP1L
,,,NCMAP
,,,NCOA1
,,,NCOA2
,,,NCOA3
,,,NCOA7-AS1
,,,NCOR1
,,,NCOR2
,,,NDC1
,,,NDE1
,,,NDNF
,,,NDP
,,,NDRG1
,,,NDRG2
,,,NDST3
,,,NDST4
,,,NDUFA4L2
,,,NDUFB7
,,,NDUFB9
,,,NEAT1
,,,NEB
,,,NECTIN2
,,,NEDD1
,,,NEDD4
,,,NEDD9
,,,NEK3
,,,NEK5
,,,NEK6
,,,NELFA
,,,NELFB
,,,NELL1
,,,NELL2
,,,NENF
,,,NES
,,,NET1
,,,NETO1
,,,NETO2
,,,NEU4
,,,NEURL1B
,,,NEUROD2
,,,NF1
,,,NFAM1
,,,NFAT5
,,,NFATC1
,,,NFATC2
,,,NFATC3
,,,NFATC4
,,,NFE2
,,,NFE2L1
,,,NFE2L2
,,,NFE2L3
,,,NFE4
,,,NFIA
,,,NFIA-AS2
,,,NFIB
,,,NFIC
,,,NFIL3
,,,NFIX
,,,NFKB1
,,,NFKB2
,,,NFKBIA
,,,NFKBID
,,,NFKBIZ
,,,NFX1
,,,NFXL1
,,,NFYA
,,,NFYB
,,,NFYC
,,,NGB
,,,NGF
,,,NGFR
,,,NHLH1
,,,NHLH2
,,,NHS
,,,NHSL1
,,,NHSL2
,,,NID1
,,,NID2
,,,NINJ1
,,,NINJ2
,,,NIPAL1
,,,NIPAL4
,,,NKAIN1
,,,NKAIN3
,,,NKAIN4
,,,NKD1
,,,NKX1-2
,,,NKX2-2
,,,NKX2-8
,,,NKX3-1
,,,NKX6-1
,,,NKX6-2
,,,NKX6-3
,,,NLGN4Y
,,,NLRC5
,,,NLRP1
,,,NLRP3
,,,NMI
,,,NMRAL1
,,,NMU
,,,NMUR2
,,,NNT
,,,NOBOX
,,,NOC2L
,,,NOC3L
,,,NOD1
,,,NOL8
,,,NONO
,,,NOS1
,,,NOS3
,,,NOSTRIN
,,,NOTCH1
,,,NOTCH2
,,,NOTCH3
,,,NOTCH4
,,,NOTO
,,,NOX4
,,,NPAS2
,,,NPAS4
,,,NPC2
,,,NPDC1
,,,NPFFR2
,,,NPL
,,,NPLOC4
,,,NPNT
,,,NPSR1
,,,NPSR1-AS1
,,,NPY
,,,NPY6R
,,,NR0B1
,,,NR1D1
,,,NR1D2
,,,NR1H2
,,,NR1H3
,,,NR1H4
,,,NR1I2
,,,NR1I3
,,,NR2C1
,,,NR2C2
,,,NR2E1
,,,NR2E3
,,,NR2F1
,,,NR2F2
,,,NR2F2-AS1
,,,NR2F6
,,,NR3C1
,,,NR3C2
,,,NR4A1
,,,NR4A2
,,,NR4A3
,,,NR5A1
,,,NR5A2
,,,NR6A1
,,,NRARP
,,,NREP-AS1
,,,NRF1
,,,NRG1
,,,NRIP3
,,,NRL
,,,NRP1
,,,NRP2
,,,NSMCE1
,,,NSUN7
,,,NT5C
,,,NT5DC1
,,,NT5DC2
,,,NTM-AS1
,,,NTN1
,,,NTN4
,,,NTNG1
,,,NTNG2
,,,NUAK2
,,,NUCB1
,,,NUDT1
,,,NUF2
,,,NUP107
,,,NUP133
,,,NUP210L
,,,NUP37
,,,NUPR1
,,,NWD1
,,,NWD2
,,,NXN
,,,NXPE1
,,,NXPH1
,,,NXPH2
,,,NXPH3
,,,NYAP2
,,,OAF
,,,OARD1
,,,OAS1
,,,OAS2
,,,OAS3
,,,OCA2
,,,OCLN
,,,ODC1
,,,OGFRL1
,,,OGN
,,,OLAH
,,,OLFM3
,,,OLFML1
,,,OLFML2A
,,,OLFML2B
,,,OLFML3
,,,OLIG1
,,,OLIG2
,,,OLMALINC
,,,OLR1
,,,OMD
,,,ONECUT1
,,,ONECUT2
,,,ONECUT3
,,,OPALIN
,,,OPCML
,,,OPHN1
,,,OPLAH
,,,OPRM1
,,,OR3A2
,,,ORAI1
,,,ORMDL2
,,,OSBPL11
,,,OSGIN2
,,,OSMR
,,,OSMR-AS1
,,,OSR1
,,,OTOGL
,,,OTP
,,,OTUD1
,,,OTUD4
,,,OTULIN
,,,OTX1
,,,OVCH1-AS1
,,,OVCH2
,,,OVOL1
,,,OVOL2
,,,OVOL3
,,,P2RX1
,,,P2RX4
,,,P2RY10
,,,P2RY12
,,,P2RY13
,,,P2RY14
,,,P2RY6
,,,P3H2
,,,P4HA1
,,,P4HA3
,,,P4HB
,,,PACRG-AS1
,,,PACRG-AS3
,,,PACSIN3
,,,PADI2
,,,PAG1
,,,PAIP2B
,,,PALD1
,,,PALLD
,,,PALMD
,,,PAM
,,,PAMR1
,,,PAPLN
,,,PAPOLG
,,,PAPPA
,,,PAPSS2
,,,PAQR4
,,,PAQR5
,,,PAQR6
,,,PARD3
,,,PARD3B
,,,PARP1
,,,PARP12
,,,PARP14
,,,PARP15
,,,PARP4
,,,PARP8
,,,PARP9
,,,PARVA
,,,PARVB
,,,PARVG
,,,PATL2
,,,PATZ1
,,,PAWR
,,,PAX2
,,,PAX3
,,,PAX5
,,,PAX6
,,,PAX7
,,,PAX8
,,,PAX8-AS1
,,,PAXIP1
,,,PAXIP1-AS2
,,,PBX1
,,,PBX2
,,,PBX3
,,,PBX4
,,,PBXIP1
,,,PCA3
,,,PCAT1
,,,PCAT19
,,,PCBD2
,,,PCBP3
,,,PCCA-AS1
,,,PCDH11X
,,,PCDH11Y
,,,PCDH15
,,,PCDH18
,,,PCDH7
,,,PCDH9-AS2
,,,PCDH9-AS3
,,,PCDH9-AS4
,,,PCED1B
,,,PCED1B-AS1
,,,PCK2
,,,PCOLCE2
,,,PCP4
,,,PCSK2
,,,PCSK5
,,,PCSK6
,,,PCSK6-AS1
,,,PCYT1B
,,,PCYT1B-AS1
,,,PDCD11
,,,PDCD1LG2
,,,PDE10A
,,,PDE1A
,,,PDE1C
,,,PDE3A
,,,PDE3B
,,,PDE6B
,,,PDE6D
,,,PDE6H
,,,PDE7B
,,,PDE9A
,,,PDGFA
,,,PDGFB
,,,PDGFC
,,,PDGFD
,,,PDGFRA
,,,PDGFRB
,,,PDHX
,,,PDIA4
,,,PDK1
,,,PDK4
,,,PDLIM1
,,,PDLIM3
,,,PDLIM5
,,,PDPN
,,,PDS5A
,,,PDZD2
,,,PDZRN3
,,,PDZRN4
,,,PEAR1
,,,PECAM1
,,,PELI1
,,,PELI2
,,,PENK
,,,PER1
,,,PERP
,,,PEX11G
,,,PEX5L-AS2
,,,PEX7
,,,PFKFB2
,,,PFKFB3
,,,PFN1
,,,PGAM2
,,,PGM5
,,,PGR
,,,PHACTR1
,,,PHACTR2
,,,PHEX
,,,PHF1
,,,PHF12
,,,PHF19
,,,PHF2
,,,PHF20
,,,PHF21A
,,,PHF21B
,,,PHF8
,,,PHGDH
,,,PHKA1
,,,PHLDA1
,,,PHLDA2
,,,PHLDA3
,,,PHLDB1
,,,PHLDB2
,,,PHTF1
,,,PHYHD1
,,,PI15
,,,PI16
,,,PI4K2B
,,,PICK1
,,,PID1
,,,PIEZO1
,,,PIEZO2
,,,PIGC
,,,PIGH
,,,PIK3AP1
,,,PIK3C3
,,,PIK3CD
,,,PIK3CD-AS2
,,,PIK3CG
,,,PIK3IP1
,,,PIK3R5
,,,PIK3R6
,,,PILRA
,,,PIM1
,,,PIM3
,,,PIP
,,,PIP4K2A
,,,PIP5K1B
,,,PIPOX
,,,PIR
,,,PITPNC1
,,,PITX1
,,,PITX3
,,,PKD1L2
,,,PKD2L2
,,,PKHD1L1
,,,PKIA-AS1
,,,PKIB
,,,PKM
,,,PKN2-AS1
,,,PKN3
,,,PKNOX1
,,,PKNOX2
,,,PKP2
,,,PLA1A
,,,PLA2G15
,,,PLA2G4A
,,,PLA2G7
,,,PLA2R1
,,,PLAC8
,,,PLAC9
,,,PLAG1
,,,PLAGL1
,,,PLAGL2
,,,PLAT
,,,PLAUR
,,,PLB1
,,,PLBD1
,,,PLBD1-AS1
,,,PLCB2
,,,PLCB4
,,,PLCG1-AS1
,,,PLCG2
,,,PLCH1
,,,PLCL1
,,,PLCXD3
,,,PLD1
,,,PLD4
,,,PLD5
,,,PLEK
,,,PLEKHA7
,,,PLEKHB1
,,,PLEKHF1
,,,PLEKHF2
,,,PLEKHG1
,,,PLEKHG2
,,,PLEKHG3
,,,PLEKHG4B
,,,PLEKHH1
,,,PLEKHH2
,,,PLEKHM1P1
,,,PLEKHO1
,,,PLET1
,,,PLG
,,,PLIN2
,,,PLIN3
,,,PLIN5
,,,PLK3
,,,PLLP
,,,PLOD1
,,,PLOD2
,,,PLP1
,,,PLPP1
,,,PLPP2
,,,PLPP3
,,,PLPP4
,,,PLPPR1
,,,PLS3
,,,PLS3-AS1
,,,PLSCR1
,,,PLSCR4
,,,PLTP
,,,PLVAP
,,,PLXDC1
,,,PLXDC2
,,,PLXNA4
,,,PLXNB3
,,,PLXND1
,,,PMEPA1
,,,PML
,,,PMP2
,,,PMP22
,,,PNP
,,,PNRC1
,,,PODN
,,,PODXL
,,,POF1B
,,,POLD2
,,,POLE3
,,,POLE4
,,,POLI
,,,POLR2A
,,,POLR2F
,,,POLR2I
,,,POLR3A
,,,POLR3G
,,,PON2
,,,PON3
,,,POSTN
,,,POT1-AS1
,,,POU1F1
,,,POU2AF1
,,,POU2F1
,,,POU2F2
,,,POU2F3
,,,POU3F1
,,,POU3F2
,,,POU3F4
,,,POU4F1
,,,POU5F1
,,,POU6F1
,,,POU6F2
,,,PPARA
,,,PPARD
,,,PPARG
,,,PPARGC1A
,,,PPFIBP1
,,,PPFIBP2
,,,PPP1CB
,,,PPP1R10
,,,PPP1R13L
,,,PPP1R14A
,,,PPP1R15A
,,,PPP1R17
,,,PPP1R18
,,,PPP1R1B
,,,PPP1R1C
,,,PPP1R36
,,,PPP1R3B
,,,PPP1R3C
,,,PPP2R3B
,,,PPP3CB-AS1
,,,PPP4R1L
,,,PPP5C
,,,PPP5D1
,,,PQBP1
,,,PRAM1
,,,PRDM1
,,,PRDM10
,,,PRDM11
,,,PRDM12
,,,PRDM14
,,,PRDM15
,,,PRDM16
,,,PRDM4
,,,PRDM5
,,,PRDM6
,,,PRDM7
,,,PRDM9
,,,PRDX1
,,,PRDX5
,,,PRELID2
,,,PRELP
,,,PREX1
,,,PREX2
,,,PRICKLE3
,,,PRIMA1
,,,PRKAA1
,,,PRKAA2
,,,PRKAG2
,,,PRKCA-AS1
,,,PRKCD
,,,PRKCH
,,,PRKCQ
,,,PRKCQ-AS1
,,,PRKG1
,,,PRKG2
,,,PRKX
,,,PRKY
,,,PRLR
,,,PRNP
,,,PROCR
,,,PROM1
,,,PROP1
,,,PROS1
,,,PROSER2
,,,PROX1
,,,PROX1-AS1
,,,PROX2
,,,PRR16
,,,PRR18
,,,PRR5
,,,PRR5L
,,,PRRG4
,,,PRRX1
,,,PRRX2
,,,PRSS23
,,,PRSS48
,,,PRTG
,,,PRX
,,,PSD2
,,,PSG8
,,,PSMA1
,,,PSMA7
,,,PSMB8
,,,PSMB9
,,,PSMC2
,,,PSMD12
,,,PSME1
,,,PSRC1
,,,PSTPIP1
,,,PSTPIP2
,,,PTAFR
,,,PTCD1
,,,PTCHD1
,,,PTCHD4
,,,PTCSC3
,,,PTER
,,,PTF1A
,,,PTGDR
,,,PTGFR
,,,PTGS1
,,,PTGS2
,,,PTH1R
,,,PTMA
,,,PTN
,,,PTP4A3
,,,PTPN14
,,,PTPN22
,,,PTPN6
,,,PTPN7
,,,PTPRB
,,,PTPRC
,,,PTPRE
,,,PTPRG
,,,PTPRM
,,,PTPRO
,,,PTPRT
,,,PTPRZ1
,,,PUM3
,,,PURA
,,,PURG
,,,PWRN1
,,,PXDC1
,,,PXDN
,,,PXDNL
,,,PXK
,,,PXN
,,,PXT1
,,,PYGL
,,,PYGM
,,,PYHIN1
,,,PZP
,,,QDPR
,,,QRFPR
,,,R3HDM2
,,,RAB11B-AS1
,,,RAB14
,,,RAB18
,,,RAB20
,,,RAB27A
,,,RAB2A
,,,RAB31
,,,RAB32
,,,RAB33A
,,,RAB34
,,,RAB38
,,,RAB39A
,,,RAB3C
,,,RAB3IL1
,,,RAB3IP
,,,RAB6C-AS1
,,,RAB7A
,,,RAB7B
,,,RAB9A
,,,RAD21
,,,RAD51B
,,,RAI14
,,,RALYL
,,,RAMP2
,,,RAMP3
,,,RAN
,,,RANBP17
,,,RANBP3L
,,,RAP2C-AS1
,,,RAPGEF1
,,,RARA
,,,RARB
,,,RARG
,,,RARRES1
,,,RASAL1
,,,RASAL3
,,,RASD1
,,,RASGEF1B
,,,RASGEF1C
,,,RASGRP3
,,,RASIP1
,,,RASL12
,,,RASSF1
,,,RASSF2
,,,RASSF3
,,,RASSF8
,,,RAX2
,,,RB1
,,,RBBP5
,,,RBBP9
,,,RBFOX2
,,,RBFOX3
,,,RBM17
,,,RBM20
,,,RBM22
,,,RBM3
,,,RBM42
,,,RBM47
,,,RBM7
,,,RBM8A
,,,RBMS1
,,,RBMS2
,,,RBMS3
,,,RBMS3-AS3
,,,RBP1
,,,RBP7
,,,RBPJ
,,,RBPJL
,,,RBPMS
,,,RBPMS2
,,,RCAN3
,,,RCAN3AS
,,,RCBTB2
,,,RCC2
,,,RCN3
,,,RCOR1
,,,RCSD1
,,,RDH10
,,,RDH10-AS1
,,,REEP4
,,,REL
,,,RELA
,,,RELB
,,,RELL1
,,,RELN
,,,RENBP
,,,RERG
,,,RERGL
,,,REST
,,,RFC2
,,,RFC3
,,,RFFL
,,,RFTN2
,,,RFWD3
,,,RFX1
,,,RFX2
,,,RFX3
,,,RFX4
,,,RFX5
,,,RFX6
,,,RFX7
,,,RFX8
,,,RFXANK
,,,RFXAP
,,,RGCC
,,,RGL3
,,,RGMA
,,,RGR
,,,RGS1
,,,RGS10
,,,RGS12
,,,RGS16
,,,RGS18
,,,RGS19
,,,RGS2
,,,RGS20
,,,RGS22
,,,RGS3
,,,RGS5
,,,RGS6
,,,RGS9
,,,RHBDF2
,,,RHD
,,,RHOBTB1
,,,RHOBTB3
,,,RHOC
,,,RHOG
,,,RHOH
,,,RHOJ
,,,RHOU
,,,RHOXF1
,,,RHOXF2
,,,RHPN2
,,,RILPL2
,,,RIMKLB
,,,RIN2
,,,RIN3
,,,RIOK2
,,,RIPK2
,,,RIT2
,,,RLF
,,,RMDN2-AS1
,,,RMST
,,,RNASE1
,,,RNASEH2B-AS1
,,,RNASEH2C
,,,RNASET2
,,,RND3
,,,RNF114
,,,RNF122
,,,RNF135
,,,RNF138
,,,RNF144B
,,,RNF152
,,,RNF166
,,,RNF182
,,,RNF19A
,,,RNF212B
,,,RNF217-AS1
,,,RNF220
,,,RNH1
,,,ROBO1
,,,ROBO2
,,,ROBO3
,,,ROBO4
,,,ROM1
,,,ROMO1
,,,ROR1
,,,ROR1-AS1
,,,ROR2
,,,RORA
,,,RORA-AS1
,,,RORB
,,,RORC
,,,RP1
,,,RP2
,,,RPGR
,,,RPL10A
,,,RPL12
,,,RPL18A
,,,RPL19
,,,RPL22L1
,,,RPL23
,,,RPL23A
,,,RPL29
,,,RPL35
,,,RPL35A
,,,RPL36A-HNRNPH2
,,,RPL41
,,,RPL6
,,,RPL8
,,,RPLP0
,,,RPLP1
,,,RPP25
,,,RPS10P7
,,,RPS11
,,,RPS12
,,,RPS13
,,,RPS16
,,,RPS2
,,,RPS20
,,,RPS21
,,,RPS23
,,,RPS25
,,,RPS27
,,,RPS27L
,,,RPS28
,,,RPS3A
,,,RPS4X
,,,RPS5
,,,RPS6KA1
,,,RPS6KA5
,,,RPS7
,,,RRAD
,,,RRAS
,,,RREB1
,,,RSPO2
,,,RTKN
,,,RTTN
,,,RUFY3
,,,RUNDC3B
,,,RUNX1
,,,RUNX2
,,,RUNX3
,,,RUVBL1
,,,RXFP1
,,,RXRA
,,,RXRB
,,,RXRG
,,,RYBP
,,,RYR1
,,,RYR2
,,,RYR3
,,,S100A1
,,,S100A10
,,,S100A11
,,,S100A13
,,,S100A16
,,,S100A6
,,,S100B
,,,S100Z
,,,S1PR1
,,,S1PR3
,,,S1PR5
,,,SALL1
,,,SALL2
,,,SALL3
,,,SALL4
,,,SAMD11
,,,SAMD12-AS1
,,,SAMD13
,,,SAMD3
,,,SAMD4A
,,,SAMD5
,,,SAMD9
,,,SAMD9L
,,,SAMHD1
,,,SAMMSON
,,,SAMSN1
,,,SAP30L-AS1
,,,SASH3
,,,SAT1
,,,SATB1
,,,SATB1-AS1
,,,SATB2
,,,SAV1
,,,SAXO1
,,,SBNO2
,,,SCAMP2
,,,SCAND1
,,,SCAND2P
,,,SCARA3
,,,SCARA5
,,,SCARB1
,,,SCARF1
,,,SCD
,,,SCEL
,,,SCG2
,,,SCHLAP1
,,,SCIN
,,,SCMH1
,,,SCML1
,,,SCML4
,,,SCN11A
,,,SCN9A
,,,SCO2
,,,SCOC-AS1
,,,SCRT1
,,,SCX
,,,SDC2
,,,SDC3
,,,SDC4
,,,SDCBP
,,,SDF2L1
,,,SDK1
,,,SDK2
,,,SDS
,,,SEC14L1
,,,SEC24D
,,,SELE
,,,SELENBP1
,,,SELL
,,,SELPLG
,,,SEMA3A
,,,SEMA3B
,,,SEMA3C
,,,SEMA3D
,,,SEMA3E
,,,SEMA3F
,,,SEMA4A
,,,SEMA4C
,,,SEMA4D
,,,SEMA5A
,,,SEMA6A
,,,SEMA6A-AS1
,,,SEMA6D
,,,SEPSECS
,,,SERF2
,,,SERPINB1
,,,SERPINB9
,,,SERPINB9P1
,,,SERPINE1
,,,SERPINE2
,,,SERPINH1
,,,SERPINI2
,,,SERTAD1
,,,SERTAD4-AS1
,,,SETBP1
,,,SETDB1
,,,SEZ6L
,,,SF1
,,,SF3B1
,,,SF3B5
,,,SFMBT2
,,,SFPQ
,,,SFRP1
,,,SFRP2
,,,SFRP4
,,,SFT2D1
,,,SFT2D2
,,,SFTPC
,,,SFXN5
,,,SGCD
,,,SGCG
,,,SGCZ
,,,SGK1
,,,SGK2
,,,SGK3
,,,SGMS2
,,,SGO1
,,,SGO2
,,,SGPP2
,,,SH2B3
,,,SH2D4A
,,,SH3BGRL3
,,,SH3BP2
,,,SH3BP4
,,,SH3GL2
,,,SH3RF1
,,,SH3RF3
,,,SH3TC1
,,,SH3TC2
,,,SHC4
,,,SHE
,,,SHISA6
,,,SHISA9
,,,SHMT1
,,,SHOX
,,,SHQ1
,,,SHROOM1
,,,SHROOM2
,,,SHROOM3
,,,SHROOM4
,,,SIGIRR
,,,SIGLEC1
,,,SIGLEC10
,,,SIGLEC8
,,,SIGLEC9
,,,SIM1
,,,SIM2
,,,SIN3A
,,,SIPA1
,,,SIPA1L2
,,,SIRPB2
,,,SIRT6
,,,SIX1
,,,SIX3
,,,SIX4
,,,SIX5
,,,SKA2
,,,SKAP1
,,,SKAP2
,,,SKI
,,,SKINT1L
,,,SKOR1
,,,SKOR2
,,,SLA
,,,SLAIN1
,,,SLC11A1
,,,SLC12A2
,,,SLC12A4
,,,SLC12A7
,,,SLC12A9
,,,SLC13A4
,,,SLC13A5
,,,SLC14A1
,,,SLC15A2
,,,SLC15A3
,,,SLC16A1
,,,SLC16A10
,,,SLC16A12
,,,SLC16A3
,,,SLC16A6
,,,SLC16A8
,,,SLC16A9
,,,SLC17A9
,,,SLC18A1
,,,SLC19A1
,,,SLC19A3
,,,SLC1A1
,,,SLC1A2
,,,SLC1A3
,,,SLC1A5
,,,SLC22A2
,,,SLC22A24
,,,SLC22A25
,,,SLC22A3
,,,SLC24A3
,,,SLC25A13
,,,SLC25A18
,,,SLC25A19
,,,SLC25A21
,,,SLC25A33
,,,SLC25A37
,,,SLC25A48
,,,SLC26A2
,,,SLC26A5
,,,SLC26A7
,,,SLC26A9
,,,SLC27A6
,,,SLC29A3
,,,SLC2A1
,,,SLC2A12
,,,SLC2A2
,,,SLC2A3
,,,SLC2A5
,,,SLC2A9
,,,SLC30A1
,,,SLC30A10
,,,SLC30A8
,,,SLC31A2
,,,SLC35D2
,,,SLC35F1
,,,SLC35F2
,,,SLC35F3
,,,SLC35F4
,,,SLC37A2
,,,SLC38A1
,,,SLC38A11
,,,SLC38A2
,,,SLC38A3
,,,SLC38A4
,,,SLC38A5
,,,SLC39A10
,,,SLC39A12
,,,SLC39A8
,,,SLC40A1
,,,SLC44A1
,,,SLC44A3
,,,SLC44A5
,,,SLC45A3
,,,SLC47A1
,,,SLC4A2
,,,SLC4A4
,,,SLC4A7
,,,SLC5A11
,,,SLC5A6
,,,SLC5A9
,,,SLC6A1
,,,SLC6A1-AS1
,,,SLC6A11
,,,SLC6A12
,,,SLC6A13
,,,SLC6A20
,,,SLC6A6
,,,SLC6A8
,,,SLC6A9
,,,SLC7A1
,,,SLC7A10
,,,SLC7A11
,,,SLC7A11-AS1
,,,SLC7A14
,,,SLC7A2
,,,SLC7A5
,,,SLC7A7
,,,SLC8A1
,,,SLC8A1-AS1
,,,SLC8B1
,,,SLC9A2
,,,SLC9A3R1
,,,SLC9A3R2
,,,SLC9A9
,,,SLC9A9-AS1
,,,SLC9B1
,,,SLC9C1
,,,SLCO1A2
,,,SLCO1B1
,,,SLCO1C1
,,,SLCO2B1
,,,SLCO4A1
,,,SLCO5A1
,,,SLFN11
,,,SLFN12
,,,SLFN12L
,,,SLFN5
,,,SLIT2
,,,SLIT3
,,,SMAD1
,,,SMAD2
,,,SMAD3
,,,SMAD4
,,,SMAD5
,,,SMAD6
,,,SMAD7
,,,SMAD9
,,,SMAP2
,,,SMARCA1
,,,SMARCA5
,,,SMARCC1
,,,SMC1B
,,,SMC3
,,,SMC4
,,,SMCO4
,,,SMG1P3
,,,SMIM3
,,,SMIM4
,,,SMIM5
,,,SMOC1
,,,SMOC2
,,,SMOX
,,,SMPX
,,,SMTN
,,,SMUG1
,,,SNAI1
,,,SNAI2
,,,SNAI3
,,,SNAP25-AS1
,,,SNAPC4
,,,SNAPC5
,,,SNCAIP
,,,SND1
,,,SNED1
,,,SNHG18
,,,SNHG8
,,,SNORD13
,,,SNRNP70
,,,SNRPB2
,,,SNTA1
,,,SNTB1
,,,SNTG1
,,,SNTG2
,,,SNX18
,,,SNX22
,,,SOAT1
,,,SOCS3
,,,SOCS4
,,,SOCS6
,,,SOD1
,,,SOHLH2
,,,SORBS1
,,,SORBS2
,,,SORBS3
,,,SORCS1
,,,SORCS2
,,,SORCS3
,,,SORL1
,,,SOX10
,,,SOX11
,,,SOX12
,,,SOX13
,,,SOX15
,,,SOX17
,,,SOX18
,,,SOX21
,,,SOX21-AS1
,,,SOX3
,,,SOX30
,,,SOX4
,,,SOX5
,,,SOX6
,,,SOX7
,,,SOX8
,,,SOX9
,,,SP1
,,,SP100
,,,SP110
,,,SP140
,,,SP140L
,,,SP2
,,,SP2-AS1
,,,SP3
,,,SP4
,,,SP5
,,,SP6
,,,SP7
,,,SP8
,,,SP9
,,,SPACA5
,,,SPAG7
,,,SPANXA2-OT1
,,,SPARC
,,,SPATA1
,,,SPATA12
,,,SPATA22
,,,SPATA3-AS1
,,,SPATA45
,,,SPATA9
,,,SPATC1
,,,SPATS2
,,,SPC25
,,,SPDEF
,,,SPHK1
,,,SPHKAP
,,,SPI1
,,,SPIB
,,,SPIC
,,,SPINK13
,,,SPINK5
,,,SPINT2
,,,SPNS3
,,,SPON1
,,,SPP1
,,,SPR
,,,SPRY4
,,,SPSB1
,,,SPSB4
,,,SPTLC2
,,,SPTLC3
,,,SRBD1
,,,SRD5A3-AS1
,,,SREBF1
,,,SREBF2
,,,SRF
,,,SRGAP1
,,,SRGAP2
,,,SRGAP2-AS1
,,,SRGAP2B
,,,SRGAP2C
,,,SRGN
,,,SRL
,,,SRP9
,,,SRPRB
,,,SRPX
,,,SRPX2
,,,SRRM3
,,,SSBP3
,,,SSNA1
,,,SSPN
,,,SSR4
,,,SSRP1
,,,SST
,,,ST18
,,,ST3GAL5-AS1
,,,ST3GAL6-AS1
,,,ST6GAL1
,,,ST6GALNAC1
,,,ST6GALNAC3
,,,ST6GALNAC5
,,,ST8SIA4
,,,ST8SIA6
,,,ST8SIA6-AS1
,,,STAB1
,,,STAC
,,,STARD13-AS
,,,STARD8
,,,STAT1
,,,STAT2
,,,STAT3
,,,STAT4
,,,STAT5A
,,,STAT5B
,,,STAT6
,,,STAU2
,,,STEAP1B
,,,STEAP3
,,,STEAP4
,,,STK10
,,,STK17B
,,,STK26
,,,STK31
,,,STK32A
,,,STK32B
,,,STK33
,,,STK40
,,,STOM
,,,STON2
,,,STOX1
,,,STPG2-AS1
,,,STUB1
,,,STX11
,,,STX17-AS1
,,,STX19
,,,STX4
,,,STXBP5-AS1
,,,STXBP6
,,,SUCLG1
,,,SUCLG2
,,,SUCLG2-AS1
,,,SUGCT
,,,SULF1
,,,SULF2
,,,SULT1C2
,,,SULT1C4
,,,SUN2
,,,SUSD3
,,,SUSD6
,,,SV2B
,,,SV2C
,,,SVEP1
,,,SVIL
,,,SWAP70
,,,SYAP1
,,,SYCE2
,,,SYK
,,,SYN3
,,,SYNDIG1
,,,SYNE2
,,,SYNGR2
,,,SYNJ2
,,,SYNM
,,,SYNPO2
,,,SYNPR
,,,SYNPR-AS1
,,,SYPL1
,,,SYS1-DBNDD2
,,,SYT1
,,,SYT17
,,,SYT2
,,,SYT6
,,,SYTL3
,,,SYTL4
,,,TAC1
,,,TAC3
,,,TACC1
,,,TACR1
,,,TACR3
,,,TAF1
,,,TAF1A
,,,TAF1L
,,,TAF6
,,,TAF7
,,,TAGAP
,,,TAGLN
,,,TAGLN2
,,,TAL1
,,,TAL2
,,,TANC1
,,,TAP1
,,,TARID
,,,TAS1R1
,,,TBC1D12
,,,TBC1D14
,,,TBC1D16
,,,TBC1D2
,,,TBC1D4
,,,TBC1D8B
,,,TBL1X
,,,TBL1XR1
,,,TBL1Y
,,,TBP
,,,TBPL1
,,,TBPL2
,,,TBR1
,,,TBX1
,,,TBX10
,,,TBX15
,,,TBX18
,,,TBX19
,,,TBX2
,,,TBX20
,,,TBX21
,,,TBX22
,,,TBX3
,,,TBX5
,,,TBX6
,,,TBXAS1
,,,TC2N
,,,TCEAL2
,,,TCEAL3
,,,TCEAL6
,,,TCERG1L
,,,TCF12
,,,TCF15
,,,TCF23
,,,TCF24
,,,TCF3
,,,TCF4
,,,TCF4-AS1
,,,TCF7
,,,TCF7L1
,,,TCF7L2
,,,TCFL5
,,,TCIRG1
,,,TCN2
,,,TDRD10
,,,TEAD1
,,,TEAD2
,,,TEAD3
,,,TEAD4
,,,TEC
,,,TEF
,,,TEK
,,,TENM1
,,,TENM2
,,,TENM3
,,,TENM4
,,,TEP1
,,,TERF1
,,,TERF2
,,,TES
,,,TESC
,,,TET1
,,,TEX14
,,,TEX21P
,,,TEX41
,,,TF
,,,TFAM
,,,TFAP2A
,,,TFAP2C
,,,TFAP2D
,,,TFAP2E
,,,TFAP4
,,,TFCP2
,,,TFCP2L1
,,,TFDP1
,,,TFDP2
,,,TFE3
,,,TFEB
,,,TFEC
,,,TFPI
,,,TFRC
,,,TG
,,,TGFA
,,,TGFB1
,,,TGFB2
,,,TGFBI
,,,TGFBR1
,,,TGFBR2
,,,TGFBR3
,,,TGIF1
,,,TGM2
,,,THAP1
,,,THAP11
,,,THAP12
,,,THAP9
,,,THBS1
,,,THBS2
,,,THBS4
,,,THEMIS
,,,THEMIS2
,,,THOC2
,,,THRA
,,,THRB
,,,THSD4
,,,THSD4-AS1
,,,THSD7A
,,,THSD7B
,,,TIA1
,,,TIE1
,,,TIFA
,,,TIGD1
,,,TIGD2
,,,TIGD3
,,,TIGD4
,,,TIGD6
,,,TIGD7
,,,TIMD4
,,,TIMELESS
,,,TIMM44
,,,TIMM8A
,,,TIMP1
,,,TIMP3
,,,TINAGL1
,,,TIPARP
,,,TK1
,,,TKTL1
,,,TLDC2
,,,TLE1
,,,TLE3
,,,TLL1
,,,TLL2
,,,TLN1
,,,TLR1
,,,TLR10
,,,TLR2
,,,TLR3
,,,TLR5
,,,TLR7
,,,TLX2
,,,TM4SF1
,,,TM4SF18
,,,TM6SF1
,,,TMBIM1
,,,TMC1
,,,TMC6
,,,TMC8
,,,TMCC2
,,,TMCC3
,,,TMCO4
,,,TMED11P
,,,TMED3
,,,TMEM106A
,,,TMEM119
,,,TMEM123
,,,TMEM125
,,,TMEM132C
,,,TMEM132D
,,,TMEM139
,,,TMEM140
,,,TMEM144
,,,TMEM151A
,,,TMEM154
,,,TMEM156
,,,TMEM163
,,,TMEM164
,,,TMEM165
,,,TMEM171
,,,TMEM176B
,,,TMEM182
,,,TMEM196
,,,TMEM204
,,,TMEM220
,,,TMEM235
,,,TMEM236
,,,TMEM241
,,,TMEM246-AS1
,,,TMEM255A
,,,TMEM255B
,,,TMEM258
,,,TMEM26
,,,TMEM33
,,,TMEM45A
,,,TMEM45B
,,,TMEM51
,,,TMEM63A
,,,TMEM71
,,,TMEM87B
,,,TMEM88B
,,,TMEM98
,,,TMIGD3
,,,TMLHE-AS1
,,,TMPRSS12
,,,TMPRSS5
,,,TMSB10
,,,TMSB4X
,,,TMTC1
,,,TMTC2
,,,TMTC4
,,,TNC
,,,TNFAIP2
,,,TNFAIP3
,,,TNFAIP6
,,,TNFAIP8
,,,TNFRSF10A
,,,TNFRSF10B
,,,TNFRSF10D
,,,TNFRSF11A
,,,TNFRSF11B
,,,TNFRSF13C
,,,TNFRSF19
,,,TNFRSF1A
,,,TNFRSF1B
,,,TNFSF10
,,,TNFSF13B
,,,TNFSF8
,,,TNIP2
,,,TNR
,,,TNS1
,,,TNS2
,,,TNS3
,,,TOB1
,,,TOB2
,,,TONSL
,,,TOX
,,,TOX2
,,,TOX3
,,,TP53
,,,TP53INP1
,,,TP53TG5
,,,TP63
,,,TP73
,,,TPD52L1
,,,TPI1
,,,TPM1
,,,TPM2
,,,TPO
,,,TPPP
,,,TPPP3
,,,TPRG1
,,,TPRN
,,,TPT1
,,,TPTE2
,,,TPTE2P6
,,,TPTEP1
,,,TRABD2B
,,,TRADD
,,,TRAF1
,,,TRAF3IP3
,,,TRAF4
,,,TRDN
,,,TREH
,,,TREM2
,,,TRG-AS1
,,,TRHDE
,,,TRIB1
,,,TRIB2
,,,TRIB3
,,,TRIM21
,,,TRIM22
,,,TRIM28
,,,TRIM38
,,,TRIM47
,,,TRIM5
,,,TRIM56
,,,TRIM59
,,,TRIM62
,,,TRIM69
,,,TRIOBP
,,,TRIP10
,,,TRIP6
,,,TRMO
,,,TRMT1
,,,TRMT10A
,,,TRPC3
,,,TRPC4
,,,TRPC6
,,,TRPM1
,,,TRPM3
,,,TRPM6
,,,TRPS1
,,,TRPV4
,,,TRPV5
,,,TSC22D3
,,,TSC22D4
,,,TSHR
,,,TSHZ2
,,,TSIX
,,,TSN
,,,TSNAX-DISC1
,,,TSPAN12
,,,TSPAN14
,,,TSPAN18
,,,TSPAN8
,,,TSPO
,,,TST
,,,TTC23
,,,TTC23L
,,,TTC29
,,,TTC38
,,,TTC6
,,,TTC7A
,,,TTF1
,,,TTF2
,,,TTLL4
,,,TTLL9
,,,TTN
,,,TTPA
,,,TTTY10
,,,TTTY14
,,,TTYH2
,,,TUBA1A
,,,TUBA1C
,,,TUBB2B
,,,TUBB6
,,,TULP1
,,,TWIST1
,,,TWIST2
,,,TXK
,,,TXLNGY
,,,TXNIP
,,,TXNL4B
,,,TYMP
,,,TYMS
,,,TYMSOS
,,,TYR
,,,TYROBP
,,,TYRP1
,,,U2AF1
,,,UACA
,,,UAP1
,,,UBA52
,,,UBA7
,,,UBASH3B
,,,UBB
,,,UBC
,,,UBE2K
,,,UBE2U
,,,UBL5
,,,UBL7-AS1
,,,UBOX5-AS1
,,,UBP1
,,,UBTD1
,,,UBTF
,,,UBXN1
,,,UCP2
,,,UEVLD
,,,UGP2
,,,UGT8
,,,UHRF1
,,,UNC13C
,,,UNC13D
,,,UNC5D
,,,UNC93B1
,,,UPB1
,,,UQCRB
,,,UQCRBP1
,,,UQCRQ
,,,URM1
,,,USF1
,,,USF2
,,,USH1C
,,,USP12-AS1
,,,USP13
,,,USP39
,,,USP53
,,,USP6NL
,,,USPL1
,,,UST
,,,UTP14A
,,,UTP18
,,,UTRN
,,,UTY
,,,VAMP3
,,,VAMP5
,,,VAMP8
,,,VASH1
,,,VASP
,,,VAV1
,,,VAX1
,,,VAX2
,,,VCAM1
,,,VCAN
,,,VCL
,,,VDR
,,,VEGFA
,,,VEGFC
,,,VENTX
,,,VEZF1
,,,VGF
,,,VGLL3
,,,VIM
,,,VIP
,,,VIPR2
,,,VIT
,,,VPS4B
,,,VPS72
,,,VRK2
,,,VSIG4
,,,VSTM4
,,,VSX1
,,,VSX2
,,,VWA1
,,,VWA2
,,,VWA3B
,,,VWC2
,,,VWC2L
,,,VWF
,,,WARS2
,,,WAS
,,,WDFY4
,,,WDR31
,,,WDR49
,,,WDR64
,,,WDR83
,,,WDR86
,,,WDR88
,,,WEE1
,,,WHRN
,,,WIF1
,,,WIPF1
,,,WIPI1
,,,WLS
,,,WNT2B
,,,WNT5A
,,,WNT5B
,,,WRNIP1
,,,WSCD1
,,,WT1
,,,WWC1
,,,WWTR1
,,,XACT
,,,XAF1
,,,XBP1
,,,XG
,,,XKR4
,,,XPA
,,,XRCC1
,,,XRCC4
,,,XXYLT1-AS2
,,,XYLT1
,,,YAP1
,,,YBX1
,,,YBX3
,,,YEATS4
,,,YES1
,,,YOD1
,,,YWHAE
,,,YWHAZ
,,,YY1
,,,ZBBX
,,,ZBED5
,,,ZBTB1
,,,ZBTB10
,,,ZBTB11
,,,ZBTB12
,,,ZBTB14
,,,ZBTB16
,,,ZBTB17
,,,ZBTB18
,,,ZBTB2
,,,ZBTB20
,,,ZBTB20-AS1
,,,ZBTB20-AS3
,,,ZBTB20-AS4
,,,ZBTB21
,,,ZBTB22
,,,ZBTB24
,,,ZBTB25
,,,ZBTB26
,,,ZBTB3
,,,ZBTB32
,,,ZBTB33
,,,ZBTB34
,,,ZBTB37
,,,ZBTB38
,,,ZBTB39
,,,ZBTB4
,,,ZBTB40
,,,ZBTB41
,,,ZBTB42
,,,ZBTB43
,,,ZBTB44
,,,ZBTB45
,,,ZBTB46
,,,ZBTB47
,,,ZBTB48
,,,ZBTB49
,,,ZBTB5
,,,ZBTB6
,,,ZBTB7A
,,,ZBTB7B
,,,ZBTB7C
,,,ZBTB8A
,,,ZC3H7A
,,,ZC3HAV1
,,,ZCCHC14
,,,ZCCHC17
,,,ZCCHC24
,,,ZCWPW1
,,,ZDHHC15
,,,ZDHHC20
,,,ZDHHC24
,,,ZDHHC5
,,,ZDHHC9
,,,ZEB1
,,,ZEB1-AS1
,,,ZEB2
,,,ZEB2-AS1
,,,ZFAND2A
,,,ZFAND4
,,,ZFAND6
,,,ZFHX2
,,,ZFHX3
,,,ZFHX4-AS1
,,,ZFP1
,,,ZFP14
,,,ZFP2
,,,ZFP28
,,,ZFP3
,,,ZFP30
,,,ZFP36
,,,ZFP36L1
,,,ZFP36L2
,,,ZFP37
,,,ZFP41
,,,ZFP42
,,,ZFP57
,,,ZFP62
,,,ZFP64
,,,ZFP69
,,,ZFP69B
,,,ZFP82
,,,ZFP90
,,,ZFP91-CNTF
,,,ZFP92
,,,ZFPM1
,,,ZFPM2
,,,ZFPM2-AS1
,,,ZFX
,,,ZFY
,,,ZGPAT
,,,ZGRF1
,,,ZHX1
,,,ZHX2
,,,ZHX3
,,,ZIC1
,,,ZIC2
,,,ZIC3
,,,ZIC4
,,,ZIC5
,,,ZIK1
,,,ZIM2
,,,ZIM3
,,,ZKSCAN1
,,,ZKSCAN2
,,,ZKSCAN3
,,,ZKSCAN4
,,,ZKSCAN5
,,,ZKSCAN7
,,,ZKSCAN8
,,,ZMAT2
,,,ZMAT4
,,,ZNF10
,,,ZNF100
,,,ZNF101
,,,ZNF107
,,,ZNF112
,,,ZNF114
,,,ZNF117
,,,ZNF12
,,,ZNF121
,,,ZNF124
,,,ZNF131
,,,ZNF132
,,,ZNF133
,,,ZNF134
,,,ZNF135
,,,ZNF136
,,,ZNF138
,,,ZNF14
,,,ZNF140
,,,ZNF141
,,,ZNF142
,,,ZNF143
,,,ZNF146
,,,ZNF148
,,,ZNF154
,,,ZNF155
,,,ZNF157
,,,ZNF16
,,,ZNF160
,,,ZNF165
,,,ZNF169
,,,ZNF175
,,,ZNF18
,,,ZNF180
,,,ZNF181
,,,ZNF182
,,,ZNF184
,,,ZNF189
,,,ZNF19
,,,ZNF195
,,,ZNF197
,,,ZNF2
,,,ZNF20
,,,ZNF200
,,,ZNF202
,,,ZNF205
,,,ZNF207
,,,ZNF208
,,,ZNF211
,,,ZNF212
,,,ZNF213
,,,ZNF214
,,,ZNF215
,,,ZNF217
,,,ZNF219
,,,ZNF22
,,,ZNF224
,,,ZNF225
,,,ZNF226
,,,ZNF227
,,,ZNF230
,,,ZNF232
,,,ZNF233
,,,ZNF234
,,,ZNF235
,,,ZNF236
,,,ZNF239
,,,ZNF24
,,,ZNF248
,,,ZNF25
,,,ZNF250
,,,ZNF251
,,,ZNF253
,,,ZNF254
,,,ZNF256
,,,ZNF257
,,,ZNF26
,,,ZNF260
,,,ZNF263
,,,ZNF264
,,,ZNF266
,,,ZNF267
,,,ZNF273
,,,ZNF274
,,,ZNF275
,,,ZNF276
,,,ZNF28
,,,ZNF280A
,,,ZNF280B
,,,ZNF280D
,,,ZNF281
,,,ZNF282
,,,ZNF283
,,,ZNF284
,,,ZNF286B
,,,ZNF287
,,,ZNF296
,,,ZNF3
,,,ZNF30
,,,ZNF300
,,,ZNF300P1
,,,ZNF302
,,,ZNF304
,,,ZNF311
,,,ZNF316
,,,ZNF317
,,,ZNF319
,,,ZNF32
,,,ZNF320
,,,ZNF322
,,,ZNF324
,,,ZNF324B
,,,ZNF326
,,,ZNF329
,,,ZNF331
,,,ZNF333
,,,ZNF334
,,,ZNF335
,,,ZNF337
,,,ZNF33A
,,,ZNF33B
,,,ZNF34
,,,ZNF341
,,,ZNF343
,,,ZNF345
,,,ZNF35
,,,ZNF350
,,,ZNF354A
,,,ZNF354B
,,,ZNF354C
,,,ZNF358
,,,ZNF362
,,,ZNF366
,,,ZNF367
,,,ZNF382
,,,ZNF383
,,,ZNF384
,,,ZNF385A
,,,ZNF385B
,,,ZNF385D
,,,ZNF385D-AS2
,,,ZNF391
,,,ZNF394
,,,ZNF396
,,,ZNF397
,,,ZNF398
,,,ZNF404
,,,ZNF407
,,,ZNF408
,,,ZNF41
,,,ZNF410
,,,ZNF414
,,,ZNF415
,,,ZNF416
,,,ZNF418
,,,ZNF420
,,,ZNF423
,,,ZNF425
,,,ZNF426
,,,ZNF429
,,,ZNF43
,,,ZNF430
,,,ZNF431
,,,ZNF432
,,,ZNF433
,,,ZNF436
,,,ZNF438
,,,ZNF439
,,,ZNF44
,,,ZNF440
,,,ZNF441
,,,ZNF442
,,,ZNF444
,,,ZNF445
,,,ZNF449
,,,ZNF45
,,,ZNF451
,,,ZNF454
,,,ZNF460
,,,ZNF461
,,,ZNF462
,,,ZNF467
,,,ZNF470
,,,ZNF471
,,,ZNF479
,,,ZNF48
,,,ZNF480
,,,ZNF483
,,,ZNF484
,,,ZNF485
,,,ZNF486
,,,ZNF487
,,,ZNF488
,,,ZNF490
,,,ZNF491
,,,ZNF492
,,,ZNF493
,,,ZNF496
,,,ZNF500
,,,ZNF501
,,,ZNF502
,,,ZNF507
,,,ZNF510
,,,ZNF513
,,,ZNF514
,,,ZNF516
,,,ZNF517
,,,ZNF518A
,,,ZNF519
,,,ZNF521
,,,ZNF524
,,,ZNF525
,,,ZNF526
,,,ZNF527
,,,ZNF528
,,,ZNF529
,,,ZNF530
,,,ZNF532
,,,ZNF534
,,,ZNF536
,,,ZNF540
,,,ZNF541
,,,ZNF542P
,,,ZNF543
,,,ZNF546
,,,ZNF549
,,,ZNF550
,,,ZNF552
,,,ZNF554
,,,ZNF555
,,,ZNF556
,,,ZNF557
,,,ZNF558
,,,ZNF560
,,,ZNF561
,,,ZNF562
,,,ZNF563
,,,ZNF565
,,,ZNF566
,,,ZNF567
,,,ZNF568
,,,ZNF569
,,,ZNF57
,,,ZNF570
,,,ZNF571
,,,ZNF572
,,,ZNF573
,,,ZNF574
,,,ZNF575
,,,ZNF577
,,,ZNF578
,,,ZNF579
,,,ZNF580
,,,ZNF582
,,,ZNF583
,,,ZNF584
,,,ZNF585B
,,,ZNF586
,,,ZNF587
,,,ZNF589
,,,ZNF592
,,,ZNF594
,,,ZNF595
,,,ZNF596
,,,ZNF597
,,,ZNF598
,,,ZNF599
,,,ZNF600
,,,ZNF606
,,,ZNF607
,,,ZNF610
,,,ZNF611
,,,ZNF613
,,,ZNF614
,,,ZNF615
,,,ZNF616
,,,ZNF618
,,,ZNF620
,,,ZNF621
,,,ZNF622
,,,ZNF623
,,,ZNF624
,,,ZNF627
,,,ZNF628
,,,ZNF629
,,,ZNF630
,,,ZNF639
,,,ZNF641
,,,ZNF644
,,,ZNF646
,,,ZNF648
,,,ZNF649
,,,ZNF652
,,,ZNF654
,,,ZNF658
,,,ZNF658B
,,,ZNF66
,,,ZNF663P
,,,ZNF664
,,,ZNF665
,,,ZNF667
,,,ZNF668
,,,ZNF669
,,,ZNF671
,,,ZNF672
,,,ZNF674
,,,ZNF675
,,,ZNF676
,,,ZNF677
,,,ZNF678
,,,ZNF679
,,,ZNF680
,,,ZNF681
,,,ZNF682
,,,ZNF683
,,,ZNF684
,,,ZNF687
,,,ZNF688
,,,ZNF689
,,,ZNF69
,,,ZNF691
,,,ZNF692
,,,ZNF696
,,,ZNF697
,,,ZNF699
,,,ZNF7
,,,ZNF70
,,,ZNF701
,,,ZNF702P
,,,ZNF704
,,,ZNF705G
,,,ZNF706
,,,ZNF707
,,,ZNF708
,,,ZNF710
,,,ZNF711
,,,ZNF714
,,,ZNF716
,,,ZNF717
,,,ZNF718
,,,ZNF720
,,,ZNF721
,,,ZNF726
,,,ZNF728
,,,ZNF729
,,,ZNF730
,,,ZNF732
,,,ZNF735
,,,ZNF736
,,,ZNF737
,,,ZNF738
,,,ZNF74
,,,ZNF740
,,,ZNF746
,,,ZNF749
,,,ZNF75A
,,,ZNF75D
,,,ZNF76
,,,ZNF761
,,,ZNF763
,,,ZNF764
,,,ZNF765
,,,ZNF766
,,,ZNF768
,,,ZNF77
,,,ZNF770
,,,ZNF771
,,,ZNF773
,,,ZNF774
,,,ZNF775
,,,ZNF776
,,,ZNF777
,,,ZNF778
,,,ZNF780B
,,,ZNF782
,,,ZNF783
,,,ZNF784
,,,ZNF785
,,,ZNF786
,,,ZNF787
,,,ZNF789
,,,ZNF79
,,,ZNF790
,,,ZNF791
,,,ZNF792
,,,ZNF793
,,,ZNF800
,,,ZNF804A
,,,ZNF804B
,,,ZNF805
,,,ZNF806
,,,ZNF808
,,,ZNF81
,,,ZNF813
,,,ZNF814
,,,ZNF821
,,,ZNF823
,,,ZNF826P
,,,ZNF827
,,,ZNF829
,,,ZNF83
,,,ZNF831
,,,ZNF835
,,,ZNF837
,,,ZNF84
,,,ZNF843
,,,ZNF845
,,,ZNF846
,,,ZNF85
,,,ZNF853
,,,ZNF860
,,,ZNF879
,,,ZNF880
,,,ZNF883
,,,ZNF891
,,,ZNF90
,,,ZNF91
,,,ZNF92
,,,ZNF93
,,,ZNF98
,,,ZNF99
,,,ZNRF2
,,,ZNRF3
,,,ZNRF3-AS1
,,,ZPBP
,,,ZRSR2
,,,ZSCAN1
,,,ZSCAN10
,,,ZSCAN12
,,,ZSCAN16
,,,ZSCAN18
,,,ZSCAN2
,,,ZSCAN20
,,,ZSCAN21
,,,ZSCAN22
,,,ZSCAN23
,,,ZSCAN25
,,,ZSCAN26
,,,ZSCAN29
,,,ZSCAN30
,,,ZSCAN31
,,,ZSCAN32
,,,ZSCAN4
,,,ZSCAN5A
,,,ZSCAN9
,,,ZSWIM1
,,,ZXDA
,,,ZXDB
,,,ZXDC
,,,ZZZ3
