data_imp_1 - 1.8-2.2,data_imp_1 - 4.5-5.5,data_imp_1 - 9.0-11.0,_BACKGROUND
A2M,A2M,A2M,A1CF
ABCA9,ABCA1,ABR,A2M
ABCB1,ABCB1,ACSL1,A2MP1
ABI3,ABLIM1,ADARB1,A4GALT
ABI3BP,ACER2,ADCY7,AADACL2-AS1
ABR,ACSS1,ADGRF5,AATK
ABTB2,ADAMTS9,ALK,ABCA1
ACSBG1,ADAMTSL2,ALX4,ABCA10
ACSF2,ADARB1,ANK1,ABCA12
ACSL5,ADARB2-AS1,AOAH,ABCA2
ACSS3,ADCY2,ARHGAP15,ABCA6
ADAM28,ADGRD1,ARHGAP22,ABCA8
ADAMTS9,ADGRE2,ARHGAP25,ABCA9
ADAP2,ADGRG6,ARHGAP6,ABCB1
ADARB1,ADIPOR2,ARID5B,ABCB4
ADARB2,AFAP1L2,ARX,ABCC4
ADCY2,AKNA,ASCL1,ABCC9
ADCY7,ALPK1,ATP10B,ABCG2
ADCY8,ALX3,ATP8B4,ABHD15
ADD3-AS1,ALX4,BACH1,ABHD3
ADGRD1,ANGPT1,BCL11A,ABI3
ADGRF5,ANK1,BCL3,ABI3BP
ADGRG1,APBB1IP,BCL6,ABL1
ADGRL4,APCDD1,BCLAF1,ABLIM1
ADGRV1,APMAP,BLNK,ABO
ADPGK,APOD,C1QB,ABR
ADRA1B,AQP4,CABLES1,ABTB2
AEBP1,ARHGAP18,CACHD1,ACAA1
AGMO,ARHGAP6,CARD11,ACACB
AHCYL1,ARNTL,CBFB,ACAD10
AKNA,ARRB2,CD247,ACADL
ALDH1A1,ARX,CD34,ACAN
ALDH1A2,ATF3,CD44,ACAP1
ALOX5AP,ATP10A,CD53,ACER2
ALPK1,ATP13A4,CD58,ACKR1
ALPL,ATP8B4,CD86,ACKR3
ALX3,B2M,CDH5,ACO1
ALX4,B3GNT5,CEBPA,ACOT1
ANGPT1,B4GALT1,CEBPD,ACOT11
ANGPTL4,BACH1,CHD7,ACP7
ANKRD22,BACH2,CHRDL1,ACSBG1
ANLN,BATF3,CHRM2,ACSF2
ANO4,BAZ1A,CHSY1,ACSL1
ANXA1,BCAN,CLDN5,ACSL5
ANXA2,BCL11A,CLEC7A,ACSM3
ANXA3,BCL11B,CMKLR1,ACSM5
AOAH,BCL3,CMTM7,ACSS1
APBB1IP,BCL6,CPED1,ACSS3
APLNR,BCL6B,CREB3L2,ACTA2
APMAP,BIN2,CREB5,ACTL6A
APOE,BMP5,CSF1R,ACVR1
AQP1,BMP7,CSGALNACT1,ACVR1C
AR,BMPER,CTTNBP2NL,ACVRL1
ARHGAP24,BMPR1B,CUX1,ADA
ARHGAP26-AS1,BNC2,CUX2,ADAM12
ARHGAP29,BTBD11,CYFIP1,ADAM28
ARHGAP30,C1QA,CYTH4,ADAM33
ARHGAP31,C22orf34,CYTIP,ADAMTS1
ARHGAP6,C3AR1,CYYR1,ADAMTS12
ARHGAP9,C8orf34,DGKB,ADAMTS14
ARHGDIB,CA10,DIAPH2,ADAMTS15
ARHGEF26,CARD11,DISC1,ADAMTS17
ARHGEF6,CARD8,DLEU1,ADAMTS18
ARID3A,CCDC26,DLX1,ADAMTS19
ARID5A,CCDC88C,DLX2,ADAMTS20
ARID5B,CCL5,DLX5,ADAMTS3
ARL15,CD44,DLX6,ADAMTS4
ARL5A,CD53,DOCK2,ADAMTS6
ARNT2,CD69,DOCK5,ADAMTS7
ARNTL2,CD84,DPYSL3,ADAMTS9
ARRB2,CD86,E2F3,ADAMTS9-AS1
ARX,CDH5,EBF1,ADAMTS9-AS2
ASCL1,CDH8,EGR1,ADAMTSL1
ATF1,CDH9,ELAVL2,ADAMTSL2
ATF2,CEBPD,ELF1,ADAMTSL3
ATF3,CEBPG,ERG,ADAMTSL4
ATF5,CHD1,ETS1,ADAP2
ATF6B,CHD7,ETS2,ADARB1
ATG16L2,CHRNA7,ETV6,ADARB2
ATP10A,CHST11,EYA1,ADARB2-AS1
ATP13A4,CHST15,EZH2,ADCY10P1
ATP1B3,CIITA,FBXL7,ADCY2
ATRNL1,CLEC2B,FCGR3A,ADCY7
AXL,CLEC7A,FGF13,ADCY8
B2M,CLMP,FKBP5,ADD3-AS1
B3GNT5,CMAHP,FLI1,ADGRA3
BACH1,CMKLR1,FMNL3,ADGRD1
BACH2,CMTM7,FNDC3B,ADGRE2
BAG3,CNN3,FOS,ADGRE4P
BATF,CNTN5,FOSL2,ADGRE5
BBX,COL9A1,FOXC1,ADGRF5
BCAR3,CRIM1,FOXF1,ADGRG1
BCAS1,CRYBG3,FOXJ3,ADGRG2
BCAS2,CSF1R,FOXO1,ADGRG5
BCL11A,CTCF,FOXP2,ADGRG6
BCL11B,CTNNA2,GALNTL6,ADGRL2
BCL3,CTSB,GATA2,ADGRL4
BCL6,CTSZ,GJA1,ADGRV1
BCL6B,CUX1,GLI3,ADH4
BEST3,CUX2,GLIS3,ADIPOR2
BHLHE40,CX3CR1,GLRA2,ADIRF
BIN2,CXCR4,GNA13,ADM
BLNK,CYBA,GNB4,ADNP
BMP2K,CYFIP1,GPR34,ADNP2
BMP5,CYTH4,GPRIN3,ADORA2A-AS1
BMP7,DACH1,GRIK1,ADORA2B
BMPER,DGKG,GRIK3,ADPGK
BMPR1B,DLX1,GRIN2A,ADRA1A
BNC2,DLX2,GRIP1,ADRA1B
BROX,DLX5,HCK,ADRB2
BTG2,DOCK8,HCLS1,AEBP1
BTK,DPP10-AS3,HECW1,AEBP2
BTN3A1,DUSP1,HERPUD1,AFAP1L1
BTNL9,E2F3,HES4,AFAP1L2
C10orf90,EBF1,HIC1,AFF4
C1QA,EDN1,HIF1A,AFMID
C1QB,EGFR,HIVEP1,AFP
C1QL1,ELF1,HIVEP2,AGA
C3AR1,ELK4,HLA-DRA,AGAP2
CACNA2D3,EMB,HLF,AGBL1
CACNB2,EMCN,HS3ST4,AGBL3
CACNG4,EML4,HS6ST3,AGER
CADPS2,EMP2,HSPA1A,AGGF1
CALD1,ENG,HSPB1,AGMAT
CAMK2G,ENTPD1,HSPB8,AGMO
CARD8,EOMES,ID2,AGT
CARMN,EPSTI1,IFNGR1,AGTRAP
CASP4,ERG,IGFBP7,AHCTF1
CASP8,ESAM,IKZF1,AHCY
CASS4,ESR1,IKZF3,AHCYL1
CBLN2,ETS1,IL10RA,AHCYL2
CCDC26,ETS2,IL13RA1,AHDC1
CCDC50,ETV5,IL17RA,AHNAK
CCND1,ETV6,IL18,AHR
CD163,EZH2,INPP5D,AIDA
CD163L1,EZR,IRF7,AIF1
CD300A,FCGBP,IRF8,AIF1L
CD34,FCGR3A,ITGA1,AIM2
CD4,FGD4,ITGA4,AIRE
CD44,FGD6,ITGAM,AK7
CD59,FGF13,ITGAX,AKAP12
CD83,FGFR1,ITIH5,AKAP13
CDC14A,FLI1,ITPR2,AKAP3
CDH13,FLRT2,JUN,AKNA
CDH20,FLT3,JUNB,AKR1A1
CDH23,FMNL3,KCNH5,AKR1C2
CDH5,FN1,KCNIP1,AKR1D1
CDH7,FOS,KCNK13,ALDH1A1
CDK19,FOSB,KCNQ1,ALDH1A2
CDKN1A,FOSL2,KCNQ3,ALDH1L1
CEBPB,FOXC1,KCNS3,ALDH1L1-AS2
CEBPD,FOXC2,KCNT2,ALDH3B1
CEBPG,FOXD1,KCTD12,ALK
CELF5,FOXF1,KLF10,ALOX12P2
CEMIP,FOXF2,KLF2,ALOX15B
CERCAM,FOXJ3,KLF5,ALOX5
CFH,FOXK1,KLF6,ALOX5AP
CFL2,FOXL1,KLF9,ALPK1
CHD1,FOXL2,KYNU,ALPK3
CHD7,FOXN2,LAMA1,ALPL
CHRM3,FOXN3,LAPTM5,ALX3
CHRNA7,FOXO1,LAT2,ALX4
CHST11,FOXP2,LCP1,AMER2
CHST8,FOXQ1,LEF1,AMOT
CHST9,FRMPD3,LHFPL2,AMOTL1
CIITA,FSTL1,LHFPL3,AMOTL2
CLCN5,FTH1,LHX6,AMZ1
CLDN5,FTL,LILRB1,AMZ2
CLEC7A,GAB3,LIMS2,ANGPT1
CLMP,GAD1,LINC01141,ANGPT2
CLSTN2,GAD2,LINGO2,ANGPTL4
CMAHP,GATA2,LPAR6,ANK1
CMTM6,GATA3,LRFN5,ANKDD1A
CNOT8,GATA6,LRRC4C,ANKFN1
CNR1,GCNT2,LY86,ANKRD18A
CNTN2,GEM,LYL1,ANKRD20A11P
CNTN4,GFAP,LYN,ANKRD22
COBLL1,GFI1,LYPD6B,ANKRD30B
COL18A1,GLI2,MAF,ANKRD36BP1
COL1A2,GLIS1,MAFB,ANKRD37
COL21A1,GLIS3,MAML2,ANKRD44
COL4A1,GLRA2,MAP3K8,ANKRD55
COL4A2,GNA14,MBNL2,ANKRD65
COL5A3,GOLIM4,MBP,ANKS1A
COL6A3,GPR34,MEF2A,ANKUB1
CP,GRIA1,MEF2C,ANLN
CPE,GRIK1,MERTK,ANO2
CPED1,GRIN2A,MIR325HG,ANO3
CREB5,GRIN2C,MIR646HG,ANO4
CREM,GRIN3A,MPPED2,ANO6
CRISPLD1,GRM1,MTUS2,ANOS1
CSF1R,GSN,MYEF2,ANP32AP1
CSF3R,GTF2IRD1,MYO10,ANTXR2
CSGALNACT1,HAMP,MYO1F,ANXA1
CTSS,HAVCR2,MYOF,ANXA11
CTSZ,HCLS1,NABP1,ANXA2
CTTNBP2NL,HERC2P3,NAMPT,ANXA3
CUX1,HERC2P9,NCK2,ANXA5
CUX2,HES1,NFATC2,AOAH
CXCL14,HEYL,NFIA,AOX1
CXCL16,HIF1A,NFIB,APAF1
CXCR4,HIVEP1,NFIX,APBB1IP
CYBA,HIVEP3,NOS1,APCDD1
CYBRD1,HLA-A,NPAS2,APCDD1L
CYCS,HLA-DMB,NR2F1,APEX1
CYTH4,HLA-DPB1,NR2F2,APEX2
DAB1,HLA-DRA,NR2F2-AS1,APLF
DAP,HLA-DRB1,NR3C1,APLN
DAPP1,HLF,OLIG2,APLNR
DCN,HS3ST2,OLR1,APMAP
DDAH1,HS3ST4,P2RY12,APOA1-AS
DDIT4,HSPB8,PALD1,APOBEC2
DDX21,ID3,PARP9,APOBEC3G
DDX60L,IGFBP7,PARVG,APOC1
DEF6,IKZF1,PBX1,APOD
DHCR24,IL4R,PCAT19,APOE
DIAPH2,IL6R,PCDH15,APOL3
DISP1,IL6ST,PDGFB,APOL6
DLGAP1-AS5,IQGAP2,PDZRN3,APOLD1
DLX1,IRF8,PGR,AQP1
DLX5,ITGAX,PHLDB2,AQP4
DLX6-AS1,ITGB2,PIK3AP1,AQP4-AS1
DNAJB1,JAG1,PIK3CD,AR
DOCK5,JAK3,PIK3R5,ARFGAP1
DOCK8,JDP2,PLXNA4,ARG1
DPP10-AS1,JUN,POU2F2,ARG2
DPYSL3,JUNB,POU3F4,ARGFX
DSP,JUND,PPARD,ARHGAP10
DTHD1,KAZN,PPARG,ARHGAP15
DUSP1,KCNB2,PRDM1,ARHGAP18
DUSP5,KCNH7,PREX2,ARHGAP22
E2F2,KCNQ3,PRRX1,ARHGAP24
E2F3,KCTD12,PTPRC,ARHGAP25
E2F4,KIT,QRFPR,ARHGAP26
E2F7,KLF10,RAB20,ARHGAP26-AS1
EBF1,KLF12,RALYL,ARHGAP27
EBF2,KLF4,RASGEF1C,ARHGAP28
EBI3,KLF6,RB1,ARHGAP29
EDN1,KYNU,RBFOX2,ARHGAP30
EDNRB-AS1,LAIR1,RBM47,ARHGAP31
EGFEM1P,LAMA3,RCOR1,ARHGAP31-AS1
EGFL7,LAPTM5,REL,ARHGAP4
EGR1,LARP1,RELN,ARHGAP42
EGR2,LAT2,RFX2,ARHGAP6
EGR4,LCP1,RGS1,ARHGAP9
EHBP1L1,LCP2,RGS10,ARHGDIB
ELF1,LDLRAD3,RIN3,ARHGEF1
ELF2,LDLRAD4,RNF144B,ARHGEF10L
ELF4,LEF1,RREB1,ARHGEF26
ELK1,LHX2,RSPO2,ARHGEF26-AS1
ELK4,LHX6,RUNX1,ARHGEF28
ELOVL5,LIMS1,RUNX2,ARHGEF38
EMCN,LINC00511,RUNX3,ARHGEF4
EMP1,LINC01094,RXRA,ARHGEF40
EMP2,LINC01141,SAMD5,ARHGEF6
EMX2OS,LINC01197,SAMSN1,ARID3A
ENTPD1,LINC01202,SAT1,ARID3B
ENTPD1-AS1,LINC01410,SERPINI2,ARID3C
EOMES,LMO2,SETBP1,ARID5A
EPAS1,LPAR5,SEZ6L,ARID5B
EPB41L4A,LPAR6,SH3RF3,ARL15
EPHA3,LRCH1,SH3TC1,ARL5A
EPHA7,LRIG1,SIX1,ARMC3
EPN2,LRRC32,SKAP1,ARNT
EPS8,LRRC3B,SKAP2,ARNT2
EPSTI1,LRRTM4,SLC25A37,ARNTL
ERG,MAF,SLC4A7,ARNTL2
ERN1,MAFB,SLC7A1,ARRB2
ESRRA,MAFK,SLC7A2,ARRDC2
ESRRB,MAN1A1,SLC8A1,ARRDC3
ESRRG,MAP3K1,SLCO2B1,ARRDC3-AS1
ETS1,MAP3K14,SORCS3,ARRDC4
ETS2,MAPK4,SOX10,ARRDC5
ETV1,MCTP2,SOX18,ARSI
ETV2,MECOM,SOX5,ARSJ
ETV3,MEF2C,SOX6,ART4
ETV5,MEIS2,SOX8,ARX
ETV6,MERTK,SP9,ASAP3
ETV7,MGAT4A,SPRY4,ASB14
EZH2,MGST1,SRGAP2B,ASB18
EZR,MGST2,SRRM3,ASB4
F13A1,MIR31HG,ST18,ASCC1
FAM110B,MIR646HG,STAT3,ASCL1
FAM149A,MKNK1,STAT4,ASCL2
FAM189A2,MOBP,STAT5A,ASH2L
FAT1,MPZL1,STK10,ASIC2
FAT4,MRC1,STON2,ASIC4
FCGBP,MS4A4A,SYK,ASPA
FCGR1CP,MS4A6A,SYNE2,ASPH
FCGR3A,MSN,SYTL3,ASPN
FENDRR,MSR1,TAC1,ASPSCR1
FER1L6,MSX1,TAL1,ASTN2-AS1
FERMT1,MSX2,TBX15,ASZ1
FEZF2,MTA3,TBX2,ATAD3C
FGD2,MYC,TCF12,ATE1-AS1
FGD3,MYEF2,TCF4,ATF1
FGF13,MYO1E,TCF7L1,ATF2
FGL2,MYO1F,TCF7L2,ATF3
FIGN,MYOF,TEAD1,ATF4
FKBP5,MYRIP,TEAD4,ATF5
FLI1,NDST3,TFAP2A,ATF6
FLRT2,NEAT1,TFEC,ATF6B
FLT1,NET1,TGFBR2,ATF7
FMNL1,NFATC2,TGFBR3,ATG16L2
FN1,NFIA,THSD7B,ATOH7
FNDC3B,NFIB,TLR1,ATOH8
FOS,NFIL3,TLR2,ATOX1
FOSB,NFIX,TM6SF1,ATP10A
FOSL1,NFKB1,TMEM132C,ATP10B
FOSL2,NFKBID,TMEM156,ATP11A-AS1
FOXC1,NLRC5,TNFAIP8,ATP11C
FOXC2,NLRP1,TNFRSF1B,ATP13A4
FOXD1,NOTCH3,TNS3,ATP13A5
FOXD2,NOTCH4,TOX2,ATP1A2
FOXF1,NPAS2,TP63,ATP1B3
FOXF2,NR2C1,TRPC4,ATP2A3
FOXJ2,NR2E1,UST,ATP2C2
FOXL1,NR2F1,UTRN,ATP6V0D2
FOXL2,NR2F2,VAV1,ATP7B
FOXN2,NR2F2-AS1,VAX1,ATP8B1
FOXN3,NR3C1,VCAN,ATP8B4
FOXO1,NR4A3,VIP,ATP8B5P
FOXP1,NRIP3,VWA2,ATRNL1
FOXP2,NRP1,WDFY4,AVEN
FOXQ1,NRP2,WDR49,AXL
FREM1,NTN1,WIPF1,AZGP1
FRMD6,NXPH1,ZBTB7A,B2M
FRMPD2,OLFM3,ZEB1,B3GAT2
FSTL5,OLIG1,ZFHX3,B3GNT5
GAD2,OLR1,ZFP36L1,B4GALT1
GADD45B,OPRM1,ZIC2,BAALC
GAL3ST1,P4HA1,ZMAT4,BAALC-AS1
GATA2,PAG1,ZNF366,BACE2
GATA3,PAM,ZNF385B,BACH1
GATA4,PAMR1,ZNF536,BACH2
GATA6,PAPLN,ZNF704,BAD
GCNT2,PARD3,ZNF710,BAG3
GDNF-AS1,PARD3B,,BAIAP2L1
GGT5,PARP14,,BAMBI
GHR,PARP4,,BANK1
GIMAP7,PARP9,,BANP
GIMAP8,PARVA,,BARD1
GJA1,PARVG,,BARX2
GK,PAWR,,BATF
GLI3,PAX6,,BATF3
GLIS1,PBX1,,BAX
GLIS2,PCDH11Y,,BAZ1A
GLUL,PCP4,,BBOX1
GNG11,PCSK5,,BBOX1-AS1
GNG12,PDE10A,,BBX
GNG4,PDE1A,,BCAM
GNLY,PDE1C,,BCAN
GOLIM4,PDE3A,,BCAR3
GPBP1L1,PDE3B,,BCAS1
GPM6A,PDE7B,,BCAS2
GPR149,PDGFC,,BCAT2
GPR17,PDLIM5,,BCHE
GPR183,PFKFB3,,BCL11A
GPR34,PGM5,,BCL11B
GPRIN3,PHLDB2,,BCL2
GRB10,PIK3CD,,BCL2A1
GRB2,PIK3R5,,BCL2L11
GRIK1,PITPNC1,,BCL2L12
GRIK3,PLA2R1,,BCL2L14
GRIP1,PLCB2,,BCL3
GRK5,PLCG2,,BCL6
GRM3,PLCH1,,BCL6B
GRM8,PLEK,,BCLAF1
GTF2F1,PLPPR1,,BCYRN1
GTF2IRD1,PON2,,BDNF
GULP1,POSTN,,BDNF-AS
GYG2P1,POU2F2,,BDP1
HAMP,POU3F4,,BEND7
HAP1,PPARG,,BEST1
HAPLN2,PPP1R1C,,BEST3
HAVCR2,PRAM1,,BGN
HBP1,PRDM1,,BHLHA15
HCRTR2,PRDM16,,BHLHE22
HDAC9,PRDM6,,BHLHE40
HERC2P3,PREX2,,BHLHE41
HERPUD1,PRKAG2,,BICC1
HES1,PRKCD,,BIN2
HES4,PROX1,,BIRC3
HES7,PRRX1,,BLM
HEY2,PSMA1,,BLNK
HEYL,PTGS1,,BMF
HIC1,PTH1R,,BMP2
HIF1A,PTPN22,,BMP2K
HIF3A,PTPRM,,BMP5
HIGD1B,PTPRO,,BMP6
HIP1,PTPRT,,BMP7
HIVEP1,PYHIN1,,BMPER
HIVEP2,RAB20,,BMPR1B
HIVEP3,RAB31,,BMX
HK2,RAPGEF1,,BNC1
HLA-B,RASSF8,,BNC2
HLA-DPB1,RBFOX2,,BOC
HLA-DRA,RBMS3-AS3,,BOK
HLA-DRB1,RCSD1,,BOK-AS1
HLA-E,REL,,BOLL
HLA-F,RELA,,BPTF
HLF,RFX2,,BRCA1
HMBOX1,RFX4,,BRCA2
HMGB2,RGS1,,BRF1
HNF4G,RGS10,,BRF2
HNMT,RGS2,,BRINP3
HOXB3,RHBDF2,,BROX
HSF1,RHOBTB3,,BSG
ID1,RIN3,,BST1
ID3,RNASEH2B-AS1,,BST2
ID4,RNF152,,BSX
IDI1,RNF220,,BTBD11
IFI16,RREB1,,BTBD16
IFI44,RTKN,,BTBD17
IFI44L,RUNX1,,BTG1
IFITM3,RUNX2,,BTG2
IGFBP5,RUNX3,,BTG3
IGSF6,RXRA,,BTK
IKZF1,RYR1,,BTN2A2
IKZF3,S100Z,,BTN3A1
IL10RA,SALL3,,BTN3A2
IL18R1,SAMD9L,,BTNL9
IL1R1,SAMSN1,,BVES
IL6ST,SCARA3,,BVES-AS1
INPPL1,SCG2,,C10orf90
IQGAP2,SCIN,,C11orf65
IRF2,SCML4,,C12orf42
IRF3,SEC14L1,,C12orf56
IRF5,SEC24D,,C12orf60
IRF6,SEMA6A,,C12orf75
IRF7,SERPINB9,,C17orf64
IRF8,SERPINE2,,C18orf54
ITGA1,SETBP1,,C19orf25
ITGA11,SEZ6L,,C1QA
ITGAM,SGK1,,C1QB
ITGB4,SH2B3,,C1QC
ITGB5,SH3TC1,,C1QL1
ITGBL1,SIX1,,C1QTNF1
ITIH5,SIX4,,C1QTNF7
ITPR2,SLAIN1,,C1R
JAK3,SLC11A1,,C1RL
JDP2,SLC16A1,,C1orf112
JUN,SLC19A1,,C1orf122
JUNB,SLC24A3,,C1orf162
JUND,SLC2A3,,C1orf195
KCND2,SLC2A5,,C1orf54
KCNK13,SLC35F4,,C1orf56
KCNK2,SLC6A12,,C1orf87
KCNQ3,SLC7A5,,C20orf197
KCNT2,SLCO2B1,,C21orf62
KCTD8,SLCO4A1,,C21orf62-AS1
KLF10,SLFN12L,,C21orf91
KLF11,SLIT2,,C21orf91-OT1
KLF12,SMAD1,,C22orf34
KLF15,SMAD6,,C2CD2
KLF16,SMAP2,,C2orf76
KLF2,SMOC1,,C2orf83
KLF3,SMOC2,,C3
KLF4,SNED1,,C3AR1
KLF5,SORCS1,,C4BPA
KLF6,SORCS3,,C4orf19
KLRD1,SOX10,,C4orf45
LAIR1,SOX13,,C4orf48
LAMA1,SOX17,,C5
LATS2,SOX18,,C5AR1
LCORL,SOX5,,C5AR2
LCP1,SOX6,,C5orf17
LCP2,SOX7,,C5orf64
LDB2,SOX8,,C7
LEF1,SP140,,C7orf31
LGALS9,SP3,,C7orf61
LHFPL2,SP9,,C8orf34
LHFPL3-AS1,SRGAP2-AS1,,C8orf34-AS1
LHX1,SRGAP2B,,C9orf153
LHX2,SRGAP2C,,CA1
LHX6,SRRM3,,CA10
LILRB1,ST6GALNAC5,,CA12
LILRB4,ST8SIA6,,CA14
LIMD1,ST8SIA6-AS1,,CA2
LIMK2,STAT1,,CA3
LIMS2,STAT4,,CA3-AS1
LINC00299,STAT5B,,CA4
LINC00511,STK10,,CA8
LINC01088,STK32A,,CABLES1
LINC01091,STON2,,CABP4
LINC01094,SUCLG2,,CACHD1
LINC01141,SULF1,,CACNA2D3
LINC01197,SYK,,CACNB2
LINC01322,SYNPR,,CACNG4
LINC01482,SYT17,,CACNG5
LIPC,SYTL3,,CADPS2
LMO2,TAL1,,CAHM
LMX1A,TBC1D14,,CALB2
LPAR4,TBL1X,,CALCB
LPAR5,TBX15,,CALCR
LPGAT1,TBX2,,CALCRL
LRIG1,TBX21,,CALD1
LRP4,TBX3,,CALN1
LRRC3B,TBXAS1,,CALR
LRRN1,TCF12,,CAMK2G
LRTM1,TCF4,,CAMKMT
LTBP1,TCF7L1,,CANX
LUZP1,TCF7L2,,CAP1
LY96,TEAD1,,CAPG
LYL1,TEAD2,,CAPN13
LYN,TEAD4,,CAPN9
MAF,TFDP2,,CARD11
MAFB,TFEC,,CARD14
MAFF,TFPI,,CARD18
MAFG,THRB,,CARD6
MAFK,TLL1,,CARD8
MAML2,TLR2,,CARD9
MAML3,TLR5,,CARF
MAOA,TM6SF1,,CARMN
MAP3K1,TMEM132C,,CARNS1
MAP3K8,TMEM156,,CARTPT
MAX,TMEM163,,CASC15
MCC,TMTC1,,CASC17
MCL1,TNC,,CASC19
MDFIC,TNFAIP3,,CASC6
MECOM,TNFAIP8,,CASC9
MEF2A,TOB1,,CASP1
MEF2C,TOX,,CASP10
MEIS2,TPM1,,CASP4
MEIS3,TRAF3IP3,,CASP7
MEOX2,TRG-AS1,,CASP8
MFSD2A,TRIM38,,CASS4
MGAT1,TRPC4,,CAT
MGAT4C,TSPAN14,,CATSPERG
MIOS,UACA,,CAV1
MIR31HG,UBASH3B,,CAV2
MIS18BP1,UBC,,CAV3
MITF,UGT8,,CBFA2T2
MLXIPL,USP6NL,,CBFB
MPZL1,UST,,CBLB
MRC2,VASH1,,CBLN2
MSC,VAX1,,CBX7
MSC-AS1,VIM,,CC2D2B
MSI2,VWF,,CCBE1
MSN,WDR49,,CCDC102B
MSR1,WLS,,CCDC122
MSRA,WNT5A,,CCDC13-AS1
MSX1,YAP1,,CCDC141
MSX2,ZBTB20,,CCDC15
MT2A,ZC3HAV1,,CCDC150
MTHFD1L,ZCCHC24,,CCDC152
MTUS2,ZEB1,,CCDC160
MX2,ZFAND6,,CCDC168
MXI1,ZFHX3,,CCDC169-SOHLH2
MYB,ZFP36,,CCDC18
MYBL1,ZMAT4,,CCDC190
MYC,ZNF273,,CCDC25
MYEF2,ZNF385D,,CCDC26
MYLK,ZNF516,,CCDC50
MYO16,ZNF521,,CCDC60
MYO1B,ZNF704,,CCDC68
MYO1D,ZNF710,,CCDC69
MYO1E,,,CCDC80
MYO1F,,,CCDC88B
MYO5B,,,CCDC88C
MYOF,,,CCDC97
MYRF,,,CCK
MYT1,,,CCL2
NAMPT,,,CCL3
NANOG,,,CCL4
NAPSB,,,CCL4L2
NCALD,,,CCL5
NCKAP1L,,,CCNB2
NCOA2,,,CCNB3
NCOA3,,,CCND1
NDE1,,,CCND3
NDRG2,,,CCNE2
NDST3,,,CCNG2
NDST4,,,CCNT2
NFATC1,,,CCR1
NFATC2,,,CD109
NFATC4,,,CD14
NFE2L2,,,CD163
NFIA,,,CD163L1
NFIB,,,CD22
NFIC,,,CD226
NFIL3,,,CD247
NFIX,,,CD274
NFKB1,,,CD300A
NFKB2,,,CD302
NHSL2,,,CD320
NKAIN4,,,CD33
NKX2-2,,,CD34
NKX2-8,,,CD36
NKX6-1,,,CD37
NKX6-2,,,CD38
NKX6-3,,,CD4
NLRP1,,,CD40
NMU,,,CD44
NOS1,,,CD53
NPAS2,,,CD55
NPNT,,,CD58
NR1H3,,,CD59
NR2C1,,,CD6
NR2E1,,,CD63
NR2F1,,,CD69
NR2F2,,,CD72
NR3C1,,,CD74
NR4A1,,,CD82
NR4A2,,,CD83
NR4A3,,,CD84
NRG1,,,CD86
NRP2,,,CD9
NTN1,,,CD93
NWD2,,,CD96
OLMALINC,,,CDC14A
OSMR,,,CDC42EP1
P2RX4,,,CDC42EP4
PADI2,,,CDC5L
PALD1,,,CDCA7L
PALLD,,,CDCP1
PALMD,,,CDH1
PAPOLG,,,CDH10
PARP14,,,CDH12
PARP4,,,CDH13
PARP8,,,CDH18
PARP9,,,CDH19
PATZ1,,,CDH20
PAWR,,,CDH23
PAX6,,,CDH4
PAX8,,,CDH5
PBX1,,,CDH6
PBX4,,,CDH7
PCDH11Y,,,CDH8
PCED1B,,,CDH9
PCSK2,,,CDHR3
PDE1C,,,CDK18
PDE3A,,,CDK19
PDE7B,,,CDK2AP1
PDGFRB,,,CDK2AP2
PDK4,,,CDKN1A
PDZD2,,,CDKN1B
PDZRN3,,,CDKN1C
PER1,,,CDKN2A
PFKFB2,,,CDKN2B
PGR,,,CDKN2B-AS1
PHACTR1,,,CDR2L
PHACTR2,,,CDX1
PHKA1,,,CEACAM1
PHLDA1,,,CEACAM21
PHLDB1,,,CEBPA
PHLDB2,,,CEBPB
PIEZO1,,,CEBPD
PIK3AP1,,,CEBPG
PIK3CG,,,CEBPZ
PIK3R5,,,CELF4
PILRA,,,CELF5
PIP5K1B,,,CEMIP
PKNOX1,,,CENPB
PKNOX2,,,CENPBD1
PLA1A,,,CENPE
PLAC8,,,CENPF
PLAGL1,,,CENPP
PLAT,,,CENPQ
PLB1,,,CEP128
PLCXD3,,,CEP135
PLD5,,,CEP152
PLEK,,,CEP85
PLEKHG1,,,CERCAM
PLEKHO1,,,CERS2
PLPP1,,,CERS3
PLPPR1,,,CERS4
PLSCR1,,,CERS5
PLSCR4,,,CERS6
PML,,,CFAP47
PODXL,,,CFAP54
POU2F1,,,CFH
POU2F2,,,CFL2
POU3F1,,,CFLAR
POU3F2,,,CFLAR-AS1
POU3F4,,,CFTR
POU5F1,,,CGNL1
PPARA,,,CH25H
PPARD,,,CHADL
PPARG,,,CHAMP1
PPARGC1A,,,CHD1
PPP1R15A,,,CHD2
PRDM1,,,CHD7
PRDM16,,,CHEK2
PRDM5,,,CHI3L1
PRDM6,,,CHL1-AS1
PRELP,,,CHMP1B2P
PREX2,,,CHODL
PRKAA2,,,CHODL-AS1
PRKCH,,,CHRDL1
PRKX,,,CHRM2
PROP1,,,CHRM3
PRR5,,,CHRM3-AS2
PRR5L,,,CHRM5
PRRX1,,,CHRNA7
PSMA1,,,CHST11
PSTPIP2,,,CHST15
PTCHD1,,,CHST3
PTCHD4,,,CHST6
PTGDR,,,CHST8
PTH1R,,,CHST9
PTMA,,,CHSY1
PTN,,,CHSY3
PYGL,,,CHURC1
RAB31,,,CIB1
RAB39A,,,CIC
RAB3IP,,,CIITA
RAD21,,,CKMT1B
RALYL,,,CKS2
RARA,,,CLCA4
RARB,,,CLCN5
RARG,,,CLDN10
RASAL3,,,CLDN14
RASGEF1C,,,CLDN15
RASIP1,,,CLDN5
RASSF2,,,CLDND1
RASSF3,,,CLEC14A
RASSF8,,,CLEC17A
RB1,,,CLEC19A
RBFOX2,,,CLEC1A
RBM47,,,CLEC2A
RBMS1,,,CLEC2B
RBMS3-AS3,,,CLEC2D
RBPMS,,,CLEC5A
RCC2,,,CLEC7A
RCOR1,,,CLEC9A
RCSD1,,,CLIC1
REL,,,CLIC2
RELB,,,CLIC4
RELL1,,,CLIC5
RFTN2,,,CLK1
RFX2,,,CLMN
RFX4,,,CLMP
RGCC,,,CLNK
RGS10,,,CLOCK
RGS12,,,CLSTN2
RGS2,,,CLTCL1
RGS5,,,CLU
RHBDF2,,,CLUL1
RIN2,,,CLYBL
RIPK2,,,CMAHP
RNASEH2B-AS1,,,CMKLR1
RNF152,,,CMTM3
ROBO1,,,CMTM5
ROR2,,,CMTM6
RORA,,,CMTM7
RPLP1,,,CMTM8
RPS6KA1,,,CNBD1
RREB1,,,CNDP1
RUNDC3B,,,CNGA1
RUNX1,,,CNN3
RUNX2,,,CNOT3
RUNX3,,,CNOT4
RXRA,,,CNOT6
RXRB,,,CNOT8
RXRG,,,CNP
RYR3,,,CNPY3
S100A10,,,CNR1
S100Z,,,CNTLN
SAMD4A,,,CNTN2
SAMD5,,,CNTN3
SAT1,,,CNTN4
SDCBP,,,CNTN5
SEC14L1,,,CNTN6
SEMA3C,,,CNTNAP3
SEMA5A,,,CNTNAP5
SEMA6D,,,COBLL1
SERPINB9,,,COL10A1
SERPINE2,,,COL11A1
SETBP1,,,COL12A1
SFMBT2,,,COL13A1
SFT2D2,,,COL14A1
SGPP2,,,COL15A1
SH3RF3,,,COL18A1
SHE,,,COL1A2
SHOX,,,COL20A1
SHROOM4,,,COL21A1
SIGLEC10,,,COL23A1
SIGLEC8,,,COL24A1
SIGLEC9,,,COL25A1
SIX1,,,COL27A1
SIX4,,,COL3A1
SLAIN1,,,COL4A1
SLC16A1,,,COL4A2
SLC16A12,,,COL4A3
SLC16A3,,,COL4A4
SLC16A9,,,COL4A5
SLC19A3,,,COL4A6
SLC1A1,,,COL5A2
SLC1A2,,,COL5A3
SLC1A3,,,COL6A2
SLC24A3,,,COL6A3
SLC25A37,,,COL6A6
SLC2A1,,,COL8A1
SLC2A12,,,COL8A2
SLC2A9,,,COL9A1
SLC30A1,,,COL9A2
SLC38A1,,,COL9A3
SLC38A5,,,COLEC12
SLC44A1,,,COLGALT1
SLC4A4,,,COLGALT2
SLC4A7,,,COPE
SLC6A13,,,COQ2
SLC7A14,,,CORO1B
SLC7A5,,,COTL1
SLC7A7,,,CP
SLC8A1,,,CPA1
SLC8A1-AS1,,,CPA6
SLC9A3R2,,,CPAMD8
SLC9A9,,,CPB1
SLCO1C1,,,CPB2
SLCO2B1,,,CPB2-AS1
SLIT2,,,CPE
SLIT3,,,CPEB1
SMAD1,,,CPED1
SMAD3,,,CPM
SMAD6,,,CPNE4
SMAD9,,,CPNE8
SMAP2,,,CPO
SMOC1,,,CPOX
SNCAIP,,,CPS1
SNTG1,,,CPSF4
SNX22,,,CPT1A
SOAT1,,,CPTP
SORL1,,,CPVL
SOX10,,,CPXM2
SOX11,,,CR1
SOX17,,,CRAT37
SOX18,,,CRB1
SOX4,,,CRB2
SOX5,,,CREB1
SOX6,,,CREB3
SOX7,,,CREB3L1
SOX8,,,CREB3L2
SOX9,,,CREB3L4
SP100,,,CREB5
SP110,,,CREBL2
SP140,,,CREBZF
SP9,,,CREM
SPATS2,,,CRH
SPI1,,,CRHBP
SPRY4,,,CRIM1
SPTLC2,,,CRISPLD1
SPTLC3,,,CRISPLD2
SREBF1,,,CRLF1
SREBF2,,,CRTC2
SRF,,,CRTC3-AS1
SRGAP2,,,CRX
SRGAP2-AS1,,,CRYAB
SRGAP2B,,,CRYBG3
SRGN,,,CSF1
SRRM3,,,CSF1R
SSBP3,,,CSF3R
SST,,,CSGALNACT1
ST6GAL1,,,CSPG4
ST6GALNAC3,,,CSRNP1
ST8SIA6-AS1,,,CSRP1
STAT2,,,CSRP2
STAT3,,,CST3
STAT4,,,CSTF2
STAT6,,,CTBP1
STK10,,,CTBP1-AS
STK32A,,,CTCF
STK33,,,CTCFL
STOM,,,CTD-2350J17.1
STON2,,,CTDSP1
SUCLG2,,,CTH
SULF2,,,CTNNA2
SUSD6,,,CTNNB1
SV2C,,,CTNS
SVIL,,,CTSB
SYK,,,CTSC
SYNDIG1,,,CTSH
SYNE2,,,CTSL
SYT6,,,CTSO
SYTL3,,,CTSS
TAL1,,,CTSZ
TANC1,,,CTTNBP2NL
TBC1D12,,,CUBN
TBC1D14,,,CUX1
TBC1D4,,,CUX2
TBL1X,,,CX3CR1
TBL1XR1,,,CXCL12
TBX1,,,CXCL14
TBX15,,,CXCL16
TBX18,,,CXCR4
TBX2,,,CXXC1
TBX21,,,CXXC5
TBX3,,,CYB5R1
TBXAS1,,,CYB5R2
TCF12,,,CYBA
TCF3,,,CYBRD1
TCF4,,,CYCS
TCF7L1,,,CYFIP1
TCF7L2,,,CYP1B1
TEAD1,,,CYP1B1-AS1
TEAD2,,,CYP27C1
TEAD3,,,CYP39A1
TEAD4,,,CYP3A5
TENM2,,,CYP4F12
TENM3,,,CYP4F3
TENM4,,,CYP7B1
TF,,,CYSLTR1
TFAP2A,,,CYSLTR2
TFAP2C,,,CYTH4
TFAP4,,,CYTIP
TFCP2L1,,,CYTL1
TFDP1,,,CYYR1
TFDP2,,,CYYR1-AS1
TFEB,,,DAAM2
TFEC,,,DAB1
TFRC,,,DAB2
TG,,,DACH1
TGFA,,,DACH2
TGFB1,,,DAGLB
TGFB2,,,DAP
TGFBR1,,,DAPK2
TGFBR2,,,DAPP1
TGIF1,,,DAZAP1
TGM2,,,DAZAP2
THBS2,,,DBI
THRB,,,DBP
THSD7A,,,DBX2
TINAGL1,,,DCBLD1
TLE3,,,DCC
TLR1,,,DCDC2
TM4SF1,,,DCDC2C
TMC8,,,DCHS2
TMCC3,,,DCLK2
TMEM106A,,,DCN
TMEM119,,,DCST2
TMEM132D,,,DDAH1
TMEM176B,,,DDAH2
TMEM51,,,DDB2
TMEM71,,,DDIT3
TMIGD3,,,DDIT4
TMSB10,,,DDO
TMSB4X,,,DDR2
TMTC1,,,DDX20
TNFAIP3,,,DDX21
TNFAIP8,,,DDX3Y
TNFRSF10B,,,DDX4
TNFRSF10D,,,DDX43
TNFRSF1A,,,DDX53
TNS1,,,DDX60
TOB2,,,DDX60L
TOX3,,,DEAF1
TP53,,,DEF6
TP63,,,DENND1C
TPTE2P6,,,DENND2A
TPTEP1,,,DENND2C
TRAF3IP3,,,DENND3
TRAF4,,,DEPDC1B
TREM2,,,DEPDC7
TRG-AS1,,,DEPTOR
TRHDE,,,DERA
TRIB2,,,DGAT2L6
TRPM3,,,DGCR8
TRPS1,,,DGKB
TSHZ2,,,DGKG
TTN,,,DGKH
TWIST2,,,DHCR24
TYROBP,,,DHCR7
UACA,,,DHRS3
UNC13C,,,DHRS9
USF1,,,DHX36
USF2,,,DIAPH2
USP53,,,DIAPH2-AS1
UTRN,,,DIAPH3
VAV1,,,DIDO1
VAX1,,,DIO1
VCAN,,,DIO2
VEGFA,,,DIO2-AS1
VEGFC,,,DIO3OS
VENTX,,,DIRC3
VIM,,,DIS3
WDFY4,,,DISC1
WDR49,,,DISC1FP1
WIPF1,,,DISP1
WWTR1,,,DKK2
XAF1,,,DLC1
YBX3,,,DLEU1
YES1,,,DLEU7
YY1,,,DLGAP1
ZBTB14,,,DLGAP1-AS5
ZBTB20,,,DLGAP2
ZBTB7B,,,DLL1
ZC3HAV1,,,DLL4
ZDHHC20,,,DLX1
ZEB1,,,DLX2
ZFAND6,,,DLX4
ZFHX3,,,DLX5
ZFP36L1,,,DLX6
ZFP36L2,,,DLX6-AS1
ZHX2,,,DMAP1
ZIC2,,,DMBX1
ZIC3,,,DMC1
ZIC4,,,DMRT1
ZIC5,,,DMRT2
ZMAT4,,,DMRT3
ZNF124,,,DMRTA1
ZNF148,,,DMRTA2
ZNF281,,,DMRTC2
ZNF366,,,DNAH11
ZNF385D-AS2,,,DNAH12
ZNF423,,,DNAH17
ZNF462,,,DNAH17-AS1
ZNF467,,,DNAH7
ZNF471,,,DNAJA4
ZNF516,,,DNAJB1
ZNF521,,,DNAJC21
ZNF532,,,DNAJC22
ZNF536,,,DNM1P46
ZNF644,,,DNM3OS
ZNF652,,,DNMT1
ZNF831,,,DNMT3A
ZNF98,,,DNTTIP1
ZNRF2,,,DOCK11
,,,DOCK2
,,,DOCK4-AS1
,,,DOCK5
,,,DOCK6
,,,DOCK8
,,,DOCK9-AS1
,,,DOHH
,,,DOK1
,,,DOK3
,,,DOK6
,,,DPEP2
,,,DPF1
,,,DPF2
,,,DPP10-AS1
,,,DPP10-AS3
,,,DPRX
,,,DPYD-AS1
,,,DPYSL3
,,,DPYSL5
,,,DR1
,,,DRAIC
,,,DRAM1
,,,DRAP1
,,,DRGX
,,,DSC2
,,,DSCAM
,,,DSP
,,,DTHD1
,,,DTL
,,,DTNA
,,,DTX3L
,,,DUOX1
,,,DUS2
,,,DUS3L
,,,DUSP1
,,,DUSP10
,,,DUSP16
,,,DUSP2
,,,DUSP22
,,,DUSP26
,,,DUSP5
,,,DUSP6
,,,DUX4
,,,DUXA
,,,DYSF
,,,E2F1
,,,E2F2
,,,E2F3
,,,E2F4
,,,E2F5
,,,E2F6
,,,E2F7
,,,E2F8
,,,E4F1
,,,EAF2
,,,EBF1
,,,EBF2
,,,EBF3
,,,EBF4
,,,EBI3
,,,ECHDC3
,,,ECM2
,,,ECSIT
,,,ECT2
,,,EDA
,,,EDA2R
,,,EDN1
,,,EDNRA
,,,EDNRB
,,,EDNRB-AS1
,,,EEF1B2
,,,EEF1D
,,,EFCAB13
,,,EFCAB14-AS1
,,,EFEMP1
,,,EFHD1
,,,EFNA1
,,,EFNA5
,,,EFS
,,,EGFEM1P
,,,EGFL7
,,,EGFLAM
,,,EGFR
,,,EGLN3
,,,EGR1
,,,EGR2
,,,EGR3
,,,EGR4
,,,EHBP1L1
,,,EHD4
,,,EHF
,,,EIF4A3
,,,EIF5A2
,,,ELAVL2
,,,ELF1
,,,ELF2
,,,ELF3
,,,ELF4
,,,ELF5
,,,ELK1
,,,ELK3
,,,ELK4
,,,ELL2
,,,ELMO1-AS1
,,,ELN
,,,ELOVL1
,,,ELOVL2
,,,ELOVL5
,,,ELOVL7
,,,EMB
,,,EMC10
,,,EMCN
,,,EMID1
,,,EMILIN1
,,,EMILIN2
,,,EML3
,,,EML4
,,,EMP1
,,,EMP2
,,,EMP3
,,,EMX1
,,,EMX2
,,,EMX2OS
,,,EN2
,,,ENG
,,,ENO1
,,,ENO4
,,,ENOSF1
,,,ENOX2
,,,ENPEP
,,,ENPP1
,,,ENPP2
,,,ENPP6
,,,ENTHD1
,,,ENTPD1
,,,ENTPD1-AS1
,,,ENTPD2
,,,EOMES
,,,EP300
,,,EPAS1
,,,EPB41L4A
,,,EPHA1-AS1
,,,EPHA2
,,,EPHA3
,,,EPHA5
,,,EPHA6
,,,EPHA7
,,,EPHB1
,,,EPHX1
,,,EPN2
,,,EPN2-AS1
,,,EPOR
,,,EPS8
,,,EPSTI1
,,,ERAP2
,,,ERBB3
,,,ERCC6L
,,,ERG
,,,ERI1
,,,ERMAP
,,,ERMN
,,,ERN1
,,,ERRFI1
,,,ESAM
,,,ESR1
,,,ESR2
,,,ESRP1
,,,ESRRA
,,,ESRRB
,,,ESRRG
,,,ESYT2
,,,ETFB
,,,ETNPPL
,,,ETS1
,,,ETS2
,,,ETV1
,,,ETV2
,,,ETV3
,,,ETV4
,,,ETV5
,,,ETV6
,,,ETV7
,,,EVC2
,,,EVI2A
,,,EVI2B
,,,EWSR1
,,,EXO5
,,,EXPH5
,,,EYA1
,,,EYA2
,,,EYA4
,,,EYS
,,,EZH2
,,,EZR
,,,F11-AS1
,,,F11R
,,,F13A1
,,,F2R
,,,F3
,,,F8
,,,FA2H
,,,FAAP24
,,,FABP7
,,,FAM107A
,,,FAM107B
,,,FAM110B
,,,FAM111A
,,,FAM114A1
,,,FAM118A
,,,FAM124A
,,,FAM126A
,,,FAM149A
,,,FAM157A
,,,FAM160A1
,,,FAM167A
,,,FAM167A-AS1
,,,FAM177B
,,,FAM178B
,,,FAM181B
,,,FAM186A
,,,FAM189A2
,,,FAM20A
,,,FAM217A
,,,FAM222A-AS1
,,,FAM53A
,,,FAM53B-AS1
,,,FAM78A
,,,FAM89A
,,,FANCB
,,,FANCC
,,,FANK1
,,,FAP
,,,FAS
,,,FAT1
,,,FAT3
,,,FAT4
,,,FAU
,,,FAXDC2
,,,FBLN1
,,,FBLN2
,,,FBLN5
,,,FBN2
,,,FBXL19
,,,FBXL7
,,,FCER1G
,,,FCGBP
,,,FCGR1A
,,,FCGR1B
,,,FCGR1CP
,,,FCGR2A
,,,FCGR3A
,,,FCGRT
,,,FENDRR
,,,FER1L6
,,,FER1L6-AS1
,,,FER1L6-AS2
,,,FERMT1
,,,FERMT3
,,,FES
,,,FEZ1
,,,FEZF1
,,,FEZF2
,,,FFAR1
,,,FGD2
,,,FGD3
,,,FGD4
,,,FGD5
,,,FGD6
,,,FGF1
,,,FGF10
,,,FGF13
,,,FGF14
,,,FGF2
,,,FGF20
,,,FGF7
,,,FGFR1
,,,FGFR3
,,,FGL1
,,,FGL2
,,,FGR
,,,FHL2
,,,FHL3
,,,FHL5
,,,FHOD1
,,,FIGLA
,,,FIGN
,,,FILIP1
,,,FILIP1L
,,,FIP1L1
,,,FIRRE
,,,FIS1
,,,FIZ1
,,,FKBP10
,,,FKBP5
,,,FLI1
,,,FLJ40194
,,,FLJ46284
,,,FLNA
,,,FLNC
,,,FLRT2
,,,FLT1
,,,FLT3
,,,FLVCR2
,,,FMN1
,,,FMNL1
,,,FMNL3
,,,FMO2
,,,FMO3
,,,FMO4
,,,FMO5
,,,FMO6P
,,,FN1
,,,FNDC3B
,,,FOLH1
,,,FOS
,,,FOSB
,,,FOSL1
,,,FOSL2
,,,FOXA3
,,,FOXB1
,,,FOXC1
,,,FOXC2
,,,FOXD1
,,,FOXD2
,,,FOXD4
,,,FOXD4L1
,,,FOXD4L3
,,,FOXD4L5
,,,FOXD4L6
,,,FOXF1
,,,FOXF2
,,,FOXH1
,,,FOXJ1
,,,FOXJ2
,,,FOXJ3
,,,FOXK1
,,,FOXK2
,,,FOXL1
,,,FOXL2
,,,FOXM1
,,,FOXN2
,,,FOXN3
,,,FOXN3-AS2
,,,FOXN4
,,,FOXO1
,,,FOXO3
,,,FOXO4
,,,FOXO6
,,,FOXP1
,,,FOXP1-AS1
,,,FOXP2
,,,FOXP3
,,,FOXP4
,,,FOXQ1
,,,FOXR1
,,,FOXS1
,,,FPR1
,,,FPR3
,,,FRAS1
,,,FREM1
,,,FREM2
,,,FRK
,,,FRMD3
,,,FRMD4B
,,,FRMD6
,,,FRMPD2
,,,FRMPD3
,,,FRMPD4
,,,FRRS1
,,,FRZB
,,,FSCN1
,,,FSHR
,,,FSIP2
,,,FSTL1
,,,FSTL4
,,,FSTL5
,,,FTH1
,,,FTL
,,,FUBP1
,,,FUT10
,,,FXYD5
,,,FYCO1
,,,FZD6
,,,G0S2
,,,GAB3
,,,GABPA
,,,GABPB1
,,,GABRA2
,,,GABRE
,,,GABRG1
,,,GABRG3
,,,GABRG3-AS1
,,,GACAT3
,,,GAD1
,,,GAD2
,,,GADD45A
,,,GADD45B
,,,GADD45G
,,,GAL3ST1
,,,GAL3ST4
,,,GALM
,,,GALNT10
,,,GALNT14
,,,GALNT15
,,,GALNT18
,,,GALNT6
,,,GALNTL6
,,,GALR1
,,,GAR1
,,,GAS1
,,,GAS2L3
,,,GAS6-AS1
,,,GATA1
,,,GATA2
,,,GATA2-AS1
,,,GATA3
,,,GATA4
,,,GATA6
,,,GATAD1
,,,GATAD2A
,,,GBE1
,,,GBP1
,,,GBP2
,,,GBP3
,,,GBP4
,,,GBX1
,,,GCH1
,,,GCM1
,,,GCM2
,,,GCNT1
,,,GCNT2
,,,GCNT7
,,,GDNF
,,,GDNF-AS1
,,,GEM
,,,GFAP
,,,GFI1
,,,GFI1B
,,,GFRA1
,,,GGT5
,,,GHR
,,,GIMAP2
,,,GIMAP4
,,,GIMAP7
,,,GIMAP8
,,,GINS3
,,,GINS4
,,,GIPR
,,,GIT2
,,,GJA1
,,,GJB1
,,,GJB6
,,,GJC1
,,,GJC2
,,,GK
,,,GLA
,,,GLDC
,,,GLDN
,,,GLI1
,,,GLI2
,,,GLI3
,,,GLI4
,,,GLIPR1L1
,,,GLIPR2
,,,GLIS1
,,,GLIS2
,,,GLIS3
,,,GLOD5
,,,GLRA1
,,,GLRA2
,,,GLRX
,,,GLUL
,,,GLYATL1
,,,GLYCTK
,,,GM2A
,,,GMEB1
,,,GMEB2
,,,GMFG
,,,GMIP
,,,GMPR
,,,GNA13
,,,GNA14
,,,GNA14-AS1
,,,GNA15
,,,GNAL
,,,GNB4
,,,GNG11
,,,GNG12
,,,GNG12-AS1
,,,GNG4
,,,GNG8
,,,GNGT1
,,,GNLY
,,,GOLIM4
,,,GOT1
,,,GPAM
,,,GPANK1
,,,GPAT3
,,,GPBP1L1
,,,GPC4
,,,GPC5
,,,GPC5-AS1
,,,GPC5-AS2
,,,GPC6
,,,GPCPD1
,,,GPD1
,,,GPER1
,,,GPIHBP1
,,,GPM6A
,,,GPNMB
,,,GPR132
,,,GPR149
,,,GPR156
,,,GPR160
,,,GPR17
,,,GPR174
,,,GPR183
,,,GPR34
,,,GPR37
,,,GPR37L1
,,,GPR39
,,,GPR62
,,,GPR65
,,,GPR85
,,,GPRC5C
,,,GPRIN3
,,,GPSM3
,,,GPX1
,,,GPX3
,,,GRAMD1A
,,,GRAMD1C
,,,GRAP2
,,,GRAPL
,,,GRB10
,,,GRB2
,,,GREB1L
,,,GREM1
,,,GREM2
,,,GRHL1
,,,GRHL2
,,,GRHL3
,,,GRHPR
,,,GRIA1
,,,GRID1-AS1
,,,GRID2
,,,GRIK1
,,,GRIK2
,,,GRIK3
,,,GRIN2A
,,,GRIN2C
,,,GRIN3A
,,,GRIP1
,,,GRK5
,,,GRM1
,,,GRM3
,,,GRM7
,,,GRM8
,,,GRN
,,,GSDMD
,,,GSG1L
,,,GSN
,,,GSN-AS1
,,,GSTK1
,,,GSTP1
,,,GTF2A1
,,,GTF2A2
,,,GTF2B
,,,GTF2F1
,,,GTF2H3
,,,GTF2I
,,,GTF2IRD1
,,,GTF3A
,,,GTF3C2
,,,GTF3C5
,,,GTPBP1
,,,GTPBP6
,,,GTSCR1
,,,GULP1
,,,GXYLT2
,,,GYG2
,,,GYG2P1
,,,GYPC
,,,GZF1
,,,HACD1
,,,HADHB
,,,HAGLR
,,,HAMP
,,,HAP1
,,,HAPLN2
,,,HAS2
,,,HAS2-AS1
,,,HAVCR2
,,,HBB
,,,HBEGF
,,,HBP1
,,,HCFC1
,,,HCFC2
,,,HCG22
,,,HCK
,,,HCLS1
,,,HCN1
,,,HCP5
,,,HCRTR2
,,,HDAC1
,,,HDAC2
,,,HDAC3
,,,HDAC9
,,,HDDC2
,,,HDX
,,,HEATR5A
,,,HEBP2
,,,HECA
,,,HECW1
,,,HEG1
,,,HELB
,,,HELZ2
,,,HEPH
,,,HEPN1
,,,HERC2P2
,,,HERC2P3
,,,HERC2P9
,,,HERC5
,,,HERPUD1
,,,HES1
,,,HES2
,,,HES4
,,,HES5
,,,HES6
,,,HES7
,,,HESX1
,,,HEY1
,,,HEY2
,,,HEYL
,,,HFE
,,,HGF
,,,HHAT
,,,HHEX
,,,HHIP
,,,HIC1
,,,HIC2
,,,HIF1A
,,,HIF3A
,,,HIGD1B
,,,HINFP
,,,HIP1
,,,HIRIP3
,,,HIVEP1
,,,HIVEP2
,,,HIVEP3
,,,HK2
,,,HKDC1
,,,HLA-A
,,,HLA-B
,,,HLA-DMB
,,,HLA-DPA1
,,,HLA-DPB1
,,,HLA-DQA1
,,,HLA-DQB1
,,,HLA-DRA
,,,HLA-DRB1
,,,HLA-DRB5
,,,HLA-E
,,,HLA-F
,,,HLCS
,,,HLF
,,,HLTF
,,,HLX
,,,HLX-AS1
,,,HMBOX1
,,,HMCN1
,,,HMG20A
,,,HMG20B
,,,HMGA1
,,,HMGA2
,,,HMGB1
,,,HMGB2
,,,HMGB3
,,,HMGB4
,,,HMGCS1
,,,HMGN2P46
,,,HMGXB3
,,,HMGXB4
,,,HMOX1
,,,HMSD
,,,HMX1
,,,HNF1A
,,,HNF1B
,,,HNF4A
,,,HNF4G
,,,HNMT
,,,HNRNPA0
,,,HNRNPC
,,,HNRNPH3
,,,HNRNPKP3
,,,HNRNPLL
,,,HNRNPUL1
,,,HOMER1
,,,HOMEZ
,,,HOXB3
,,,HOXC4
,,,HOXD1
,,,HOXD3
,,,HP1BP3
,,,HPGD
,,,HPGDS
,,,HPN
,,,HPN-AS1
,,,HPR
,,,HPS3
,,,HPSE
,,,HPSE2
,,,HRH1
,,,HS3ST2
,,,HS3ST3A1
,,,HS3ST3B1
,,,HS3ST4
,,,HS3ST5
,,,HS6ST2
,,,HS6ST3
,,,HSD11B1
,,,HSF1
,,,HSF2
,,,HSF4
,,,HSF5
,,,HSFY2
,,,HSP90AA1
,,,HSPA12B
,,,HSPA1A
,,,HSPA1L
,,,HSPA2
,,,HSPA5
,,,HSPB1
,,,HSPB8
,,,HSPBAP1
,,,HSPD1
,,,HSPE1-MOB4
,,,HSPG2
,,,HSPH1
,,,HTATIP2
,,,HTR1E
,,,HTR1F
,,,HTR2B
,,,HTR2C
,,,HTR4
,,,HTR7
,,,HULC
,,,HUNK
,,,HYAL2
,,,ICAM1
,,,ICAM2
,,,ICOSLG
,,,ID1
,,,ID2
,,,ID3
,,,ID4
,,,IDI1
,,,IDI2-AS1
,,,IER2
,,,IER3
,,,IER5
,,,IFI16
,,,IFI27L2
,,,IFI44
,,,IFI44L
,,,IFIH1
,,,IFIT2
,,,IFIT3
,,,IFITM3
,,,IFNG-AS1
,,,IFNGR1
,,,IFNLR1
,,,IFRD1
,,,IGF1
,,,IGF2BP2
,,,IGFBP2
,,,IGFBP3
,,,IGFBP4
,,,IGFBP5
,,,IGFBP6
,,,IGFBP7
,,,IGFN1
,,,IGSF1
,,,IGSF11-AS1
,,,IGSF21
,,,IGSF6
,,,IKBIP
,,,IKBKE
,,,IKZF1
,,,IKZF2
,,,IKZF3
,,,IKZF4
,,,IKZF5
,,,IL10RA
,,,IL12RB2
,,,IL13RA1
,,,IL15
,,,IL15RA
,,,IL16
,,,IL17RA
,,,IL18
,,,IL18R1
,,,IL1B
,,,IL1R1
,,,IL1RAP
,,,IL1RAPL2
,,,IL21
,,,IL21R
,,,IL24
,,,IL26
,,,IL33
,,,IL4R
,,,IL6R
,,,IL6ST
,,,ILF2
,,,ILF3
,,,ING3
,,,ING4
,,,INHBA
,,,INPP4B
,,,INPP5D
,,,INPPL1
,,,INSC
,,,INSIG1
,,,INSM1
,,,INSM2
,,,IP6K3
,,,IPO13
,,,IPO9-AS1
,,,IQCA1
,,,IQCH
,,,IQCH-AS1
,,,IQCJ-SCHIP1
,,,IQGAP1
,,,IQGAP2
,,,IRAK2
,,,IRAK3
,,,IRAK4
,,,IRF1
,,,IRF2
,,,IRF3
,,,IRF4
,,,IRF5
,,,IRF6
,,,IRF7
,,,IRF8
,,,IRF9
,,,IRGM
,,,IRX2
,,,IRX4
,,,IRX6
,,,ISG15
,,,ISG20
,,,ISL2
,,,ISM1
,,,ISOC1
,,,ISYNA1
,,,ITGA1
,,,ITGA10
,,,ITGA11
,,,ITGA2
,,,ITGA4
,,,ITGA5
,,,ITGA6
,,,ITGA7
,,,ITGA8
,,,ITGAL
,,,ITGAM
,,,ITGAX
,,,ITGB2
,,,ITGB2-AS1
,,,ITGB4
,,,ITGB5
,,,ITGBL1
,,,ITIH5
,,,ITK
,,,ITM2A
,,,ITPKB
,,,ITPKC
,,,ITPR2
,,,ITPR3
,,,ITPRIP
,,,IVD
,,,IZUMO4
,,,JADE3
,,,JAG1
,,,JAK3
,,,JAM2
,,,JAZF1
,,,JDP2
,,,JOSD2
,,,JPH2
,,,JRK
,,,JRKL
,,,JUN
,,,JUNB
,,,JUND
,,,JUP
,,,KANK1
,,,KANK2
,,,KANK3
,,,KANK4
,,,KAT2B
,,,KAT7
,,,KAZN
,,,KBTBD12
,,,KC6
,,,KCNAB1
,,,KCNAB1-AS2
,,,KCNB2
,,,KCNC2
,,,KCND2
,,,KCNE1
,,,KCNE3
,,,KCNE4
,,,KCNH5
,,,KCNH7
,,,KCNH8
,,,KCNIP1
,,,KCNJ16
,,,KCNJ2
,,,KCNJ2-AS1
,,,KCNJ5
,,,KCNJ8
,,,KCNK13
,,,KCNK2
,,,KCNK6
,,,KCNMB1
,,,KCNMB2
,,,KCNMB2-AS1
,,,KCNMB4
,,,KCNN3
,,,KCNQ1
,,,KCNQ1OT1
,,,KCNQ3
,,,KCNQ5
,,,KCNS3
,,,KCNT2
,,,KCTD12
,,,KCTD16
,,,KCTD4
,,,KCTD8
,,,KCTD9
,,,KDM2A
,,,KDM2B
,,,KDM4A-AS1
,,,KDM4B
,,,KDM4C
,,,KDM4D
,,,KDM5A
,,,KDM5D
,,,KDM7A
,,,KDR
,,,KEL
,,,KHDRBS2
,,,KHDRBS3
,,,KIAA0040
,,,KIAA1217
,,,KIAA1755
,,,KIF13B
,,,KIF19
,,,KIF20B
,,,KIF22
,,,KIF26B
,,,KIF6
,,,KIT
,,,KITLG
,,,KIZ-AS1
,,,KLF10
,,,KLF11
,,,KLF12
,,,KLF13
,,,KLF15
,,,KLF16
,,,KLF17
,,,KLF2
,,,KLF3
,,,KLF4
,,,KLF5
,,,KLF6
,,,KLF7
,,,KLF8
,,,KLF9
,,,KLHL1
,,,KLHL13
,,,KLHL4
,,,KLHL6
,,,KLHL6-AS1
,,,KLK6
,,,KLRC4-KLRK1
,,,KLRD1
,,,KLRG1
,,,KMO
,,,KMT2A
,,,KMT2B
,,,KNOP1
,,,KREMEN1
,,,KYNU
,,,L3MBTL4-AS1
,,,LACC1
,,,LACTB2
,,,LAIR1
,,,LAMA1
,,,LAMA2
,,,LAMA3
,,,LAMA4
,,,LAMB1
,,,LAMB2
,,,LAMC1
,,,LAMC3
,,,LAMP2
,,,LANCL1-AS1
,,,LAP3
,,,LAPTM4A
,,,LAPTM5
,,,LARP1
,,,LARP4
,,,LAS1L
,,,LAT2
,,,LATS2
,,,LAYN
,,,LBH
,,,LBX2
,,,LCAT
,,,LCNL1
,,,LCOR
,,,LCORL
,,,LCP1
,,,LCP2
,,,LDB1
,,,LDB2
,,,LDB3
,,,LDLR
,,,LDLRAD3
,,,LDLRAD4
,,,LDLRAP1
,,,LEF1
,,,LEKR1
,,,LENG9
,,,LEPR
,,,LFNG
,,,LGALS1
,,,LGALS3
,,,LGALS3BP
,,,LGALS9
,,,LGI1
,,,LGI3
,,,LGMN
,,,LGR4
,,,LGR5
,,,LGR6
,,,LHFPL2
,,,LHFPL3
,,,LHFPL3-AS1
,,,LHFPL3-AS2
,,,LHX1
,,,LHX2
,,,LHX4
,,,LHX6
,,,LILRB1
,,,LILRB3
,,,LILRB4
,,,LIMD1
,,,LIMK2
,,,LIMS1
,,,LIMS2
,,,LIN28A
,,,LIN28B
,,,LINC00032
,,,LINC00159
,,,LINC00200
,,,LINC00240
,,,LINC00271
,,,LINC00276
,,,LINC00278
,,,LINC00290
,,,LINC00298
,,,LINC00299
,,,LINC00320
,,,LINC00326
,,,LINC00351
,,,LINC00378
,,,LINC00463
,,,LINC00467
,,,LINC00484
,,,LINC00499
,,,LINC00504
,,,LINC00507
,,,LINC00511
,,,LINC00534
,,,LINC00535
,,,LINC00536
,,,LINC00539
,,,LINC00540
,,,LINC00571
,,,LINC00578
,,,LINC00582
,,,LINC00598
,,,LINC00601
,,,LINC00607
,,,LINC00609
,,,LINC00612
,,,LINC00639
,,,LINC00640
,,,LINC00645
,,,LINC00649
,,,LINC00706
,,,LINC00836
,,,LINC00840
,,,LINC00844
,,,LINC00861
,,,LINC00862
,,,LINC00865
,,,LINC00870
,,,LINC00877
,,,LINC00880
,,,LINC00886
,,,LINC00891
,,,LINC00899
,,,LINC00906
,,,LINC00907
,,,LINC00910
,,,LINC00922
,,,LINC00923
,,,LINC00924
,,,LINC00926
,,,LINC00940
,,,LINC00944
,,,LINC00945
,,,LINC00958
,,,LINC00960
,,,LINC00972
,,,LINC00996
,,,LINC01010
,,,LINC01023
,,,LINC01036
,,,LINC01053
,,,LINC01060
,,,LINC01088
,,,LINC01090
,,,LINC01091
,,,LINC01094
,,,LINC01098
,,,LINC01099
,,,LINC01117
,,,LINC01122
,,,LINC01135
,,,LINC01137
,,,LINC01141
,,,LINC01146
,,,LINC01151
,,,LINC01170
,,,LINC01182
,,,LINC01189
,,,LINC01194
,,,LINC01197
,,,LINC01202
,,,LINC01208
,,,LINC01221
,,,LINC01222
,,,LINC01237
,,,LINC01239
,,,LINC01241
,,,LINC01250
,,,LINC01258
,,,LINC01266
,,,LINC01285
,,,LINC01291
,,,LINC01299
,,,LINC01301
,,,LINC01320
,,,LINC01322
,,,LINC01331
,,,LINC01340
,,,LINC01344
,,,LINC01356
,,,LINC01358
,,,LINC01363
,,,LINC01375
,,,LINC01376
,,,LINC01378
,,,LINC01410
,,,LINC01411
,,,LINC01416
,,,LINC01422
,,,LINC01445
,,,LINC01470
,,,LINC01476
,,,LINC01478
,,,LINC01480
,,,LINC01482
,,,LINC01483
,,,LINC01500
,,,LINC01504
,,,LINC01505
,,,LINC01508
,,,LINC01549
,,,LINC01550
,,,LINC01554
,,,LINC01568
,,,LINC01572
,,,LINC01591
,,,LINC01605
,,,LINC01608
,,,LINC01619
,,,LINC01625
,,,LINGO2
,,,LIPC
,,,LIPE
,,,LIPG
,,,LITAF
,,,LIX1
,,,LLGL1
,,,LLGL2
,,,LMCD1
,,,LMCD1-AS1
,,,LMF1-AS1
,,,LMNA
,,,LMNTD1
,,,LMO1
,,,LMO2
,,,LMOD1
,,,LMX1A
,,,LMX1B
,,,LOXL2
,,,LOXL3
,,,LPAR1
,,,LPAR3
,,,LPAR4
,,,LPAR5
,,,LPAR6
,,,LPCAT2
,,,LPGAT1
,,,LPIN3
,,,LPL
,,,LPXN
,,,LRAT
,,,LRCH1
,,,LRFN5
,,,LRIG1
,,,LRIG3
,,,LRP10
,,,LRP2
,,,LRP4
,,,LRP4-AS1
,,,LRRC1
,,,LRRC32
,,,LRRC3B
,,,LRRC4C
,,,LRRC63
,,,LRRC69
,,,LRRC74A
,,,LRRC8A
,,,LRRC8D
,,,LRRFIP1
,,,LRRK1
,,,LRRK2
,,,LRRN1
,,,LRRTM4
,,,LRTM1
,,,LSM6
,,,LSMEM2
,,,LSR
,,,LST1
,,,LTB4R
,,,LTBP1
,,,LTBP2
,,,LTBR
,,,LTC4S
,,,LTF
,,,LUCAT1
,,,LURAP1L
,,,LURAP1L-AS1
,,,LUZP1
,,,LUZP2
,,,LY86
,,,LY86-AS1
,,,LY96
,,,LYL1
,,,LYN
,,,LYPD6
,,,LYPD6B
,,,LYPLAL1-AS1
,,,LYVE1
,,,LZTS1
,,,LZTS1-AS1
,,,LZTS2
,,,MAF
,,,MAFB
,,,MAFF
,,,MAFG
,,,MAFK
,,,MAG
,,,MAGEA8
,,,MAGEC3
,,,MAGEF1
,,,MAGI1-AS1
,,,MAGOH
,,,MAGT1
,,,MAL
,,,MALRD1
,,,MAMDC2
,,,MAMDC2-AS1
,,,MAML2
,,,MAML3
,,,MAN1A1
,,,MAN2A1
,,,MAN2B1
,,,MAOA
,,,MAOB
,,,MAP3K1
,,,MAP3K11
,,,MAP3K14
,,,MAP3K19
,,,MAP3K7CL
,,,MAP3K8
,,,MAP4K1
,,,MAP4K2
,,,MAP7D3
,,,MAPK1
,,,MAPK4
,,,MAPKAPK2
,,,MAPKAPK3
,,,MAPT-AS1
,,,MARCKSL1
,,,MASP1
,,,MATN1-AS1
,,,MATN2
,,,MAX
,,,MAZ
,,,MBD1
,,,MBD2
,,,MBNL1-AS1
,,,MBNL2
,,,MBNL3
,,,MBOAT1
,,,MBP
,,,MBTPS2
,,,MCAM
,,,MCC
,,,MCL1
,,,MCM3
,,,MCM5
,,,MCMDC2
,,,MCOLN2
,,,MCTP1
,,,MCTP2
,,,MDC1-AS1
,,,MDFIC
,,,MDM2
,,,MDS2
,,,MECOM
,,,MECP2
,,,MED30
,,,MEF2A
,,,MEF2C
,,,MEF2D
,,,MEGF10
,,,MEGF11
,,,MEI4
,,,MEIS1
,,,MEIS1-AS2
,,,MEIS2
,,,MEIS3
,,,MELK
,,,MEOX1
,,,MEOX2
,,,MEPE
,,,MERTK
,,,MESP1
,,,MESP2
,,,MET
,,,METAP1D
,,,METRN
,,,METRNL
,,,METTL14
,,,METTL3
,,,METTL7A
,,,MEX3C
,,,MFGE8
,,,MFHAS1
,,,MFNG
,,,MFSD2A
,,,MFSD4B
,,,MGA
,,,MGAM
,,,MGAT1
,,,MGAT4A
,,,MGAT4C
,,,MGME1
,,,MGP
,,,MGST1
,,,MGST2
,,,MIATNB
,,,MICALL1
,,,MID1
,,,MID1IP1
,,,MIDN
,,,MIEF1
,,,MILR1
,,,MIOS
,,,MIOX
,,,MIR17HG
,,,MIR2052HG
,,,MIR3142HG
,,,MIR31HG
,,,MIR325HG
,,,MIR34AHG
,,,MIR3681HG
,,,MIR4300HG
,,,MIR4435-2HG
,,,MIR4500HG
,,,MIR503HG
,,,MIR646HG
,,,MIR924HG
,,,MIS18BP1
,,,MITF
,,,MIXL1
,,,MKNK1
,,,MKNK1-AS1
,,,MKRN3
,,,MKX
,,,MLC1
,,,MLIP
,,,MLKL
,,,MLLT10
,,,MLX
,,,MLXIP
,,,MLXIPL
,,,MMD2
,,,MME
,,,MMP14
,,,MMP16
,,,MMP19
,,,MMP21
,,,MMP28
,,,MMRN1
,,,MMRN2
,,,MMS22L
,,,MN1
,,,MNDA
,,,MNT
,,,MNX1
,,,MOB3A
,,,MOB3B
,,,MOBP
,,,MOCOS
,,,MOG
,,,MORC1
,,,MORC4
,,,MORN1
,,,MOXD1
,,,MPPED2
,,,MPST
,,,MPZL1
,,,MR1
,,,MRC1
,,,MRC2
,,,MROH9
,,,MRPL1
,,,MRPL2
,,,MRPS25
,,,MS4A14
,,,MS4A4A
,,,MS4A6A
,,,MSANTD3
,,,MSC
,,,MSC-AS1
,,,MSI1
,,,MSI2
,,,MSN
,,,MSR1
,,,MSRA
,,,MSRB3
,,,MSX1
,,,MSX2
,,,MT1E
,,,MT1F
,,,MT1G
,,,MT1M
,,,MT2A
,,,MT3
,,,MTA3
,,,MTCP1
,,,MTERF1
,,,MTF1
,,,MTF2
,,,MTHFD1
,,,MTHFD1L
,,,MTHFD2
,,,MTMR8
,,,MTMR9LP
,,,MTRF1
,,,MTSS1
,,,MTUS2
,,,MUSK
,,,MVP
,,,MX1
,,,MX2
,,,MXD1
,,,MXD3
,,,MXD4
,,,MXI1
,,,MYB
,,,MYBL1
,,,MYBL2
,,,MYBPC1
,,,MYC
,,,MYCL
,,,MYCN
,,,MYCT1
,,,MYEF2
,,,MYH11
,,,MYH15
,,,MYH16
,,,MYH7B
,,,MYL12A
,,,MYL12B
,,,MYL3
,,,MYL6
,,,MYL9
,,,MYLIP
,,,MYLK
,,,MYNN
,,,MYO10
,,,MYO16
,,,MYO16-AS1
,,,MYO1B
,,,MYO1C
,,,MYO1D
,,,MYO1E
,,,MYO1F
,,,MYO5B
,,,MYO7A
,,,MYOCD
,,,MYOF
,,,MYOG
,,,MYOM1
,,,MYOT
,,,MYPOP
,,,MYRF
,,,MYRFL
,,,MYRIP
,,,MYT1
,,,MZF1
,,,MZF1-AS1
,,,NAA11
,,,NAALADL2-AS2
,,,NAALADL2-AS3
,,,NABP1
,,,NACAD
,,,NAGS
,,,NALCN-AS1
,,,NAMPT
,,,NANOG
,,,NANOGP8
,,,NANOS1
,,,NAP1L1
,,,NAPSB
,,,NAT8L
,,,NBPF14
,,,NCALD
,,,NCAN
,,,NCBP2
,,,NCF2
,,,NCF4
,,,NCK2
,,,NCKAP1L
,,,NCMAP
,,,NCOA1
,,,NCOA2
,,,NCOA3
,,,NCOA7-AS1
,,,NCOR1
,,,NCOR2
,,,NDC1
,,,NDE1
,,,NDNF
,,,NDP
,,,NDRG1
,,,NDRG2
,,,NDST3
,,,NDST4
,,,NDUFA4L2
,,,NDUFB7
,,,NDUFB9
,,,NEAT1
,,,NEB
,,,NECTIN2
,,,NEDD1
,,,NEDD4
,,,NEDD9
,,,NEK3
,,,NEK5
,,,NEK6
,,,NELFA
,,,NELFB
,,,NELL1
,,,NELL2
,,,NENF
,,,NES
,,,NET1
,,,NETO1
,,,NETO2
,,,NEU4
,,,NEURL1B
,,,NEUROD2
,,,NF1
,,,NFAM1
,,,NFAT5
,,,NFATC1
,,,NFATC2
,,,NFATC3
,,,NFATC4
,,,NFE2
,,,NFE2L1
,,,NFE2L2
,,,NFE2L3
,,,NFE4
,,,NFIA
,,,NFIA-AS2
,,,NFIB
,,,NFIC
,,,NFIL3
,,,NFIX
,,,NFKB1
,,,NFKB2
,,,NFKBIA
,,,NFKBID
,,,NFKBIZ
,,,NFX1
,,,NFXL1
,,,NFYA
,,,NFYB
,,,NFYC
,,,NGB
,,,NGF
,,,NGFR
,,,NHLH1
,,,NHLH2
,,,NHS
,,,NHSL1
,,,NHSL2
,,,NID1
,,,NID2
,,,NINJ1
,,,NINJ2
,,,NIPAL1
,,,NIPAL4
,,,NKAIN1
,,,NKAIN3
,,,NKAIN4
,,,NKD1
,,,NKX1-2
,,,NKX2-2
,,,NKX2-8
,,,NKX3-1
,,,NKX6-1
,,,NKX6-2
,,,NKX6-3
,,,NLGN4Y
,,,NLRC5
,,,NLRP1
,,,NLRP3
,,,NMI
,,,NMRAL1
,,,NMU
,,,NMUR2
,,,NNT
,,,NOBOX
,,,NOC2L
,,,NOC3L
,,,NOD1
,,,NOL8
,,,NONO
,,,NOS1
,,,NOS3
,,,NOSTRIN
,,,NOTCH1
,,,NOTCH2
,,,NOTCH3
,,,NOTCH4
,,,NOTO
,,,NOX4
,,,NPAS2
,,,NPAS4
,,,NPC2
,,,NPDC1
,,,NPFFR2
,,,NPL
,,,NPLOC4
,,,NPNT
,,,NPSR1
,,,NPSR1-AS1
,,,NPY
,,,NPY6R
,,,NR0B1
,,,NR1D1
,,,NR1D2
,,,NR1H2
,,,NR1H3
,,,NR1H4
,,,NR1I2
,,,NR1I3
,,,NR2C1
,,,NR2C2
,,,NR2E1
,,,NR2E3
,,,NR2F1
,,,NR2F2
,,,NR2F2-AS1
,,,NR2F6
,,,NR3C1
,,,NR3C2
,,,NR4A1
,,,NR4A2
,,,NR4A3
,,,NR5A1
,,,NR5A2
,,,NR6A1
,,,NRARP
,,,NREP-AS1
,,,NRF1
,,,NRG1
,,,NRIP3
,,,NRL
,,,NRP1
,,,NRP2
,,,NSMCE1
,,,NSUN7
,,,NT5C
,,,NT5DC1
,,,NT5DC2
,,,NTM-AS1
,,,NTN1
,,,NTN4
,,,NTNG1
,,,NTNG2
,,,NUAK2
,,,NUCB1
,,,NUDT1
,,,NUF2
,,,NUP107
,,,NUP133
,,,NUP210L
,,,NUP37
,,,NUPR1
,,,NWD1
,,,NWD2
,,,NXN
,,,NXPE1
,,,NXPH1
,,,NXPH2
,,,NXPH3
,,,NYAP2
,,,OAF
,,,OARD1
,,,OAS1
,,,OAS2
,,,OAS3
,,,OCA2
,,,OCLN
,,,ODC1
,,,OGFRL1
,,,OGN
,,,OLAH
,,,OLFM3
,,,OLFML1
,,,OLFML2A
,,,OLFML2B
,,,OLFML3
,,,OLIG1
,,,OLIG2
,,,OLMALINC
,,,OLR1
,,,OMD
,,,ONECUT1
,,,ONECUT2
,,,ONECUT3
,,,OPALIN
,,,OPCML
,,,OPHN1
,,,OPLAH
,,,OPRM1
,,,OR3A2
,,,OR56A1
,,,ORAI1
,,,ORMDL2
,,,OSBPL11
,,,OSGIN2
,,,OSMR
,,,OSMR-AS1
,,,OSR1
,,,OTOGL
,,,OTP
,,,OTUD1
,,,OTUD4
,,,OTULIN
,,,OTX1
,,,OVCH1-AS1
,,,OVCH2
,,,OVOL1
,,,OVOL2
,,,OVOL3
,,,P2RX1
,,,P2RX4
,,,P2RY10
,,,P2RY12
,,,P2RY13
,,,P2RY14
,,,P2RY6
,,,P3H2
,,,P4HA1
,,,P4HA3
,,,P4HB
,,,PACRG-AS1
,,,PACRG-AS3
,,,PACSIN3
,,,PADI2
,,,PAG1
,,,PAIP2B
,,,PALD1
,,,PALLD
,,,PALMD
,,,PAM
,,,PAMR1
,,,PAPLN
,,,PAPOLG
,,,PAPPA
,,,PAPSS2
,,,PAQR4
,,,PAQR5
,,,PAQR6
,,,PARD3
,,,PARD3B
,,,PARP1
,,,PARP12
,,,PARP14
,,,PARP15
,,,PARP4
,,,PARP8
,,,PARP9
,,,PARVA
,,,PARVB
,,,PARVG
,,,PATL2
,,,PATZ1
,,,PAWR
,,,PAX2
,,,PAX3
,,,PAX5
,,,PAX6
,,,PAX7
,,,PAX8
,,,PAX8-AS1
,,,PAXIP1
,,,PAXIP1-AS2
,,,PBX1
,,,PBX2
,,,PBX3
,,,PBX4
,,,PBXIP1
,,,PCA3
,,,PCAT1
,,,PCAT19
,,,PCBD2
,,,PCBP3
,,,PCCA-AS1
,,,PCDH11X
,,,PCDH11Y
,,,PCDH15
,,,PCDH18
,,,PCDH7
,,,PCDH9-AS2
,,,PCDH9-AS3
,,,PCDH9-AS4
,,,PCED1B
,,,PCED1B-AS1
,,,PCK2
,,,PCOLCE2
,,,PCP4
,,,PCSK2
,,,PCSK5
,,,PCSK6
,,,PCSK6-AS1
,,,PCYT1B
,,,PCYT1B-AS1
,,,PDCD11
,,,PDCD1LG2
,,,PDE10A
,,,PDE1A
,,,PDE1C
,,,PDE3A
,,,PDE3B
,,,PDE6B
,,,PDE6D
,,,PDE6H
,,,PDE7B
,,,PDE9A
,,,PDGFA
,,,PDGFB
,,,PDGFC
,,,PDGFD
,,,PDGFRA
,,,PDGFRB
,,,PDHX
,,,PDIA4
,,,PDK1
,,,PDK4
,,,PDLIM1
,,,PDLIM3
,,,PDLIM5
,,,PDPN
,,,PDS5A
,,,PDZD2
,,,PDZRN3
,,,PDZRN4
,,,PEAR1
,,,PECAM1
,,,PELI1
,,,PELI2
,,,PENK
,,,PER1
,,,PERP
,,,PEX11G
,,,PEX5L-AS2
,,,PEX7
,,,PFKFB2
,,,PFKFB3
,,,PFN1
,,,PGAM2
,,,PGM5
,,,PGR
,,,PHACTR1
,,,PHACTR2
,,,PHEX
,,,PHF1
,,,PHF12
,,,PHF19
,,,PHF2
,,,PHF20
,,,PHF21A
,,,PHF21B
,,,PHF8
,,,PHGDH
,,,PHKA1
,,,PHLDA1
,,,PHLDA2
,,,PHLDA3
,,,PHLDB1
,,,PHLDB2
,,,PHTF1
,,,PHYHD1
,,,PI15
,,,PI16
,,,PI4K2B
,,,PICK1
,,,PID1
,,,PIEZO1
,,,PIEZO2
,,,PIGC
,,,PIGH
,,,PIK3AP1
,,,PIK3C3
,,,PIK3CD
,,,PIK3CD-AS2
,,,PIK3CG
,,,PIK3IP1
,,,PIK3R5
,,,PIK3R6
,,,PILRA
,,,PIM1
,,,PIM3
,,,PIP
,,,PIP4K2A
,,,PIP5K1B
,,,PIPOX
,,,PIR
,,,PITPNC1
,,,PITX1
,,,PITX3
,,,PKD1L2
,,,PKD2L2
,,,PKHD1L1
,,,PKIA-AS1
,,,PKIB
,,,PKM
,,,PKN2-AS1
,,,PKN3
,,,PKNOX1
,,,PKNOX2
,,,PKP2
,,,PLA1A
,,,PLA2G15
,,,PLA2G4A
,,,PLA2G7
,,,PLA2R1
,,,PLAC8
,,,PLAC9
,,,PLAG1
,,,PLAGL1
,,,PLAGL2
,,,PLAT
,,,PLAUR
,,,PLB1
,,,PLBD1
,,,PLBD1-AS1
,,,PLCB2
,,,PLCB4
,,,PLCG1-AS1
,,,PLCG2
,,,PLCH1
,,,PLCL1
,,,PLCXD3
,,,PLD1
,,,PLD4
,,,PLD5
,,,PLEK
,,,PLEKHA7
,,,PLEKHB1
,,,PLEKHF1
,,,PLEKHF2
,,,PLEKHG1
,,,PLEKHG2
,,,PLEKHG3
,,,PLEKHG4B
,,,PLEKHH1
,,,PLEKHH2
,,,PLEKHM1P1
,,,PLEKHO1
,,,PLET1
,,,PLG
,,,PLIN2
,,,PLIN3
,,,PLIN5
,,,PLK3
,,,PLLP
,,,PLOD1
,,,PLOD2
,,,PLP1
,,,PLPP1
,,,PLPP2
,,,PLPP3
,,,PLPP4
,,,PLPPR1
,,,PLS3
,,,PLS3-AS1
,,,PLSCR1
,,,PLSCR4
,,,PLTP
,,,PLVAP
,,,PLXDC1
,,,PLXDC2
,,,PLXNA4
,,,PLXNB3
,,,PLXND1
,,,PMEPA1
,,,PML
,,,PMP2
,,,PMP22
,,,PNP
,,,PNRC1
,,,PODN
,,,PODXL
,,,POF1B
,,,POLD2
,,,POLE3
,,,POLE4
,,,POLI
,,,POLR2A
,,,POLR2F
,,,POLR2I
,,,POLR3A
,,,POLR3G
,,,PON2
,,,PON3
,,,POSTN
,,,POT1-AS1
,,,POU1F1
,,,POU2AF1
,,,POU2F1
,,,POU2F2
,,,POU2F3
,,,POU3F1
,,,POU3F2
,,,POU3F4
,,,POU4F1
,,,POU5F1
,,,POU6F1
,,,POU6F2
,,,PPARA
,,,PPARD
,,,PPARG
,,,PPARGC1A
,,,PPFIBP1
,,,PPFIBP2
,,,PPP1CB
,,,PPP1R10
,,,PPP1R13L
,,,PPP1R14A
,,,PPP1R15A
,,,PPP1R17
,,,PPP1R18
,,,PPP1R1B
,,,PPP1R1C
,,,PPP1R36
,,,PPP1R3B
,,,PPP1R3C
,,,PPP2R3B
,,,PPP3CB-AS1
,,,PPP4R1L
,,,PPP5C
,,,PPP5D1
,,,PQBP1
,,,PRAM1
,,,PRDM1
,,,PRDM10
,,,PRDM11
,,,PRDM12
,,,PRDM14
,,,PRDM15
,,,PRDM16
,,,PRDM4
,,,PRDM5
,,,PRDM6
,,,PRDM7
,,,PRDM9
,,,PRDX1
,,,PRDX5
,,,PRELID2
,,,PRELP
,,,PREX1
,,,PREX2
,,,PRICKLE3
,,,PRIMA1
,,,PRKAA1
,,,PRKAA2
,,,PRKAG2
,,,PRKCA-AS1
,,,PRKCD
,,,PRKCH
,,,PRKCQ
,,,PRKCQ-AS1
,,,PRKG1
,,,PRKG2
,,,PRKX
,,,PRKX-AS1
,,,PRKY
,,,PRLR
,,,PRNP
,,,PROCR
,,,PROM1
,,,PROP1
,,,PROS1
,,,PROSER2
,,,PROX1
,,,PROX1-AS1
,,,PROX2
,,,PRR16
,,,PRR18
,,,PRR5
,,,PRR5L
,,,PRRG4
,,,PRRX1
,,,PRRX2
,,,PRSS23
,,,PRSS48
,,,PRTG
,,,PRX
,,,PSD2
,,,PSG8
,,,PSMA1
,,,PSMA7
,,,PSMB8
,,,PSMB9
,,,PSMC2
,,,PSMD12
,,,PSME1
,,,PSRC1
,,,PSTPIP1
,,,PSTPIP2
,,,PTAFR
,,,PTCD1
,,,PTCHD1
,,,PTCHD4
,,,PTCSC3
,,,PTER
,,,PTF1A
,,,PTGDR
,,,PTGFR
,,,PTGS1
,,,PTGS2
,,,PTH1R
,,,PTMA
,,,PTN
,,,PTP4A3
,,,PTPN14
,,,PTPN22
,,,PTPN6
,,,PTPN7
,,,PTPRB
,,,PTPRC
,,,PTPRE
,,,PTPRG
,,,PTPRM
,,,PTPRO
,,,PTPRT
,,,PTPRZ1
,,,PUM3
,,,PURA
,,,PURG
,,,PWRN1
,,,PXDC1
,,,PXDN
,,,PXDNL
,,,PXK
,,,PXN
,,,PXT1
,,,PYGL
,,,PYGM
,,,PYHIN1
,,,PZP
,,,QDPR
,,,QRFPR
,,,R3HDM2
,,,RAB11B-AS1
,,,RAB14
,,,RAB18
,,,RAB20
,,,RAB27A
,,,RAB2A
,,,RAB31
,,,RAB32
,,,RAB33A
,,,RAB34
,,,RAB38
,,,RAB39A
,,,RAB3C
,,,RAB3IL1
,,,RAB3IP
,,,RAB6C-AS1
,,,RAB7A
,,,RAB7B
,,,RAB9A
,,,RAD21
,,,RAD51B
,,,RAI14
,,,RALYL
,,,RAMP2
,,,RAMP3
,,,RAN
,,,RANBP17
,,,RANBP3L
,,,RAP2C-AS1
,,,RAPGEF1
,,,RARA
,,,RARB
,,,RARG
,,,RARRES1
,,,RASAL1
,,,RASAL3
,,,RASD1
,,,RASGEF1B
,,,RASGEF1C
,,,RASGRP3
,,,RASIP1
,,,RASL12
,,,RASSF1
,,,RASSF2
,,,RASSF3
,,,RASSF8
,,,RAX2
,,,RB1
,,,RBBP5
,,,RBBP9
,,,RBFOX2
,,,RBFOX3
,,,RBM17
,,,RBM20
,,,RBM22
,,,RBM3
,,,RBM42
,,,RBM47
,,,RBM7
,,,RBM8A
,,,RBMS1
,,,RBMS2
,,,RBMS3
,,,RBMS3-AS3
,,,RBP1
,,,RBP7
,,,RBPJ
,,,RBPJL
,,,RBPMS
,,,RBPMS2
,,,RCAN3
,,,RCAN3AS
,,,RCBTB2
,,,RCC2
,,,RCN3
,,,RCOR1
,,,RCSD1
,,,RDH10
,,,RDH10-AS1
,,,REEP4
,,,REL
,,,RELA
,,,RELB
,,,RELL1
,,,RELN
,,,RENBP
,,,RERG
,,,RERGL
,,,REST
,,,RFC2
,,,RFC3
,,,RFFL
,,,RFTN2
,,,RFWD3
,,,RFX1
,,,RFX2
,,,RFX3
,,,RFX4
,,,RFX5
,,,RFX6
,,,RFX7
,,,RFX8
,,,RFXANK
,,,RFXAP
,,,RGCC
,,,RGL3
,,,RGMA
,,,RGR
,,,RGS1
,,,RGS10
,,,RGS12
,,,RGS16
,,,RGS18
,,,RGS19
,,,RGS2
,,,RGS20
,,,RGS22
,,,RGS3
,,,RGS5
,,,RGS6
,,,RGS9
,,,RHBDF2
,,,RHD
,,,RHOBTB1
,,,RHOBTB3
,,,RHOC
,,,RHOG
,,,RHOH
,,,RHOJ
,,,RHOU
,,,RHOXF1
,,,RHOXF2
,,,RHPN2
,,,RILPL2
,,,RIMKLB
,,,RIN2
,,,RIN3
,,,RIOK2
,,,RIPK2
,,,RIT2
,,,RLF
,,,RMDN2-AS1
,,,RMST
,,,RNASE1
,,,RNASEH2B-AS1
,,,RNASEH2C
,,,RNASET2
,,,RND3
,,,RNF114
,,,RNF122
,,,RNF135
,,,RNF138
,,,RNF144B
,,,RNF152
,,,RNF166
,,,RNF182
,,,RNF19A
,,,RNF212B
,,,RNF217-AS1
,,,RNF220
,,,RNH1
,,,ROBO1
,,,ROBO2
,,,ROBO3
,,,ROBO4
,,,ROM1
,,,ROMO1
,,,ROR1
,,,ROR1-AS1
,,,ROR2
,,,RORA
,,,RORA-AS1
,,,RORB
,,,RORC
,,,RP1
,,,RP2
,,,RPGR
,,,RPL10A
,,,RPL12
,,,RPL18A
,,,RPL19
,,,RPL22L1
,,,RPL23
,,,RPL23A
,,,RPL29
,,,RPL35
,,,RPL35A
,,,RPL36A-HNRNPH2
,,,RPL41
,,,RPL6
,,,RPL8
,,,RPLP0
,,,RPLP1
,,,RPP25
,,,RPS10P7
,,,RPS11
,,,RPS12
,,,RPS13
,,,RPS16
,,,RPS2
,,,RPS20
,,,RPS21
,,,RPS23
,,,RPS25
,,,RPS27
,,,RPS27L
,,,RPS28
,,,RPS3A
,,,RPS4X
,,,RPS5
,,,RPS6KA1
,,,RPS6KA5
,,,RPS7
,,,RRAD
,,,RRAS
,,,RREB1
,,,RSPO2
,,,RTKN
,,,RTTN
,,,RUFY3
,,,RUNDC3B
,,,RUNX1
,,,RUNX2
,,,RUNX3
,,,RUVBL1
,,,RXFP1
,,,RXRA
,,,RXRB
,,,RXRG
,,,RYBP
,,,RYR1
,,,RYR2
,,,RYR3
,,,S100A1
,,,S100A10
,,,S100A11
,,,S100A13
,,,S100A16
,,,S100A6
,,,S100B
,,,S100Z
,,,S1PR1
,,,S1PR3
,,,S1PR5
,,,SALL1
,,,SALL2
,,,SALL3
,,,SALL4
,,,SAMD11
,,,SAMD12-AS1
,,,SAMD13
,,,SAMD3
,,,SAMD4A
,,,SAMD5
,,,SAMD9
,,,SAMD9L
,,,SAMHD1
,,,SAMMSON
,,,SAMSN1
,,,SAP30L-AS1
,,,SASH3
,,,SAT1
,,,SATB1
,,,SATB1-AS1
,,,SATB2
,,,SAV1
,,,SAXO1
,,,SBNO2
,,,SCAMP2
,,,SCAND1
,,,SCAND2P
,,,SCARA3
,,,SCARA5
,,,SCARB1
,,,SCARF1
,,,SCD
,,,SCEL
,,,SCG2
,,,SCHLAP1
,,,SCIN
,,,SCMH1
,,,SCML1
,,,SCML4
,,,SCN11A
,,,SCN9A
,,,SCO2
,,,SCOC-AS1
,,,SCRT1
,,,SCX
,,,SDC2
,,,SDC3
,,,SDC4
,,,SDCBP
,,,SDF2L1
,,,SDK1
,,,SDK2
,,,SDS
,,,SEC14L1
,,,SEC24D
,,,SELE
,,,SELENBP1
,,,SELL
,,,SELPLG
,,,SEMA3A
,,,SEMA3B
,,,SEMA3C
,,,SEMA3D
,,,SEMA3E
,,,SEMA3F
,,,SEMA4A
,,,SEMA4C
,,,SEMA4D
,,,SEMA5A
,,,SEMA6A
,,,SEMA6A-AS1
,,,SEMA6D
,,,SEPSECS
,,,SERF2
,,,SERPINB1
,,,SERPINB9
,,,SERPINB9P1
,,,SERPINE1
,,,SERPINE2
,,,SERPINH1
,,,SERPINI2
,,,SERTAD1
,,,SERTAD4-AS1
,,,SETBP1
,,,SETDB1
,,,SEZ6L
,,,SF1
,,,SF3B1
,,,SF3B5
,,,SFMBT2
,,,SFPQ
,,,SFRP1
,,,SFRP2
,,,SFRP4
,,,SFT2D1
,,,SFT2D2
,,,SFTPC
,,,SFXN5
,,,SGCD
,,,SGCG
,,,SGCZ
,,,SGK1
,,,SGK2
,,,SGK3
,,,SGMS2
,,,SGO1
,,,SGO2
,,,SGPP2
,,,SH2B3
,,,SH2D4A
,,,SH3BGRL3
,,,SH3BP2
,,,SH3BP4
,,,SH3GL2
,,,SH3RF1
,,,SH3RF3
,,,SH3TC1
,,,SH3TC2
,,,SHC4
,,,SHE
,,,SHISA6
,,,SHISA9
,,,SHMT1
,,,SHOX
,,,SHQ1
,,,SHROOM1
,,,SHROOM2
,,,SHROOM3
,,,SHROOM4
,,,SIGIRR
,,,SIGLEC1
,,,SIGLEC10
,,,SIGLEC8
,,,SIGLEC9
,,,SIM1
,,,SIM2
,,,SIN3A
,,,SIPA1
,,,SIPA1L2
,,,SIRPB2
,,,SIRT6
,,,SIX1
,,,SIX3
,,,SIX4
,,,SIX5
,,,SKA2
,,,SKAP1
,,,SKAP2
,,,SKI
,,,SKINT1L
,,,SKOR1
,,,SKOR2
,,,SLA
,,,SLAIN1
,,,SLC11A1
,,,SLC12A2
,,,SLC12A4
,,,SLC12A7
,,,SLC12A9
,,,SLC13A4
,,,SLC13A5
,,,SLC14A1
,,,SLC15A2
,,,SLC15A3
,,,SLC16A1
,,,SLC16A10
,,,SLC16A12
,,,SLC16A3
,,,SLC16A6
,,,SLC16A8
,,,SLC16A9
,,,SLC17A9
,,,SLC18A1
,,,SLC19A1
,,,SLC19A3
,,,SLC1A1
,,,SLC1A2
,,,SLC1A3
,,,SLC1A5
,,,SLC22A2
,,,SLC22A24
,,,SLC22A25
,,,SLC22A3
,,,SLC24A3
,,,SLC25A13
,,,SLC25A18
,,,SLC25A19
,,,SLC25A21
,,,SLC25A33
,,,SLC25A37
,,,SLC25A48
,,,SLC26A2
,,,SLC26A5
,,,SLC26A7
,,,SLC26A9
,,,SLC27A6
,,,SLC28A1
,,,SLC29A3
,,,SLC2A1
,,,SLC2A12
,,,SLC2A2
,,,SLC2A3
,,,SLC2A5
,,,SLC2A9
,,,SLC30A1
,,,SLC30A10
,,,SLC30A8
,,,SLC31A2
,,,SLC35D2
,,,SLC35F1
,,,SLC35F2
,,,SLC35F3
,,,SLC35F4
,,,SLC37A2
,,,SLC38A1
,,,SLC38A11
,,,SLC38A2
,,,SLC38A3
,,,SLC38A4
,,,SLC38A5
,,,SLC39A10
,,,SLC39A12
,,,SLC39A8
,,,SLC40A1
,,,SLC44A1
,,,SLC44A3
,,,SLC44A5
,,,SLC45A3
,,,SLC47A1
,,,SLC4A2
,,,SLC4A4
,,,SLC4A7
,,,SLC5A11
,,,SLC5A6
,,,SLC5A9
,,,SLC6A1
,,,SLC6A1-AS1
,,,SLC6A11
,,,SLC6A12
,,,SLC6A13
,,,SLC6A20
,,,SLC6A6
,,,SLC6A8
,,,SLC6A9
,,,SLC7A1
,,,SLC7A10
,,,SLC7A11
,,,SLC7A11-AS1
,,,SLC7A14
,,,SLC7A2
,,,SLC7A5
,,,SLC7A7
,,,SLC8A1
,,,SLC8A1-AS1
,,,SLC8B1
,,,SLC9A2
,,,SLC9A3R1
,,,SLC9A3R2
,,,SLC9A9
,,,SLC9A9-AS1
,,,SLC9B1
,,,SLC9C1
,,,SLCO1A2
,,,SLCO1B1
,,,SLCO1C1
,,,SLCO2B1
,,,SLCO4A1
,,,SLCO5A1
,,,SLFN11
,,,SLFN12
,,,SLFN12L
,,,SLFN5
,,,SLIT2
,,,SLIT3
,,,SMAD1
,,,SMAD2
,,,SMAD3
,,,SMAD4
,,,SMAD5
,,,SMAD6
,,,SMAD7
,,,SMAD9
,,,SMAP2
,,,SMARCA1
,,,SMARCA5
,,,SMARCC1
,,,SMC1B
,,,SMC3
,,,SMC4
,,,SMCO4
,,,SMG1P3
,,,SMIM3
,,,SMIM4
,,,SMIM5
,,,SMOC1
,,,SMOC2
,,,SMOX
,,,SMPX
,,,SMTN
,,,SMUG1
,,,SNAI1
,,,SNAI2
,,,SNAI3
,,,SNAP25-AS1
,,,SNAPC4
,,,SNAPC5
,,,SNCAIP
,,,SND1
,,,SNED1
,,,SNHG18
,,,SNHG8
,,,SNORD13
,,,SNRNP70
,,,SNRPB2
,,,SNTA1
,,,SNTB1
,,,SNTG1
,,,SNTG2
,,,SNX18
,,,SNX22
,,,SOAT1
,,,SOCS3
,,,SOCS4
,,,SOCS6
,,,SOD1
,,,SOHLH2
,,,SORBS1
,,,SORBS2
,,,SORBS3
,,,SORCS1
,,,SORCS2
,,,SORCS3
,,,SORL1
,,,SOX10
,,,SOX11
,,,SOX12
,,,SOX13
,,,SOX15
,,,SOX17
,,,SOX18
,,,SOX21
,,,SOX21-AS1
,,,SOX3
,,,SOX30
,,,SOX4
,,,SOX5
,,,SOX6
,,,SOX7
,,,SOX8
,,,SOX9
,,,SP1
,,,SP100
,,,SP110
,,,SP140
,,,SP140L
,,,SP2
,,,SP2-AS1
,,,SP3
,,,SP4
,,,SP5
,,,SP6
,,,SP7
,,,SP8
,,,SP9
,,,SPACA5
,,,SPAG7
,,,SPANXA2-OT1
,,,SPARC
,,,SPATA1
,,,SPATA12
,,,SPATA22
,,,SPATA3-AS1
,,,SPATA45
,,,SPATA9
,,,SPATC1
,,,SPATS2
,,,SPC25
,,,SPDEF
,,,SPHK1
,,,SPHKAP
,,,SPI1
,,,SPIB
,,,SPIC
,,,SPINK13
,,,SPINK5
,,,SPINT2
,,,SPNS3
,,,SPON1
,,,SPP1
,,,SPR
,,,SPRY4
,,,SPSB1
,,,SPSB4
,,,SPTLC2
,,,SPTLC3
,,,SRBD1
,,,SRD5A3-AS1
,,,SREBF1
,,,SREBF2
,,,SRF
,,,SRGAP1
,,,SRGAP2
,,,SRGAP2-AS1
,,,SRGAP2B
,,,SRGAP2C
,,,SRGN
,,,SRL
,,,SRP9
,,,SRPRB
,,,SRPX
,,,SRPX2
,,,SRRM3
,,,SSBP3
,,,SSNA1
,,,SSPN
,,,SSR4
,,,SSRP1
,,,SST
,,,ST18
,,,ST3GAL5-AS1
,,,ST3GAL6-AS1
,,,ST6GAL1
,,,ST6GALNAC1
,,,ST6GALNAC3
,,,ST6GALNAC5
,,,ST8SIA4
,,,ST8SIA6
,,,ST8SIA6-AS1
,,,STAB1
,,,STAC
,,,STARD13-AS
,,,STARD8
,,,STAT1
,,,STAT2
,,,STAT3
,,,STAT4
,,,STAT5A
,,,STAT5B
,,,STAT6
,,,STAU2
,,,STEAP1B
,,,STEAP3
,,,STEAP4
,,,STK10
,,,STK17B
,,,STK26
,,,STK31
,,,STK32A
,,,STK32B
,,,STK33
,,,STK40
,,,STOM
,,,STON2
,,,STOX1
,,,STPG2-AS1
,,,STUB1
,,,STX11
,,,STX17-AS1
,,,STX19
,,,STX4
,,,STXBP5-AS1
,,,STXBP6
,,,SUCLG1
,,,SUCLG2
,,,SUCLG2-AS1
,,,SUGCT
,,,SULF1
,,,SULF2
,,,SULT1C2
,,,SULT1C4
,,,SUN2
,,,SUSD3
,,,SUSD6
,,,SV2B
,,,SV2C
,,,SVEP1
,,,SVIL
,,,SWAP70
,,,SYAP1
,,,SYCE2
,,,SYK
,,,SYN3
,,,SYNDIG1
,,,SYNE2
,,,SYNGR2
,,,SYNJ2
,,,SYNM
,,,SYNPO2
,,,SYNPR
,,,SYNPR-AS1
,,,SYPL1
,,,SYS1-DBNDD2
,,,SYT1
,,,SYT17
,,,SYT2
,,,SYT6
,,,SYTL3
,,,SYTL4
,,,TAC1
,,,TAC3
,,,TACC1
,,,TACR1
,,,TACR3
,,,TAF1
,,,TAF1A
,,,TAF1L
,,,TAF6
,,,TAF7
,,,TAGAP
,,,TAGLN
,,,TAGLN2
,,,TAL1
,,,TAL2
,,,TANC1
,,,TAP1
,,,TARID
,,,TAS1R1
,,,TBC1D12
,,,TBC1D14
,,,TBC1D16
,,,TBC1D2
,,,TBC1D4
,,,TBC1D8B
,,,TBL1X
,,,TBL1XR1
,,,TBL1Y
,,,TBP
,,,TBPL1
,,,TBPL2
,,,TBR1
,,,TBX1
,,,TBX10
,,,TBX15
,,,TBX18
,,,TBX19
,,,TBX2
,,,TBX20
,,,TBX21
,,,TBX22
,,,TBX3
,,,TBX5
,,,TBX6
,,,TBXAS1
,,,TC2N
,,,TCEAL2
,,,TCEAL3
,,,TCEAL6
,,,TCERG1L
,,,TCF12
,,,TCF15
,,,TCF23
,,,TCF24
,,,TCF3
,,,TCF4
,,,TCF4-AS1
,,,TCF7
,,,TCF7L1
,,,TCF7L2
,,,TCFL5
,,,TCIRG1
,,,TCN2
,,,TDRD10
,,,TEAD1
,,,TEAD2
,,,TEAD3
,,,TEAD4
,,,TEC
,,,TEF
,,,TEK
,,,TENM1
,,,TENM2
,,,TENM3
,,,TENM4
,,,TEP1
,,,TERF1
,,,TERF2
,,,TES
,,,TESC
,,,TET1
,,,TEX14
,,,TEX21P
,,,TEX41
,,,TF
,,,TFAM
,,,TFAP2A
,,,TFAP2C
,,,TFAP2D
,,,TFAP2E
,,,TFAP4
,,,TFCP2
,,,TFCP2L1
,,,TFDP1
,,,TFDP2
,,,TFE3
,,,TFEB
,,,TFEC
,,,TFPI
,,,TFRC
,,,TG
,,,TGFA
,,,TGFB1
,,,TGFB2
,,,TGFBI
,,,TGFBR1
,,,TGFBR2
,,,TGFBR3
,,,TGIF1
,,,TGM2
,,,THAP1
,,,THAP11
,,,THAP12
,,,THAP9
,,,THBS1
,,,THBS2
,,,THBS4
,,,THEMIS
,,,THEMIS2
,,,THOC2
,,,THRA
,,,THRB
,,,THSD4
,,,THSD4-AS1
,,,THSD7A
,,,THSD7B
,,,TIA1
,,,TIE1
,,,TIFA
,,,TIGD1
,,,TIGD2
,,,TIGD3
,,,TIGD4
,,,TIGD6
,,,TIGD7
,,,TIMD4
,,,TIMELESS
,,,TIMM44
,,,TIMM8A
,,,TIMP1
,,,TIMP3
,,,TINAGL1
,,,TIPARP
,,,TK1
,,,TKTL1
,,,TLDC2
,,,TLE1
,,,TLE3
,,,TLL1
,,,TLL2
,,,TLN1
,,,TLR1
,,,TLR10
,,,TLR2
,,,TLR3
,,,TLR5
,,,TLR7
,,,TLX2
,,,TM4SF1
,,,TM4SF18
,,,TM6SF1
,,,TMBIM1
,,,TMC1
,,,TMC6
,,,TMC8
,,,TMCC2
,,,TMCC3
,,,TMCO4
,,,TMCO5A
,,,TMED11P
,,,TMED3
,,,TMEM106A
,,,TMEM119
,,,TMEM123
,,,TMEM125
,,,TMEM132C
,,,TMEM132D
,,,TMEM139
,,,TMEM140
,,,TMEM144
,,,TMEM151A
,,,TMEM154
,,,TMEM156
,,,TMEM163
,,,TMEM164
,,,TMEM165
,,,TMEM171
,,,TMEM176B
,,,TMEM182
,,,TMEM196
,,,TMEM204
,,,TMEM220
,,,TMEM235
,,,TMEM236
,,,TMEM241
,,,TMEM246-AS1
,,,TMEM255A
,,,TMEM255B
,,,TMEM258
,,,TMEM26
,,,TMEM33
,,,TMEM45A
,,,TMEM45B
,,,TMEM51
,,,TMEM63A
,,,TMEM71
,,,TMEM87B
,,,TMEM88B
,,,TMEM98
,,,TMIGD3
,,,TMLHE-AS1
,,,TMPRSS12
,,,TMPRSS5
,,,TMSB10
,,,TMSB4X
,,,TMTC1
,,,TMTC2
,,,TMTC4
,,,TNC
,,,TNFAIP2
,,,TNFAIP3
,,,TNFAIP6
,,,TNFAIP8
,,,TNFRSF10A
,,,TNFRSF10B
,,,TNFRSF10D
,,,TNFRSF11A
,,,TNFRSF11B
,,,TNFRSF13C
,,,TNFRSF19
,,,TNFRSF1A
,,,TNFRSF1B
,,,TNFSF10
,,,TNFSF13B
,,,TNFSF8
,,,TNIP2
,,,TNR
,,,TNS1
,,,TNS2
,,,TNS3
,,,TOB1
,,,TOB2
,,,TONSL
,,,TOX
,,,TOX2
,,,TOX3
,,,TP53
,,,TP53INP1
,,,TP53TG5
,,,TP63
,,,TP73
,,,TPD52L1
,,,TPI1
,,,TPM1
,,,TPM2
,,,TPO
,,,TPPP
,,,TPPP3
,,,TPRG1
,,,TPRN
,,,TPT1
,,,TPTE2
,,,TPTE2P6
,,,TPTEP1
,,,TRABD2B
,,,TRADD
,,,TRAF1
,,,TRAF3IP3
,,,TRAF4
,,,TRDN
,,,TREH
,,,TREM2
,,,TRG-AS1
,,,TRHDE
,,,TRIB1
,,,TRIB2
,,,TRIB3
,,,TRIM21
,,,TRIM22
,,,TRIM28
,,,TRIM38
,,,TRIM47
,,,TRIM5
,,,TRIM56
,,,TRIM59
,,,TRIM62
,,,TRIM69
,,,TRIOBP
,,,TRIP10
,,,TRIP6
,,,TRMO
,,,TRMT1
,,,TRMT10A
,,,TRPC3
,,,TRPC4
,,,TRPC6
,,,TRPM1
,,,TRPM3
,,,TRPM6
,,,TRPS1
,,,TRPV4
,,,TRPV5
,,,TSC22D3
,,,TSC22D4
,,,TSHR
,,,TSHZ2
,,,TSIX
,,,TSN
,,,TSNAX-DISC1
,,,TSPAN12
,,,TSPAN14
,,,TSPAN18
,,,TSPAN8
,,,TSPO
,,,TST
,,,TTC23
,,,TTC23L
,,,TTC29
,,,TTC38
,,,TTC6
,,,TTC7A
,,,TTF1
,,,TTF2
,,,TTLL4
,,,TTLL9
,,,TTN
,,,TTPA
,,,TTTY10
,,,TTTY14
,,,TTYH2
,,,TUBA1A
,,,TUBA1C
,,,TUBB2B
,,,TUBB6
,,,TULP1
,,,TWIST1
,,,TWIST2
,,,TXK
,,,TXLNGY
,,,TXNIP
,,,TXNL4B
,,,TYMP
,,,TYMS
,,,TYMSOS
,,,TYR
,,,TYROBP
,,,TYRP1
,,,U2AF1
,,,UACA
,,,UAP1
,,,UBA52
,,,UBA7
,,,UBASH3B
,,,UBB
,,,UBC
,,,UBE2K
,,,UBE2U
,,,UBL5
,,,UBL7-AS1
,,,UBOX5-AS1
,,,UBP1
,,,UBTD1
,,,UBTF
,,,UBXN1
,,,UCP2
,,,UEVLD
,,,UGP2
,,,UGT8
,,,UHRF1
,,,UNC13C
,,,UNC13D
,,,UNC5D
,,,UNC93B1
,,,UPB1
,,,UQCRB
,,,UQCRBP1
,,,UQCRQ
,,,URM1
,,,USF1
,,,USF2
,,,USH1C
,,,USP12-AS1
,,,USP13
,,,USP39
,,,USP53
,,,USP6NL
,,,USPL1
,,,UST
,,,UTP14A
,,,UTP18
,,,UTRN
,,,UTY
,,,VAMP3
,,,VAMP5
,,,VAMP8
,,,VASH1
,,,VASP
,,,VAV1
,,,VAX1
,,,VAX2
,,,VCAM1
,,,VCAN
,,,VCL
,,,VDR
,,,VEGFA
,,,VEGFC
,,,VENTX
,,,VEZF1
,,,VGF
,,,VGLL3
,,,VIM
,,,VIP
,,,VIPR2
,,,VIT
,,,VPS4B
,,,VPS72
,,,VRK2
,,,VSIG4
,,,VSTM4
,,,VSX1
,,,VSX2
,,,VWA1
,,,VWA2
,,,VWA3B
,,,VWC2
,,,VWC2L
,,,VWF
,,,WARS2
,,,WAS
,,,WDFY4
,,,WDR31
,,,WDR49
,,,WDR64
,,,WDR83
,,,WDR86
,,,WDR88
,,,WEE1
,,,WHRN
,,,WIF1
,,,WIPF1
,,,WIPI1
,,,WLS
,,,WNT2B
,,,WNT5A
,,,WNT5B
,,,WRNIP1
,,,WSCD1
,,,WT1
,,,WWC1
,,,WWTR1
,,,XACT
,,,XAF1
,,,XBP1
,,,XG
,,,XKR4
,,,XPA
,,,XRCC1
,,,XRCC4
,,,XXYLT1-AS2
,,,XYLT1
,,,YAP1
,,,YBX1
,,,YBX3
,,,YEATS4
,,,YES1
,,,YOD1
,,,YWHAE
,,,YWHAZ
,,,YY1
,,,ZBBX
,,,ZBED5
,,,ZBTB1
,,,ZBTB10
,,,ZBTB11
,,,ZBTB12
,,,ZBTB14
,,,ZBTB16
,,,ZBTB17
,,,ZBTB18
,,,ZBTB2
,,,ZBTB20
,,,ZBTB20-AS1
,,,ZBTB20-AS3
,,,ZBTB20-AS4
,,,ZBTB21
,,,ZBTB22
,,,ZBTB24
,,,ZBTB25
,,,ZBTB26
,,,ZBTB3
,,,ZBTB32
,,,ZBTB33
,,,ZBTB34
,,,ZBTB37
,,,ZBTB38
,,,ZBTB39
,,,ZBTB4
,,,ZBTB40
,,,ZBTB41
,,,ZBTB42
,,,ZBTB43
,,,ZBTB44
,,,ZBTB45
,,,ZBTB46
,,,ZBTB47
,,,ZBTB48
,,,ZBTB49
,,,ZBTB5
,,,ZBTB6
,,,ZBTB7A
,,,ZBTB7B
,,,ZBTB7C
,,,ZBTB8A
,,,ZC3H7A
,,,ZC3HAV1
,,,ZCCHC14
,,,ZCCHC17
,,,ZCCHC24
,,,ZCWPW1
,,,ZDHHC15
,,,ZDHHC20
,,,ZDHHC24
,,,ZDHHC5
,,,ZDHHC9
,,,ZEB1
,,,ZEB1-AS1
,,,ZEB2
,,,ZEB2-AS1
,,,ZFAND2A
,,,ZFAND4
,,,ZFAND6
,,,ZFHX2
,,,ZFHX3
,,,ZFHX4-AS1
,,,ZFP1
,,,ZFP14
,,,ZFP2
,,,ZFP28
,,,ZFP3
,,,ZFP30
,,,ZFP36
,,,ZFP36L1
,,,ZFP36L2
,,,ZFP37
,,,ZFP41
,,,ZFP42
,,,ZFP57
,,,ZFP62
,,,ZFP64
,,,ZFP69
,,,ZFP69B
,,,ZFP82
,,,ZFP90
,,,ZFP91-CNTF
,,,ZFP92
,,,ZFPM1
,,,ZFPM2
,,,ZFPM2-AS1
,,,ZFX
,,,ZFY
,,,ZGPAT
,,,ZGRF1
,,,ZHX1
,,,ZHX2
,,,ZHX3
,,,ZIC1
,,,ZIC2
,,,ZIC3
,,,ZIC4
,,,ZIC5
,,,ZIK1
,,,ZIM2
,,,ZIM3
,,,ZKSCAN1
,,,ZKSCAN2
,,,ZKSCAN3
,,,ZKSCAN4
,,,ZKSCAN5
,,,ZKSCAN7
,,,ZKSCAN8
,,,ZMAT2
,,,ZMAT4
,,,ZNF10
,,,ZNF100
,,,ZNF101
,,,ZNF107
,,,ZNF112
,,,ZNF114
,,,ZNF117
,,,ZNF12
,,,ZNF121
,,,ZNF124
,,,ZNF131
,,,ZNF132
,,,ZNF133
,,,ZNF134
,,,ZNF135
,,,ZNF136
,,,ZNF138
,,,ZNF14
,,,ZNF140
,,,ZNF141
,,,ZNF142
,,,ZNF143
,,,ZNF146
,,,ZNF148
,,,ZNF154
,,,ZNF155
,,,ZNF157
,,,ZNF16
,,,ZNF160
,,,ZNF165
,,,ZNF169
,,,ZNF175
,,,ZNF18
,,,ZNF180
,,,ZNF181
,,,ZNF182
,,,ZNF184
,,,ZNF189
,,,ZNF19
,,,ZNF195
,,,ZNF197
,,,ZNF2
,,,ZNF20
,,,ZNF200
,,,ZNF202
,,,ZNF205
,,,ZNF207
,,,ZNF208
,,,ZNF211
,,,ZNF212
,,,ZNF213
,,,ZNF214
,,,ZNF215
,,,ZNF217
,,,ZNF219
,,,ZNF22
,,,ZNF224
,,,ZNF225
,,,ZNF226
,,,ZNF227
,,,ZNF230
,,,ZNF232
,,,ZNF233
,,,ZNF234
,,,ZNF235
,,,ZNF236
,,,ZNF239
,,,ZNF24
,,,ZNF248
,,,ZNF25
,,,ZNF250
,,,ZNF251
,,,ZNF253
,,,ZNF254
,,,ZNF256
,,,ZNF257
,,,ZNF26
,,,ZNF260
,,,ZNF263
,,,ZNF264
,,,ZNF266
,,,ZNF267
,,,ZNF273
,,,ZNF274
,,,ZNF275
,,,ZNF276
,,,ZNF28
,,,ZNF280A
,,,ZNF280B
,,,ZNF280D
,,,ZNF281
,,,ZNF282
,,,ZNF283
,,,ZNF284
,,,ZNF286B
,,,ZNF287
,,,ZNF296
,,,ZNF3
,,,ZNF30
,,,ZNF300
,,,ZNF300P1
,,,ZNF302
,,,ZNF304
,,,ZNF311
,,,ZNF316
,,,ZNF317
,,,ZNF319
,,,ZNF32
,,,ZNF320
,,,ZNF322
,,,ZNF324
,,,ZNF324B
,,,ZNF326
,,,ZNF329
,,,ZNF331
,,,ZNF333
,,,ZNF334
,,,ZNF335
,,,ZNF337
,,,ZNF33A
,,,ZNF33B
,,,ZNF34
,,,ZNF341
,,,ZNF343
,,,ZNF345
,,,ZNF35
,,,ZNF350
,,,ZNF354A
,,,ZNF354B
,,,ZNF354C
,,,ZNF358
,,,ZNF362
,,,ZNF366
,,,ZNF367
,,,ZNF382
,,,ZNF383
,,,ZNF384
,,,ZNF385A
,,,ZNF385B
,,,ZNF385D
,,,ZNF385D-AS2
,,,ZNF391
,,,ZNF394
,,,ZNF396
,,,ZNF397
,,,ZNF398
,,,ZNF404
,,,ZNF407
,,,ZNF408
,,,ZNF41
,,,ZNF410
,,,ZNF414
,,,ZNF415
,,,ZNF416
,,,ZNF418
,,,ZNF420
,,,ZNF423
,,,ZNF425
,,,ZNF426
,,,ZNF429
,,,ZNF43
,,,ZNF430
,,,ZNF431
,,,ZNF432
,,,ZNF433
,,,ZNF436
,,,ZNF438
,,,ZNF439
,,,ZNF44
,,,ZNF440
,,,ZNF441
,,,ZNF442
,,,ZNF444
,,,ZNF445
,,,ZNF449
,,,ZNF45
,,,ZNF451
,,,ZNF454
,,,ZNF460
,,,ZNF461
,,,ZNF462
,,,ZNF467
,,,ZNF470
,,,ZNF471
,,,ZNF479
,,,ZNF48
,,,ZNF480
,,,ZNF483
,,,ZNF484
,,,ZNF485
,,,ZNF486
,,,ZNF487
,,,ZNF488
,,,ZNF490
,,,ZNF491
,,,ZNF492
,,,ZNF493
,,,ZNF496
,,,ZNF500
,,,ZNF501
,,,ZNF502
,,,ZNF507
,,,ZNF510
,,,ZNF513
,,,ZNF514
,,,ZNF516
,,,ZNF517
,,,ZNF518A
,,,ZNF519
,,,ZNF521
,,,ZNF524
,,,ZNF525
,,,ZNF526
,,,ZNF527
,,,ZNF528
,,,ZNF528-AS1
,,,ZNF529
,,,ZNF530
,,,ZNF532
,,,ZNF534
,,,ZNF536
,,,ZNF540
,,,ZNF541
,,,ZNF542P
,,,ZNF543
,,,ZNF546
,,,ZNF549
,,,ZNF550
,,,ZNF552
,,,ZNF554
,,,ZNF555
,,,ZNF556
,,,ZNF557
,,,ZNF558
,,,ZNF560
,,,ZNF561
,,,ZNF562
,,,ZNF563
,,,ZNF565
,,,ZNF566
,,,ZNF567
,,,ZNF568
,,,ZNF569
,,,ZNF57
,,,ZNF570
,,,ZNF571
,,,ZNF572
,,,ZNF573
,,,ZNF574
,,,ZNF575
,,,ZNF577
,,,ZNF578
,,,ZNF579
,,,ZNF580
,,,ZNF582
,,,ZNF583
,,,ZNF584
,,,ZNF585B
,,,ZNF586
,,,ZNF587
,,,ZNF589
,,,ZNF592
,,,ZNF594
,,,ZNF595
,,,ZNF596
,,,ZNF597
,,,ZNF598
,,,ZNF599
,,,ZNF600
,,,ZNF606
,,,ZNF607
,,,ZNF610
,,,ZNF611
,,,ZNF613
,,,ZNF614
,,,ZNF615
,,,ZNF616
,,,ZNF618
,,,ZNF620
,,,ZNF621
,,,ZNF622
,,,ZNF623
,,,ZNF624
,,,ZNF627
,,,ZNF628
,,,ZNF629
,,,ZNF630
,,,ZNF639
,,,ZNF641
,,,ZNF644
,,,ZNF646
,,,ZNF648
,,,ZNF649
,,,ZNF652
,,,ZNF654
,,,ZNF658
,,,ZNF658B
,,,ZNF66
,,,ZNF663P
,,,ZNF664
,,,ZNF665
,,,ZNF667
,,,ZNF668
,,,ZNF669
,,,ZNF671
,,,ZNF672
,,,ZNF674
,,,ZNF675
,,,ZNF676
,,,ZNF677
,,,ZNF678
,,,ZNF679
,,,ZNF680
,,,ZNF681
,,,ZNF682
,,,ZNF683
,,,ZNF684
,,,ZNF687
,,,ZNF688
,,,ZNF689
,,,ZNF69
,,,ZNF691
,,,ZNF692
,,,ZNF696
,,,ZNF697
,,,ZNF699
,,,ZNF7
,,,ZNF70
,,,ZNF701
,,,ZNF702P
,,,ZNF704
,,,ZNF705G
,,,ZNF706
,,,ZNF707
,,,ZNF708
,,,ZNF710
,,,ZNF711
,,,ZNF714
,,,ZNF716
,,,ZNF717
,,,ZNF718
,,,ZNF720
,,,ZNF721
,,,ZNF726
,,,ZNF728
,,,ZNF729
,,,ZNF730
,,,ZNF732
,,,ZNF735
,,,ZNF736
,,,ZNF737
,,,ZNF738
,,,ZNF74
,,,ZNF740
,,,ZNF746
,,,ZNF749
,,,ZNF75A
,,,ZNF75D
,,,ZNF76
,,,ZNF761
,,,ZNF763
,,,ZNF764
,,,ZNF765
,,,ZNF766
,,,ZNF768
,,,ZNF77
,,,ZNF770
,,,ZNF771
,,,ZNF773
,,,ZNF774
,,,ZNF775
,,,ZNF776
,,,ZNF777
,,,ZNF778
,,,ZNF780B
,,,ZNF782
,,,ZNF783
,,,ZNF784
,,,ZNF785
,,,ZNF786
,,,ZNF787
,,,ZNF789
,,,ZNF79
,,,ZNF790
,,,ZNF791
,,,ZNF792
,,,ZNF793
,,,ZNF800
,,,ZNF804A
,,,ZNF804B
,,,ZNF805
,,,ZNF806
,,,ZNF808
,,,ZNF81
,,,ZNF813
,,,ZNF814
,,,ZNF821
,,,ZNF823
,,,ZNF826P
,,,ZNF827
,,,ZNF829
,,,ZNF83
,,,ZNF830
,,,ZNF831
,,,ZNF835
,,,ZNF837
,,,ZNF84
,,,ZNF843
,,,ZNF845
,,,ZNF846
,,,ZNF85
,,,ZNF853
,,,ZNF860
,,,ZNF879
,,,ZNF880
,,,ZNF883
,,,ZNF891
,,,ZNF90
,,,ZNF91
,,,ZNF92
,,,ZNF93
,,,ZNF98
,,,ZNF99
,,,ZNRF2
,,,ZNRF3
,,,ZNRF3-AS1
,,,ZPBP
,,,ZRSR2
,,,ZSCAN1
,,,ZSCAN10
,,,ZSCAN12
,,,ZSCAN16
,,,ZSCAN18
,,,ZSCAN2
,,,ZSCAN20
,,,ZSCAN21
,,,ZSCAN22
,,,ZSCAN23
,,,ZSCAN25
,,,ZSCAN26
,,,ZSCAN29
,,,ZSCAN30
,,,ZSCAN31
,,,ZSCAN32
,,,ZSCAN4
,,,ZSCAN5A
,,,ZSCAN9
,,,ZSWIM1
,,,ZXDA
,,,ZXDB
,,,ZXDC
,,,ZZZ3
